<?xml version="1.0" encoding="UTF-8"?>

<Bundle xmlns="http://hl7.org/fhir">
  <id value="BundleColombiaCo"/>
  <meta>
    <profile value="https://www.minsalud.gov.co/ihc/fhir/StructureDefinition/BundleCo"/>
  </meta>
  <type value="transaction"/>
  <timestamp value="2022-03-03T10:30:00Z"/>
  <entry>
    <fullUrl value="http://acme.com/ehr/fhir/DocumentReference/DocumentReferenceColombia"/>
    <resource>
      <DocumentReference>
        <id value="DocumentReferenceColombia"/>
        <meta>
          <profile value="https://www.minsalud.gov.co/ihc/fhir/StructureDefinition/DocumentReferenceCo"/>
        </meta>
        <text>
          <status value="generated"/><div xmlns="http://www.w3.org/1999/xhtml"><a name="DocumentReference_DocumentReferenceColombia"> </a><p class="res-header-id"><b>Generated Narrative: DocumentReference DocumentReferenceColombia</b></p><a name="DocumentReferenceColombia"> </a><a name="hcDocumentReferenceColombia"> </a><a name="DocumentReferenceColombia-es-CO"> </a><p><b>status</b>: Current</p><p><b>type</b>: <span title="Codes:{http://loinc.org 60591-5}">Patient summary Document</span></p><p><b>subject</b>: <a href="Patient-PacienteColombianoMinimo.html">Luis Alberto Sanchez  Male, DoB: 1974-12-25 ( Cédula ciudadanía: 98765)</a></p><p><b>date</b>: 2022-03-03 10:30:00+0000</p><p><b>author</b>: <a href="Organization/OrganizacionPrestadorEjemplo">Organization/OrganizacionPrestadorEjemplo</a></p><p><b>custodian</b>: <a href="Organization-OrganizacionRegionEjemplo.html">Organization DIRECCION DEPARTAMENTAL DE CUNDINAMARCA</a></p><blockquote><p><b>content</b></p><h3>Attachments</h3><table class="grid"><tr><td style="display: none">-</td><td><b>ContentType</b></td><td><b>Url</b></td></tr><tr><td style="display: none">*</td><td>application/fhir+json</td><td><a href="Composition-CompositionColombia.html">Composition Resumen de Paciente Colombia</a></td></tr></table></blockquote></div>
        </text>
        <status value="current"/>
        <type>
          <coding>
            <system value="http://loinc.org"/>
            <code value="60591-5"/>
          </coding>
        </type>
        <subject>
          <reference value="Patient/PacienteColombianoMinimo"/>
        </subject>
        <date value="2022-03-03T10:30:00Z"/>
        <author>
          <reference value="Organization/OrganizacionPrestadorEjemplo"/>
        </author>
        <custodian>
          <reference value="Organization/OrganizacionRegionEjemplo"/>
        </custodian>
        <content>
          <attachment>
            <contentType value="application/fhir+json"/>
            <url value="Composition/CompositionColombia"/>
          </attachment>
        </content>
      </DocumentReference>
    </resource>
    <request>
      <method value="POST"/>
      <url value="DocumentReference"/>
    </request>
  </entry>
  <entry>
    <fullUrl value="http://acme.com/ehr/fhir/Practitioner/ProfesionalColombia"/>
    <resource>
      <Practitioner>
        <id value="ProfesionalColombia"/>
        <meta>
          <profile value="https://www.minsalud.gov.co/ihc/fhir/StructureDefinition/PractitionerCo"/>
        </meta>
        <text>
          <status value="generated"/><div xmlns="http://www.w3.org/1999/xhtml"><a name="Practitioner_ProfesionalColombia"> </a><p class="res-header-id"><b>Generated Narrative: Practitioner ProfesionalColombia</b></p><a name="ProfesionalColombia"> </a><a name="hcProfesionalColombia"> </a><a name="ProfesionalColombia-es-CO"> </a><p><b>identifier</b>: Cédula ciudadanía/12345</p></div>
        </text>
        <identifier>
          <type>
            <extension url="https://www.minsalud.gov.co/ihc/fhir/StructureDefinition/co-pais">
              <valueCodeableConcept>
                <coding>
                  <system value="https://www.minsalud.gov.co/ihc/fhir/CodeSystem/PaisesCS"/>
                  <code value="170"/>
                </coding>
              </valueCodeableConcept>
            </extension>
            <coding>
              <system value="https://www.minsalud.gov.co/ihc/fhir/CodeSystem/IdspersonaColombia"/>
              <code value="CC"/>
              <display value="Cédula ciudadanía"/>
            </coding>
          </type>
          <value value="12345"/>
          <assigner>
            <display value="Registraduria Nacional"/>
          </assigner>
        </identifier>
      </Practitioner>
    </resource>
    <request>
      <method value="POST"/>
      <url value="Practitioner"/>
    </request>
  </entry>
  <entry>
    <fullUrl value="http://acme.com/ehr/fhir/Composition/CompositionColombia"/>
    <resource>
      <Composition>
        <id value="CompositionColombia"/>
        <meta>
          <profile value="https://www.minsalud.gov.co/ihc/fhir/StructureDefinition/CompositionCo"/>
        </meta>
        <text>
          <status value="generated"/><div xmlns="http://www.w3.org/1999/xhtml"><a name="Composition_CompositionColombia"> </a><p class="res-header-id"><b>Generated Narrative: Composition CompositionColombia</b></p><a name="CompositionColombia"> </a><a name="hcCompositionColombia"> </a><a name="CompositionColombia-es-CO"> </a><p><b>status</b>: Final</p><p><b>type</b>: <span title="Codes:{http://loinc.org 60591-5}">Patient Summary Document</span></p><p><b>date</b>: 2022-03-05 18:30:00+0100</p><p><b>author</b>: <a href="Practitioner-ProfesionalColombia.html">Practitioner: identifier = Cédula ciudadanía: 12345</a></p><p><b>title</b>: Resumen de Paciente Colombia</p><p><b>custodian</b>: <a href="Organization-OrganizacionRegionEjemplo.html">Organization DIRECCION DEPARTAMENTAL DE CUNDINAMARCA</a></p></div>
        </text>
        <status value="final"/>
        <type>
          <coding>
            <system value="http://loinc.org"/>
            <code value="60591-5"/>
            <display value="Patient Summary Document"/>
          </coding>
        </type>
        <subject>
          <reference value="Patient/PacienteColombiano"/>
        </subject>
        <date value="2022-03-05T18:30:00+01:00"/>
        <author>
          <reference value="Practitioner/ProfesionalColombia"/>
        </author>
        <title value="Resumen de Paciente Colombia"/>
        <custodian>
          <reference value="Organization/OrganizacionRegionEjemplo"/>
        </custodian>
        <section>
          <title value="Condiciones del Paciente"/>
          <code>
            <coding>
              <system value="http://loinc.org"/>
              <code value="11450-4"/>
              <display value="Problem list Reported"/>
            </coding>
          </code>
          <text>
            <status value="generated"/><div xmlns="http://www.w3.org/1999/xhtml">CONDICIONES</div>
          </text>
          <entry>
            <reference value="Condition/ConditionColombia"/>
          </entry>
        </section>
        <section>
          <title value="Medicamentos"/>
          <code>
            <coding>
              <system value="http://loinc.org"/>
              <code value="10160-0"/>
              <display value="Hx of Medication use"/>
            </coding>
          </code>
          <text>
            <status value="generated"/><div xmlns="http://www.w3.org/1999/xhtml">MEDICAMENTOS</div>
          </text>
          <entry>
            <reference value="MedicationStatement/MedicationStatementColombia"/>
          </entry>
        </section>
        <section>
          <title value="Alergias"/>
          <code>
            <coding>
              <system value="http://loinc.org"/>
              <code value="48765-2"/>
              <display value="Allergies and adverse reactions Document"/>
            </coding>
          </code>
          <text>
            <status value="generated"/><div xmlns="http://www.w3.org/1999/xhtml">ALERGIAS</div>
          </text>
          <entry>
            <reference value="AllergyIntolerance/AlergiaColombia"/>
          </entry>
        </section>
      </Composition>
    </resource>
    <request>
      <method value="POST"/>
      <url value="Composition"/>
    </request>
  </entry>
  <entry>
    <fullUrl value="http://acme.com/ehr/fhir/Condition/ConditionColombia"/>
    <resource>
      <Condition>
        <id value="ConditionColombia"/>
        <meta>
          <profile value="https://www.minsalud.gov.co/ihc/fhir/StructureDefinition/ConditionCo"/>
        </meta>
        <text>
          <status value="generated"/><div xmlns="http://www.w3.org/1999/xhtml"><a name="Condition_ConditionColombia"> </a><p class="res-header-id"><b>Generated Narrative: Condition ConditionColombia</b></p><a name="ConditionColombia"> </a><a name="hcConditionColombia"> </a><a name="ConditionColombia-es-CO"> </a><p><b>code</b>: <span title="Codes:{http://hl7.org/fhir/sid/icd-10 E10.4}">Diabetes Tipo 1, con complicaciones neurologicas</span></p><p><b>subject</b>: <a href="Patient-PacienteColombiano.html">Miguel Angel López  Male, DoB: 1974-12-25 ( Cédula ciudadanía: 12345)</a></p></div>
        </text>
        <code>
          <coding>
            <system value="http://hl7.org/fhir/sid/icd-10"/>
            <code value="E10.4"/>
            <display value="Type 1 diabetes mellitus : With neurological complications"/>
          </coding>
          <text value="Diabetes Tipo 1, con complicaciones neurologicas"/>
        </code>
        <subject>
          <reference value="Patient/PacienteColombiano"/>
        </subject>
      </Condition>
    </resource>
    <request>
      <method value="POST"/>
      <url value="Condition"/>
    </request>
  </entry>
  <entry>
    <fullUrl value="http://acme.com/ehr/fhir/Patient/PacienteColombianoMinimo"/>
    <resource>
      <Patient>
        <id value="PacienteColombianoMinimo"/>
        <meta>
          <profile value="https://www.minsalud.gov.co/ihc/fhir/StructureDefinition/PacienteCo"/>
        </meta>
        <text>
          <status value="generated"/><div xmlns="http://www.w3.org/1999/xhtml"><a name="Patient_PacienteColombianoMinimo"> </a><p class="res-header-id"><b>Generated Narrative: Patient PacienteColombianoMinimo</b></p><a name="PacienteColombianoMinimo"> </a><a name="hcPacienteColombianoMinimo"> </a><a name="PacienteColombianoMinimo-es-CO"> </a><p style="border: 1px #661aff solid; background-color: #e6e6ff; padding: 10px;">Luis Alberto Sanchez  Male, DoB: 1974-12-25 ( Cédula ciudadanía: 98765)</p><hr/></div>
        </text>
        <identifier>
          <type>
            <extension url="https://www.minsalud.gov.co/ihc/fhir/StructureDefinition/co-pais">
              <valueCodeableConcept>
                <coding>
                  <system value="https://www.minsalud.gov.co/ihc/fhir/CodeSystem/PaisesCS"/>
                  <code value="170"/>
                </coding>
              </valueCodeableConcept>
            </extension>
            <coding>
              <system value="https://www.minsalud.gov.co/ihc/fhir/CodeSystem/IdspersonaColombia"/>
              <code value="CC"/>
              <display value="Cédula ciudadanía"/>
            </coding>
          </type>
          <value value="98765"/>
          <assigner>
            <display value="Registraduria Nacional"/>
          </assigner>
        </identifier>
        <name>
          <family value="Sanchez">
            <extension url="http://hl7.org/fhir/StructureDefinition/humanname-mothers-family">
              <valueString value="Martinez"/>
            </extension>
          </family>
          <given value="Luis"/>
          <given value="Alberto"/>
        </name>
        <gender value="male"/>
        <birthDate value="1974-12-25"/>
      </Patient>
    </resource>
    <request>
      <method value="POST"/>
      <url value="Patient"/>
    </request>
  </entry>
  <entry>
    <fullUrl value="http://acme.com/ehr/fhir/AllergyIntolerance/AlergiaColombia"/>
    <resource>
      <AllergyIntolerance>
        <id value="AlergiaColombia"/>
        <meta>
          <profile value="https://www.minsalud.gov.co/ihc/fhir/StructureDefinition/AlergiaCo"/>
        </meta>
        <text>
          <status value="generated"/><div xmlns="http://www.w3.org/1999/xhtml"><a name="AllergyIntolerance_AlergiaColombia"> </a><p class="res-header-id"><b>Generated Narrative: AllergyIntolerance AlergiaColombia</b></p><a name="AlergiaColombia"> </a><a name="hcAlergiaColombia"> </a><a name="AlergiaColombia-es-CO"> </a><p><b>clinicalStatus</b>: <span title="Codes:{http://terminology.hl7.org/CodeSystem/allergyintolerance-clinical active}">Active</span></p><p><b>verificationStatus</b>: <span title="Codes:{http://terminology.hl7.org/CodeSystem/allergyintolerance-verification confirmed}">Confirmed</span></p><p><b>code</b>: <span title="Codes:">alergia a nueces</span></p><p><b>patient</b>: <a href="Patient-PacienteColombiano.html">Paciente Colombiano</a></p></div>
        </text>
        <extension url="https://www.minsalud.gov.co/ihc/fhir/StructureDefinition/co-AllergyIntolerance-tipo">
          <valueCodeableConcept>
            <coding>
              <system value="https://www.minsalud.gov.co/ihc/fhir/CodeSystem/AlergiasCS"/>
              <code value="03"/>
            </coding>
          </valueCodeableConcept>
        </extension>
        <clinicalStatus>
          <coding>
            <system value="http://terminology.hl7.org/CodeSystem/allergyintolerance-clinical"/>
            <code value="active"/>
          </coding>
        </clinicalStatus>
        <verificationStatus>
          <coding>
            <system value="http://terminology.hl7.org/CodeSystem/allergyintolerance-verification"/>
            <code value="confirmed"/>
          </coding>
        </verificationStatus>
        <code>
          <text value="alergia a nueces"/>
        </code>
        <patient>
          <reference value="Patient/PacienteColombiano"/>
          <display value="Paciente Colombiano"/>
        </patient>
      </AllergyIntolerance>
    </resource>
    <request>
      <method value="POST"/>
      <url value="AllergyIntolerance"/>
    </request>
  </entry>
  <entry>
    <fullUrl value="http://acme.com/ehr/fhir/MedicationStatement/MedicationStatementColombia"/>
    <resource>
      <MedicationStatement>
        <id value="MedicationStatementColombia"/>
        <meta>
          <profile value="https://www.minsalud.gov.co/ihc/fhir/StructureDefinition/MedicationStatementCo"/>
        </meta>
        <text>
          <status value="generated"/><div xmlns="http://www.w3.org/1999/xhtml"><a name="MedicationStatement_MedicationStatementColombia"> </a><p class="res-header-id"><b>Generated Narrative: MedicationStatement MedicationStatementColombia</b></p><a name="MedicationStatementColombia"> </a><a name="hcMedicationStatementColombia"> </a><a name="MedicationStatementColombia-es-CO"> </a><p><b>status</b>: Active</p><p><b>medication</b>: <span title="Codes:{https://www.minsalud.gov.co/CodeSystem/CUMS 20038383}">10.4 MG DE MONTELUKAST SODICO EQUIVALENTE A MONTELUKAST</span></p><p><b>subject</b>: <a href="Patient-PacienteColombiano.html">Miguel Angel López  Male, DoB: 1974-12-25 ( Cédula ciudadanía: 12345)</a></p></div>
        </text>
        <status value="active"/>
        <medicationCodeableConcept>
          <coding>
            <system value="https://www.minsalud.gov.co/CodeSystem/CUMS"/>
            <code value="20038383"/>
            <display value="10.4 MG DE MONTELUKAST SODICO EQUIVALENTE A MONTELUKAST"/>
          </coding>
        </medicationCodeableConcept>
        <subject>
          <reference value="Patient/PacienteColombiano"/>
        </subject>
      </MedicationStatement>
    </resource>
    <request>
      <method value="POST"/>
      <url value="MedicationStatement"/>
    </request>
  </entry>
</Bundle>