<?xml version="1.0" encoding="UTF-8"?>

<ValueSet xmlns="http://hl7.org/fhir">
  <id value="CUMSVS"/>
  <text>
    <status value="generated"/><div xmlns="http://www.w3.org/1999/xhtml"><p class="res-header-id"><b>Generated Narrative: ValueSet CUMSVS</b></p><a name="CUMSVS"> </a><a name="hcCUMSVS"> </a><a name="CUMSVS-es-CO"> </a><ul><li>Include all codes defined in <code>https://www.minsalud.gov.co/CodeSystem/CUMS</code></li></ul></div>
  </text>
  <url value="https://www.minsalud.gov.co/ihc/fhir/ValueSet/CUMSVS"/>
  <version value="0.4.3"/>
  <name value="CUMSVS"/>
  <title value="Codificacion CUMS"/>
  <status value="active"/>
  <experimental value="false"/>
  <date value="2023-01-01T00:00:00-05:00"/>
  <publisher value="MSP Colombia"/>
  <contact>
    <name value="MSP Colombia"/>
    <telecom>
      <system value="url"/>
      <value value="https://www.minsalud.gov.co/"/>
    </telecom>
  </contact>
  <description value="Conjunto de Valores de Codificacion CUMS"/>
  <jurisdiction>
    <coding>
      <system value="urn:iso:std:iso:3166"/>
      <code value="CO"/>
    </coding>
  </jurisdiction>
  <compose>
    <include>
      <system value="https://www.minsalud.gov.co/CodeSystem/CUMS"/>
    </include>
  </compose>
</ValueSet>