<?xml version="1.0" encoding="UTF-8"?>

<ValueSet xmlns="http://hl7.org/fhir">
  <id value="ConjuntoDocumentosVS"/>
  <text>
    <status value="generated"/><div xmlns="http://www.w3.org/1999/xhtml"><p class="res-header-id"><b>Generated Narrative: ValueSet ConjuntoDocumentosVS</b></p><a name="ConjuntoDocumentosVS"> </a><a name="hcConjuntoDocumentosVS"> </a><a name="ConjuntoDocumentosVS-es-CO"> </a><ul><li>Include these codes as defined in <a href="http://loinc.org"><code>http://loinc.org</code></a><table class="none"><tr><td style="white-space:nowrap"><b>Code</b></td><td><b>Display</b></td></tr><tr><td><a href="https://loinc.org/34105-7/">34105-7</a></td><td>Nota de consulta</td></tr><tr><td><a href="https://loinc.org/34133-9/">34133-9</a></td><td>Resumen de alta</td></tr><tr><td><a href="https://loinc.org/34115-6/">34115-6</a></td><td>Nota de consulta de emergencia</td></tr></table></li></ul></div>
  </text>
  <url value="https://www.minsalud.gov.co/ihc/fhir/ValueSet/ConjuntoDocumentosVS"/>
  <version value="0.4.3"/>
  <name value="ConjuntoDocumentosVS"/>
  <title value="ConjuntoDocumentosVS"/>
  <status value="draft"/>
  <date value="2025-03-24T16:25:06-03:00"/>
  <publisher value="MSP Colombia"/>
  <contact>
    <name value="MSP Colombia"/>
    <telecom>
      <system value="url"/>
      <value value="https://www.minsalud.gov.co/"/>
    </telecom>
  </contact>
  <description value="Conjunto de Valores de Documentos."/>
  <jurisdiction>
    <coding>
      <system value="urn:iso:std:iso:3166"/>
      <code value="CO"/>
    </coding>
  </jurisdiction>
  <compose>
    <include>
      <system value="http://loinc.org"/>
      <concept>
        <code value="34105-7"/>
        <display value="Nota de consulta"/>
      </concept>
      <concept>
        <code value="34133-9"/>
        <display value="Resumen de alta"/>
      </concept>
      <concept>
        <code value="34115-6"/>
        <display value="Nota de consulta de emergencia"/>
      </concept>
    </include>
  </compose>
</ValueSet>