{
  "resourceType" : "MedicationStatement",
  "id" : "MedicationStatementColombia2",
  "meta" : {
    "profile" : ["https://www.minsalud.gov.co/ihc/fhir/StructureDefinition/MedicationStatementCo"]
  },
  "text" : {
    "status" : "generated",
    "div" : "<div xmlns=\"http://www.w3.org/1999/xhtml\"><p class=\"res-header-id\"><b>Generated Narrative: MedicationStatement MedicationStatementColombia2</b></p><a name=\"MedicationStatementColombia2\"> </a><a name=\"hcMedicationStatementColombia2\"> </a><a name=\"MedicationStatementColombia2-es-CO\"> </a><p><b>status</b>: Active</p><p><b>medication</b>: <span title=\"Codes:{https://www.minsalud.gov.co/CodeSystem/CUMS 20038383}\">10.4 MG DE MONTELUKAST SODICO EQUIVALENTE A MONTELUKAST</span></p><p><b>subject</b>: <a href=\"Bundle-BundleColombiaCo2.html#urn-uuid-2f8d6332-e339-457d-b5e8-1a140a1f3ea1\">Bundle: type = transaction; timestamp = 2022-03-03 10:30:00+0000</a></p></div>"
  },
  "status" : "active",
  "medicationCodeableConcept" : {
    "coding" : [{
      "system" : "https://www.minsalud.gov.co/CodeSystem/CUMS",
      "code" : "20038383",
      "display" : "10.4 MG DE MONTELUKAST SODICO EQUIVALENTE A MONTELUKAST"
    }]
  },
  "subject" : {
    "reference" : "urn:uuid:2f8d6332-e339-457d-b5e8-1a140a1f3ea1"
  }
}