{
  "resourceType" : "MedicationStatement",
  "id" : "MedicationStatementColombia",
  "meta" : {
    "profile" : ["https://www.minsalud.gov.co/ihc/fhir/StructureDefinition/MedicationStatementCo"]
  },
  "text" : {
    "status" : "generated",
    "div" : "<div xmlns=\"http://www.w3.org/1999/xhtml\"><p class=\"res-header-id\"><b>Generated Narrative: MedicationStatement MedicationStatementColombia</b></p><a name=\"MedicationStatementColombia\"> </a><a name=\"hcMedicationStatementColombia\"> </a><a name=\"MedicationStatementColombia-es-CO\"> </a><p><b>status</b>: Active</p><p><b>medication</b>: <span title=\"Codes:{https://www.minsalud.gov.co/CodeSystem/CUMS 20038383}\">10.4 MG DE MONTELUKAST SODICO EQUIVALENTE A MONTELUKAST</span></p><p><b>subject</b>: <a href=\"Patient-PacienteColombiano.html\">Miguel Angel López  Male, DoB: 1974-12-25 ( Cédula ciudadanía: 12345)</a></p></div>"
  },
  "status" : "active",
  "medicationCodeableConcept" : {
    "coding" : [{
      "system" : "https://www.minsalud.gov.co/CodeSystem/CUMS",
      "code" : "20038383",
      "display" : "10.4 MG DE MONTELUKAST SODICO EQUIVALENTE A MONTELUKAST"
    }]
  },
  "subject" : {
    "reference" : "Patient/PacienteColombiano"
  }
}