{
  "resourceType" : "Patient",
  "id" : "PacienteColombianoCompleto",
  "meta" : {
    "versionId" : "1",
    "lastUpdated" : "2021-10-13T22:23:44.162Z",
    "profile" : ["https://www.minsalud.gov.co/ihc/fhir/StructureDefinition/PacienteCo"]
  },
  "text" : {
    "status" : "generated",
    "div" : "<div xmlns=\"http://www.w3.org/1999/xhtml\"><p class=\"res-header-id\"><b>Generated Narrative: Patient PacienteColombianoCompleto</b></p><a name=\"PacienteColombianoCompleto\"> </a><a name=\"hcPacienteColombianoCompleto\"> </a><a name=\"PacienteColombianoCompleto-es-CO\"> </a><div style=\"display: inline-block; background-color: #d9e0e7; padding: 6px; margin: 4px; border: 1px solid #8da1b4; border-radius: 5px; line-height: 60%\"><p style=\"margin-bottom: 0px\">version: 1; Last updated: 2021-10-13 22:23:44+0000</p><p style=\"margin-bottom: 0px\">Profile: <a href=\"StructureDefinition-PacienteCo.html\">Paciente Co</a></p></div><p style=\"border: 1px #661aff solid; background-color: #e6e6ff; padding: 10px;\">Miguel Angel López  Male, DoB: 1974-12-25 ( Cédula ciudadanía: 12345)</p><hr/><table class=\"grid\"><tr><td style=\"background-color: #f3f5da\" title=\"Ways to contact the Patient\">Contact Detail</td><td colspan=\"3\">Medellín 152 </td></tr><tr><td style=\"background-color: #f3f5da\" title=\"Extensión utilizada para representar Nacionalidad.\"><a href=\"StructureDefinition-co-patient-nacionalidad.html\"/></td><td colspan=\"3\"><span title=\"Codes:{https://www.minsalud.gov.co/ihc/fhir/CodeSystem/PaisesCS 170}\">Colombia</span></td></tr><tr><td style=\"background-color: #f3f5da\" title=\"Extension utilizada dentro del Paciente Co, para representar la comunidad etnica de una persona.\"><a href=\"StructureDefinition-co-patient-comunidadetnica.html\"/></td><td colspan=\"3\">palanquera</td></tr><tr><td style=\"background-color: #f3f5da\" title=\"The gender the patient identifies with. The Patient's gender identity is used as guidance (e.g. for staff) about how to interact with the patient.\"><a href=\"http://hl7.org/fhir/extensions/5.2.0/StructureDefinition-patient-genderIdentity.html\">Gender Identity</a></td><td colspan=\"3\"><span title=\"Codes:{https://www.minsalud.gov.co/ihc/fhir/CodeSystem/IdentidadGeneroCS 03}\">Transgénero</span></td></tr><tr><td style=\"background-color: #f3f5da\" title=\"Value(s) identifying physical or mental condition(s) that limits a person's movements, senses, or activities.\"><a href=\"http://hl7.org/fhir/extensions/5.2.0/StructureDefinition-patient-disability.html\">Patient Disability</a></td><td colspan=\"3\"><span title=\"Codes:{https://www.minsalud.gov.co/ihc/fhir/CodeSystem/DiscapacidadCS 01}\">Discapacidad física</span></td></tr><tr><td style=\"background-color: #f3f5da\" title=\"Extension utilizada entro del Patient para representar Etnia de una persona.\"><a href=\"StructureDefinition-co-patient-etnia.html\"/></td><td colspan=\"3\"><span title=\"Codes:{https://www.minsalud.gov.co/ihc/fhir/CodeSystem/EtniaCS 01}\">Indigena</span></td></tr></table></div>"
  },
  "extension" : [{
    "url" : "http://hl7.org/fhir/StructureDefinition/patient-genderIdentity",
    "valueCodeableConcept" : {
      "coding" : [{
        "system" : "https://www.minsalud.gov.co/ihc/fhir/CodeSystem/IdentidadGeneroCS",
        "code" : "03",
        "display" : "Transgénero"
      }]
    }
  },
  {
    "url" : "http://hl7.org/fhir/StructureDefinition/patient-disability",
    "valueCodeableConcept" : {
      "coding" : [{
        "system" : "https://www.minsalud.gov.co/ihc/fhir/CodeSystem/DiscapacidadCS",
        "code" : "01",
        "display" : "Discapacidad física"
      }]
    }
  },
  {
    "url" : "https://www.minsalud.gov.co/ihc/fhir/StructureDefinition/co-patient-etnia",
    "valueCodeableConcept" : {
      "coding" : [{
        "system" : "https://www.minsalud.gov.co/ihc/fhir/CodeSystem/EtniaCS",
        "code" : "01",
        "display" : "Indigena"
      }]
    }
  },
  {
    "url" : "https://www.minsalud.gov.co/ihc/fhir/StructureDefinition/co-patient-nacionalidad",
    "valueCodeableConcept" : {
      "coding" : [{
        "system" : "https://www.minsalud.gov.co/ihc/fhir/CodeSystem/PaisesCS",
        "code" : "170",
        "display" : "Colombia"
      }]
    }
  },
  {
    "url" : "https://www.minsalud.gov.co/ihc/fhir/StructureDefinition/co-patient-comunidadetnica",
    "valueString" : "palanquera"
  }],
  "identifier" : [{
    "type" : {
      "extension" : [{
        "url" : "https://www.minsalud.gov.co/ihc/fhir/StructureDefinition/co-pais",
        "valueCodeableConcept" : {
          "coding" : [{
            "system" : "https://www.minsalud.gov.co/ihc/fhir/CodeSystem/PaisesCS",
            "code" : "170"
          }]
        }
      }],
      "coding" : [{
        "system" : "https://www.minsalud.gov.co/ihc/fhir/CodeSystem/IdspersonaColombia",
        "code" : "CC",
        "display" : "Cédula ciudadanía"
      }]
    },
    "system" : "http://minsalud.gov.co/ihc/ide/170/CC",
    "value" : "12345",
    "assigner" : {
      "display" : "Registraduria Nacional"
    }
  }],
  "name" : [{
    "family" : "López",
    "_family" : {
      "extension" : [{
        "url" : "http://hl7.org/fhir/StructureDefinition/humanname-mothers-family",
        "valueString" : "Ortíz"
      }]
    },
    "given" : ["Miguel",
    "Angel"]
  }],
  "gender" : "male",
  "birthDate" : "1974-12-25",
  "_birthDate" : {
    "extension" : [{
      "url" : "http://hl7.org/fhir/StructureDefinition/patient-birthTime",
      "valueDateTime" : "1974-12-25T14:35:45-05:00"
    }]
  },
  "address" : [{
    "extension" : [{
      "url" : "https://www.minsalud.gov.co/ihc/fhir/StructureDefinition/co-address-zonaResidencia",
      "valueCodeableConcept" : {
        "coding" : [{
          "system" : "https://www.minsalud.gov.co/ihc/fhir/CodeSystem/ZonaResidenciaCS",
          "code" : "02",
          "display" : "Rural"
        }]
      }
    }],
    "city" : "Medellín",
    "country" : "152"
  }]
}