{
  "resourceType" : "ValueSet",
  "id" : "ConjuntoDocumentosVS",
  "text" : {
    "status" : "generated",
    "div" : "<div xmlns=\"http://www.w3.org/1999/xhtml\"><p class=\"res-header-id\"><b>Generated Narrative: ValueSet ConjuntoDocumentosVS</b></p><a name=\"ConjuntoDocumentosVS\"> </a><a name=\"hcConjuntoDocumentosVS\"> </a><a name=\"ConjuntoDocumentosVS-es-CO\"> </a><ul><li>Include these codes as defined in <a href=\"http://loinc.org\"><code>http://loinc.org</code></a><table class=\"none\"><tr><td style=\"white-space:nowrap\"><b>Code</b></td><td><b>Display</b></td></tr><tr><td><a href=\"https://loinc.org/34105-7/\">34105-7</a></td><td>Nota de consulta</td></tr><tr><td><a href=\"https://loinc.org/34133-9/\">34133-9</a></td><td>Resumen de alta</td></tr><tr><td><a href=\"https://loinc.org/34115-6/\">34115-6</a></td><td>Nota de consulta de emergencia</td></tr></table></li></ul></div>"
  },
  "url" : "https://www.minsalud.gov.co/ihc/fhir/ValueSet/ConjuntoDocumentosVS",
  "version" : "0.4.3",
  "name" : "ConjuntoDocumentosVS",
  "title" : "ConjuntoDocumentosVS",
  "status" : "draft",
  "date" : "2025-03-25T08:49:07-03:00",
  "publisher" : "MSP Colombia",
  "contact" : [{
    "name" : "MSP Colombia",
    "telecom" : [{
      "system" : "url",
      "value" : "https://www.minsalud.gov.co/"
    }]
  }],
  "description" : "Conjunto de Valores de Documentos.",
  "jurisdiction" : [{
    "coding" : [{
      "system" : "urn:iso:std:iso:3166",
      "code" : "CO"
    }]
  }],
  "compose" : {
    "include" : [{
      "system" : "http://loinc.org",
      "concept" : [{
        "code" : "34105-7",
        "display" : "Nota de consulta"
      },
      {
        "code" : "34133-9",
        "display" : "Resumen de alta"
      },
      {
        "code" : "34115-6",
        "display" : "Nota de consulta de emergencia"
      }]
    }]
  }
}