{
  "resourceType" : "ValueSet",
  "id" : "IdentificadoresPersonaVS",
  "text" : {
    "status" : "generated",
    "div" : "<div xmlns=\"http://www.w3.org/1999/xhtml\"><p class=\"res-header-id\"><b>Generated Narrative: ValueSet IdentificadoresPersonaVS</b></p><a name=\"IdentificadoresPersonaVS\"> </a><a name=\"hcIdentificadoresPersonaVS\"> </a><a name=\"IdentificadoresPersonaVS-es-CO\"> </a><ul><li>Include all codes defined in <a href=\"CodeSystem-IdspersonaColombia.html\"><code>https://www.minsalud.gov.co/ihc/fhir/CodeSystem/IdspersonaColombia</code></a></li></ul></div>"
  },
  "url" : "https://www.minsalud.gov.co/ihc/fhir/ValueSet/IdentificadoresPersonaVS",
  "version" : "0.4.3",
  "name" : "IdentificadoresPersonaVS",
  "title" : "Identificadores de Persona",
  "status" : "active",
  "experimental" : false,
  "date" : "2023-01-01T00:00:00-05:00",
  "publisher" : "MSP Colombia",
  "contact" : [{
    "name" : "MSP Colombia",
    "telecom" : [{
      "system" : "url",
      "value" : "https://www.minsalud.gov.co/"
    }]
  }],
  "description" : "Identificadores de Persona Colombia.",
  "jurisdiction" : [{
    "coding" : [{
      "system" : "urn:iso:std:iso:3166",
      "code" : "CO",
      "display" : "Colombia"
    }]
  }],
  "compose" : {
    "include" : [{
      "system" : "https://www.minsalud.gov.co/ihc/fhir/CodeSystem/IdspersonaColombia"
    }]
  }
}