Source File	Size	loadResources	load-configure	scan	loadDepInfo	loadInfo	load	generateSnapshots	checkR4R4B	generateNarratives	validate	loadLists	checkConformanceResources	checkConformanceResources2	checkConformanceResources3	generateLogicalMaps	validateExpressions	scanForUsageStats	checkURLsUnique	processProvenanceDetails	generate1	generate2	generateLogicals	makeDependencies	generateExampleZip	generateValidationPack	scanProfilesForR5	scanExamplesForR5
\fsh-generated\resources\ImplementationGuide-hl7.fhir.co.CoreCO.json	18244	-	0	0	0	0	0	0	6	141	0	0	0	0	0	0	0	0	0	0	207	482	0	0	0	11	0	1
fsh-generated/resources/AllergyIntolerance-AlergiaColombia.json	1039	3	1	0	0	1	0	0	0	66	0	0	0	0	0	0	0	0	0	0	36	64	0	0	0	0	0	0
fsh-generated/resources/AllergyIntolerance-AlergiaColombia2.json	1059	2	0	0	0	0	0	0	0	2	0	0	0	0	0	0	0	0	0	0	37	52	0	0	0	0	0	0
fsh-generated/resources/AllergyIntolerance-AlergiaColombia3.json	1059	2	0	0	0	0	0	0	0	3	0	0	0	0	0	0	0	0	0	0	42	41	0	0	1	0	0	0
fsh-generated/resources/Bundle-BundleColombiaCo.json	10876	11	0	0	0	0	68	0	1	795	0	0	0	0	0	0	0	1	0	0	70	96	0	0	0	0	0	0
fsh-generated/resources/Bundle-BundleColombiaCo2.json	13796	7	0	0	0	0	13	0	1	24	0	0	0	0	0	0	0	0	0	0	92	101	0	0	0	0	0	0
fsh-generated/resources/CodeSystem-AlergiasCS.json	778	5	0	0	0	0	0	0	0	17	0	0	0	0	0	0	0	0	0	0	50	3952	0	0	0	2	0	1
fsh-generated/resources/CodeSystem-DiscapacidadCS.json	1096	5	1	0	0	0	0	0	0	5	0	0	0	0	0	0	0	0	0	0	47	147	0	0	0	0	0	0
fsh-generated/resources/CodeSystem-EtniaCS.json	891	2	0	0	0	0	0	0	0	4	0	0	0	0	0	0	0	0	0	0	45	132	0	0	0	1	0	0
fsh-generated/resources/CodeSystem-IdentidadGeneroCS.json	689	2	0	0	0	0	0	0	0	5	0	0	0	0	0	0	0	0	0	0	42	129	0	0	0	0	0	0
fsh-generated/resources/CodeSystem-IdspersonaColombia.json	1908	2	1	0	0	0	0	0	0	4	0	0	0	0	0	0	0	0	0	0	45	155	0	0	0	1	0	0
fsh-generated/resources/CodeSystem-PaisesCS.json	16665	6	0	0	0	0	0	0	3	27	0	0	0	0	0	0	0	1	0	0	167	355	0	0	0	5	0	0
fsh-generated/resources/CodeSystem-ZonaResidenciaCS.json	507	3	0	0	0	0	0	0	0	3	0	0	0	0	0	0	0	0	0	0	38	122	0	0	0	1	0	0
fsh-generated/resources/Composition-CompositionColombia.json	2184	5	0	0	0	0	0	0	0	2	0	0	0	0	0	0	0	0	0	0	42	65	0	0	0	0	0	0
fsh-generated/resources/Composition-CompositionColombia2.json	2244	4	1	0	0	0	0	0	0	0	0	0	0	0	0	0	0	0	0	0	46	63	0	0	0	0	0	0
fsh-generated/resources/Condition-ConditionColombia.json	522	2	0	0	0	0	0	0	0	1	0	0	0	0	0	0	0	0	0	0	32	43	0	0	0	0	0	0
fsh-generated/resources/Condition-ConditionColombia2.json	542	2	0	0	0	0	0	0	0	0	0	0	0	0	0	0	0	0	0	0	30	47	0	0	0	0	0	0
fsh-generated/resources/DocumentReference-DocumentReferenceColombia.json	785	2	0	0	0	0	0	0	0	5	0	0	0	0	0	0	0	0	0	0	35	52	0	0	0	0	0	0
fsh-generated/resources/DocumentReference-DocumentReferenceColombia2.json	813	4	0	0	0	0	0	0	0	5	0	0	0	0	0	0	0	0	0	0	38	57	0	0	0	0	0	0
fsh-generated/resources/MedicationStatement-MedicationStatementColombia.json	544	3	0	0	0	0	0	0	0	2	0	0	0	0	0	0	0	0	0	0	32	60	0	0	0	0	0	0
fsh-generated/resources/MedicationStatement-MedicationStatementColombia2.json	564	3	0	0	0	0	0	0	0	2	0	0	0	0	0	0	0	0	0	0	33	53	0	0	0	0	0	0
fsh-generated/resources/Organization-OrganizacionPrestadorEjemplo2.json	384	3	0	0	0	0	0	0	0	1	0	0	0	0	0	0	0	0	0	0	35	62	0	0	0	0	0	0
fsh-generated/resources/Organization-OrganizacionRegionEjemplo.json	380	2	0	0	0	0	0	0	1	1	0	0	0	0	0	0	0	0	0	0	29	34	0	0	0	0	0	0
fsh-generated/resources/Patient-PacienteColombiano.json	3684	2	0	0	0	0	0	0	0	2	0	0	0	0	0	0	0	0	0	0	42	47	0	0	1	0	0	0
fsh-generated/resources/Patient-PacienteColombianoCompleto.json	3692	3	0	0	0	0	0	0	0	1	0	0	0	0	0	0	0	0	0	0	52	52	0	0	0	0	0	0
fsh-generated/resources/Patient-PacienteColombianoMinimo.json	1326	3	0	0	0	0	0	0	0	1	0	0	0	0	0	0	0	0	0	0	38	43	0	0	0	0	0	0
fsh-generated/resources/Patient-PacienteExtranjero.json	1467	3	0	0	0	0	0	0	0	2	0	0	0	0	0	0	0	0	0	0	36	49	0	0	0	0	0	0
fsh-generated/resources/Practitioner-ProfesionalColombia.json	956	2	1	0	0	0	0	0	0	0	0	0	0	0	0	0	0	0	0	0	28	32	0	0	0	0	0	0
fsh-generated/resources/Practitioner-ProfesionalColombia2.json	957	3	0	0	0	0	0	0	0	0	0	0	0	0	0	0	0	0	0	0	31	33	0	0	0	0	0	0
fsh-generated/resources/SearchParameter-identifier-country.json	1103	3	0	0	0	0	0	0	1	5	0	0	0	0	0	0	0	0	0	0	43	64	0	0	0	1	0	0
fsh-generated/resources/SearchParameter-identifier-type.json	930	3	0	0	0	0	0	0	0	11	0	0	0	0	0	0	0	0	0	0	55	52	0	0	0	0	0	0
fsh-generated/resources/StructureDefinition-AlergiaCo.json	3065	3	0	0	0	0	0	218	0	64	0	0	1	0	0	0	0	1	0	0	498	2732	0	1	0	15	0	1
fsh-generated/resources/StructureDefinition-BundleCo.json	6858	4	0	0	0	0	0	413	0	65	0	0	0	0	0	0	0	6	0	0	2145	3832	0	0	0	61	0	1
fsh-generated/resources/StructureDefinition-Composition05.json	5029	4	0	0	0	0	0	21	0	9	0	0	0	0	0	0	0	0	0	0	226	497	0	0	0	6	0	0
fsh-generated/resources/StructureDefinition-CompositionCo.json	8647	4	1	0	0	0	0	53	0	172	0	0	0	0	0	0	0	2	0	0	1155	1666	0	0	0	18	0	1
fsh-generated/resources/StructureDefinition-ConditionCo.json	3285	4	0	0	0	0	0	35	0	21	0	0	1	0	0	0	0	1	0	0	528	824	0	0	0	11	0	0
fsh-generated/resources/StructureDefinition-DocRef05.json	2727	3	0	0	0	0	0	17	0	9	0	0	0	0	0	0	0	0	0	0	128	471	0	0	0	3	0	0
fsh-generated/resources/StructureDefinition-DocumentReferenceCo.json	4327	3	0	0	0	0	0	37	0	147	0	0	0	0	0	0	0	1	0	0	799	1244	0	0	0	13	0	1
fsh-generated/resources/StructureDefinition-Encounter05.json	2465	5	0	0	0	0	0	21	0	14	0	0	0	0	0	0	0	1	0	0	89	374	0	0	0	2	0	0
fsh-generated/resources/StructureDefinition-MedicationStatementCo.json	3193	5	0	0	0	0	0	18	0	19	0	0	0	0	0	0	0	0	0	0	310	803	0	0	0	10	0	0
fsh-generated/resources/StructureDefinition-OrganizacionCo.json	2775	4	0	0	0	0	0	27	0	12	0	0	0	0	0	0	0	0	0	0	320	749	0	0	0	10	0	0
fsh-generated/resources/StructureDefinition-PacienteCo.json	10785	10	0	0	0	0	0	35	0	66	0	0	0	0	0	1	0	2	0	0	985	1822	0	0	0	21	1	1
fsh-generated/resources/StructureDefinition-PractitionerCo.json	2985	4	0	0	0	0	0	22	0	26	0	0	0	0	0	0	0	1	0	0	331	843	0	1	0	11	0	0
fsh-generated/resources/StructureDefinition-Section05.json	1040	4	1	0	0	0	0	20	0	6	0	0	0	0	0	0	0	0	0	0	53	286	0	0	0	1	0	0
fsh-generated/resources/StructureDefinition-co-AllergyIntolerance-tipo.json	2374	8	0	0	0	0	0	23	0	13	0	0	1	0	0	0	0	0	0	0	121	618	0	0	1	5	0	0
fsh-generated/resources/StructureDefinition-co-address-zonaResidencia.json	1909	4	0	0	0	0	0	13	0	14	0	0	0	0	0	0	0	0	0	0	98	634	0	0	0	3	0	0
fsh-generated/resources/StructureDefinition-co-pais.json	1811	6	0	0	0	0	0	15	0	13	0	0	0	0	0	0	0	0	0	0	92	447	0	0	0	2	0	0
fsh-generated/resources/StructureDefinition-co-patient-comunidadetnica.json	1735	7	0	0	0	0	0	14	0	12	0	0	0	0	0	0	0	0	0	0	112	526	0	0	0	2	0	1
fsh-generated/resources/StructureDefinition-co-patient-etnia.json	1416	5	0	0	0	0	0	16	0	10	0	0	0	0	0	0	0	0	0	0	78	451	0	0	0	1	0	0
fsh-generated/resources/StructureDefinition-co-patient-nacionalidad.json	1805	7	0	0	0	0	0	14	1	15	0	0	0	0	0	0	0	1	0	0	98	656	0	0	0	3	0	0
fsh-generated/resources/ValueSet-AlergiasVS.json	660	7	0	0	0	0	0	0	0	117	0	0	0	0	0	0	0	0	0	0	35	7814	0	0	0	0	0	0
fsh-generated/resources/ValueSet-CIE10VS.json	667	6	1	0	0	0	0	0	0	5	0	0	0	0	0	0	0	0	0	0	33	5477	0	0	0	0	0	0
fsh-generated/resources/ValueSet-CUMSVS.json	666	2	0	0	0	0	0	0	0	3	0	0	0	0	0	0	0	0	0	0	27	88	0	0	0	0	0	0
fsh-generated/resources/ValueSet-DiscapacidadVS.json	688	7	0	0	0	0	0	0	0	4	0	0	0	0	0	0	0	0	0	0	34	155	0	0	0	0	0	0
fsh-generated/resources/ValueSet-EtniaVS.json	663	4	0	0	0	0	0	0	0	3	0	0	0	0	0	0	0	0	0	0	33	170	0	0	0	0	0	0
fsh-generated/resources/ValueSet-IUMVS.json	660	4	0	0	0	0	0	0	0	3	0	0	0	0	0	0	0	0	0	0	33	114	0	0	0	2	0	0
fsh-generated/resources/ValueSet-IdentidadGeneroVS.json	729	5	0	0	0	0	0	0	1	3	0	0	0	0	0	0	0	0	0	0	33	132	0	0	0	0	0	0
fsh-generated/resources/ValueSet-IdentificadoresPersonaVS.json	748	2	0	0	0	0	0	0	0	3	0	0	0	0	0	0	0	0	0	0	34	162	0	0	0	0	0	0
fsh-generated/resources/ValueSet-IdentificadoresProfesionalVS.json	1286	3	0	0	0	0	0	0	0	5	0	0	0	0	0	0	0	0	0	0	43	146	0	0	0	1	0	0
fsh-generated/resources/ValueSet-PaisesVS.json	720	3	0	0	0	0	0	0	0	2	0	0	0	0	0	0	0	0	0	0	34	1482	0	0	0	0	0	0
fsh-generated/resources/ValueSet-ZonaResidenciaVS.json	725	3	1	0	0	0	0	0	0	3	0	0	0	0	0	0	0	0	0	0	32	106	0	0	0	0	0	0
