{
  "date" : "Sun, 25 Aug, 2024 08:57:00 -0300",
  "doco" : "For each file: start is seconds after start activity occurred. Length = milliseconds activity took",
  "files" : [
    {
      "name" : "\\fsh-generated\\resources\\ImplementationGuide-hl7.fhir.co.CoreCO.json",
      "size" : 18244,
      "processes" : [
        {
          "activity" : "load",
          "start" : 52,
          "length" : 14
        },
        {
          "activity" : "checkR4R4B",
          "start" : 53,
          "length" : 6
        },
        {
          "activity" : "generateNarratives",
          "start" : 53,
          "length" : 141
        },
        {
          "activity" : "validate",
          "start" : 61,
          "length" : 1167
        },
        {
          "activity" : "generate1",
          "start" : 63,
          "length" : 207
        },
        {
          "activity" : "generate2",
          "start" : 81,
          "length" : 482
        },
        {
          "activity" : "generateExampleZip",
          "start" : 174,
          "length" : 1
        },
        {
          "activity" : "generateValidationPack",
          "start" : 175,
          "length" : 11
        },
        {
          "activity" : "scanExamplesForR5",
          "start" : 208,
          "length" : 1
        }
      ]
    },
    {
      "name" : "fsh-generated/resources/AllergyIntolerance-AlergiaColombia.json",
      "size" : 1039,
      "processes" : [
        {
          "activity" : "loadResources",
          "start" : 51,
          "length" : 3
        },
        {
          "activity" : "load-configure",
          "start" : 52,
          "length" : 1
        },
        {
          "activity" : "loadInfo",
          "start" : 52,
          "length" : 1
        },
        {
          "activity" : "generateNarratives",
          "start" : 53,
          "length" : 66
        },
        {
          "activity" : "validate",
          "start" : 62,
          "length" : 28
        },
        {
          "activity" : "generate1",
          "start" : 64,
          "length" : 36
        },
        {
          "activity" : "generate2",
          "start" : 81,
          "length" : 64
        }
      ]
    },
    {
      "name" : "fsh-generated/resources/AllergyIntolerance-AlergiaColombia2.json",
      "size" : 1059,
      "processes" : [
        {
          "activity" : "loadResources",
          "start" : 51,
          "length" : 2
        },
        {
          "activity" : "generateNarratives",
          "start" : 53,
          "length" : 2
        },
        {
          "activity" : "validate",
          "start" : 62,
          "length" : 9
        },
        {
          "activity" : "generate1",
          "start" : 64,
          "length" : 37
        },
        {
          "activity" : "generate2",
          "start" : 81,
          "length" : 52
        }
      ]
    },
    {
      "name" : "fsh-generated/resources/AllergyIntolerance-AlergiaColombia3.json",
      "size" : 1059,
      "processes" : [
        {
          "activity" : "loadResources",
          "start" : 51,
          "length" : 2
        },
        {
          "activity" : "generateNarratives",
          "start" : 53,
          "length" : 3
        },
        {
          "activity" : "validate",
          "start" : 62,
          "length" : 13
        },
        {
          "activity" : "generate1",
          "start" : 64,
          "length" : 42
        },
        {
          "activity" : "generate2",
          "start" : 81,
          "length" : 41
        },
        {
          "activity" : "generateExampleZip",
          "start" : 173,
          "length" : 1
        }
      ]
    },
    {
      "name" : "fsh-generated/resources/Bundle-BundleColombiaCo.json",
      "size" : 10876,
      "processes" : [
        {
          "activity" : "loadResources",
          "start" : 51,
          "length" : 11
        },
        {
          "activity" : "load",
          "start" : 52,
          "length" : 68
        },
        {
          "activity" : "load",
          "start" : 52,
          "length" : 1
        },
        {
          "activity" : "checkR4R4B",
          "start" : 53,
          "length" : 1
        },
        {
          "activity" : "generateNarratives",
          "start" : 53,
          "length" : 795
        },
        {
          "activity" : "scanForUsageStats",
          "start" : 62,
          "length" : 1
        },
        {
          "activity" : "validate",
          "start" : 62,
          "length" : 364
        },
        {
          "activity" : "generate1",
          "start" : 64,
          "length" : 70
        },
        {
          "activity" : "generate2",
          "start" : 81,
          "length" : 96
        }
      ]
    },
    {
      "name" : "fsh-generated/resources/Bundle-BundleColombiaCo2.json",
      "size" : 13796,
      "processes" : [
        {
          "activity" : "loadResources",
          "start" : 51,
          "length" : 7
        },
        {
          "activity" : "load",
          "start" : 52,
          "length" : 13
        },
        {
          "activity" : "load",
          "start" : 52,
          "length" : 1
        },
        {
          "activity" : "checkR4R4B",
          "start" : 53,
          "length" : 1
        },
        {
          "activity" : "generateNarratives",
          "start" : 54,
          "length" : 24
        },
        {
          "activity" : "validate",
          "start" : 63,
          "length" : 217
        },
        {
          "activity" : "generate1",
          "start" : 64,
          "length" : 92
        },
        {
          "activity" : "generate2",
          "start" : 81,
          "length" : 101
        }
      ]
    },
    {
      "name" : "fsh-generated/resources/CodeSystem-AlergiasCS.json",
      "size" : 778,
      "processes" : [
        {
          "activity" : "loadResources",
          "start" : 51,
          "length" : 5
        },
        {
          "activity" : "load",
          "start" : 52,
          "length" : 17
        },
        {
          "activity" : "generateNarratives",
          "start" : 54,
          "length" : 17
        },
        {
          "activity" : "validate",
          "start" : 55,
          "length" : 72
        },
        {
          "activity" : "generate1",
          "start" : 64,
          "length" : 50
        },
        {
          "activity" : "generate2",
          "start" : 82,
          "length" : 3952
        },
        {
          "activity" : "generateValidationPack",
          "start" : 175,
          "length" : 2
        },
        {
          "activity" : "scanExamplesForR5",
          "start" : 208,
          "length" : 1
        }
      ]
    },
    {
      "name" : "fsh-generated/resources/CodeSystem-DiscapacidadCS.json",
      "size" : 1096,
      "processes" : [
        {
          "activity" : "loadResources",
          "start" : 51,
          "length" : 5
        },
        {
          "activity" : "load-configure",
          "start" : 52,
          "length" : 1
        },
        {
          "activity" : "load",
          "start" : 52,
          "length" : 3
        },
        {
          "activity" : "generateNarratives",
          "start" : 54,
          "length" : 5
        },
        {
          "activity" : "validate",
          "start" : 55,
          "length" : 13
        },
        {
          "activity" : "generate1",
          "start" : 64,
          "length" : 47
        },
        {
          "activity" : "generate2",
          "start" : 85,
          "length" : 147
        }
      ]
    },
    {
      "name" : "fsh-generated/resources/CodeSystem-EtniaCS.json",
      "size" : 891,
      "processes" : [
        {
          "activity" : "loadResources",
          "start" : 51,
          "length" : 2
        },
        {
          "activity" : "load",
          "start" : 52,
          "length" : 5
        },
        {
          "activity" : "generateNarratives",
          "start" : 54,
          "length" : 4
        },
        {
          "activity" : "validate",
          "start" : 55,
          "length" : 12
        },
        {
          "activity" : "generate1",
          "start" : 64,
          "length" : 45
        },
        {
          "activity" : "generate2",
          "start" : 86,
          "length" : 132
        },
        {
          "activity" : "generateValidationPack",
          "start" : 175,
          "length" : 1
        }
      ]
    },
    {
      "name" : "fsh-generated/resources/CodeSystem-IdentidadGeneroCS.json",
      "size" : 689,
      "processes" : [
        {
          "activity" : "loadResources",
          "start" : 51,
          "length" : 2
        },
        {
          "activity" : "load",
          "start" : 52,
          "length" : 4
        },
        {
          "activity" : "generateNarratives",
          "start" : 54,
          "length" : 5
        },
        {
          "activity" : "validate",
          "start" : 55,
          "length" : 8
        },
        {
          "activity" : "generate1",
          "start" : 64,
          "length" : 42
        },
        {
          "activity" : "generate2",
          "start" : 86,
          "length" : 129
        }
      ]
    },
    {
      "name" : "fsh-generated/resources/CodeSystem-IdspersonaColombia.json",
      "size" : 1908,
      "processes" : [
        {
          "activity" : "loadResources",
          "start" : 51,
          "length" : 2
        },
        {
          "activity" : "load-configure",
          "start" : 52,
          "length" : 1
        },
        {
          "activity" : "load",
          "start" : 52,
          "length" : 9
        },
        {
          "activity" : "generateNarratives",
          "start" : 54,
          "length" : 4
        },
        {
          "activity" : "validate",
          "start" : 55,
          "length" : 11
        },
        {
          "activity" : "generate1",
          "start" : 64,
          "length" : 45
        },
        {
          "activity" : "generate2",
          "start" : 86,
          "length" : 155
        },
        {
          "activity" : "generateValidationPack",
          "start" : 175,
          "length" : 1
        }
      ]
    },
    {
      "name" : "fsh-generated/resources/CodeSystem-PaisesCS.json",
      "size" : 16665,
      "processes" : [
        {
          "activity" : "loadResources",
          "start" : 51,
          "length" : 6
        },
        {
          "activity" : "load",
          "start" : 52,
          "length" : 13
        },
        {
          "activity" : "checkR4R4B",
          "start" : 53,
          "length" : 3
        },
        {
          "activity" : "generateNarratives",
          "start" : 54,
          "length" : 27
        },
        {
          "activity" : "validate",
          "start" : 55,
          "length" : 119
        },
        {
          "activity" : "scanForUsageStats",
          "start" : 62,
          "length" : 1
        },
        {
          "activity" : "generate1",
          "start" : 64,
          "length" : 167
        },
        {
          "activity" : "generate2",
          "start" : 86,
          "length" : 355
        },
        {
          "activity" : "generateValidationPack",
          "start" : 175,
          "length" : 5
        }
      ]
    },
    {
      "name" : "fsh-generated/resources/CodeSystem-ZonaResidenciaCS.json",
      "size" : 507,
      "processes" : [
        {
          "activity" : "loadResources",
          "start" : 51,
          "length" : 3
        },
        {
          "activity" : "load",
          "start" : 52,
          "length" : 3
        },
        {
          "activity" : "generateNarratives",
          "start" : 54,
          "length" : 3
        },
        {
          "activity" : "validate",
          "start" : 55,
          "length" : 7
        },
        {
          "activity" : "generate1",
          "start" : 64,
          "length" : 38
        },
        {
          "activity" : "generate2",
          "start" : 86,
          "length" : 122
        },
        {
          "activity" : "generateValidationPack",
          "start" : 175,
          "length" : 1
        }
      ]
    },
    {
      "name" : "fsh-generated/resources/Composition-CompositionColombia.json",
      "size" : 2184,
      "processes" : [
        {
          "activity" : "loadResources",
          "start" : 51,
          "length" : 5
        },
        {
          "activity" : "load",
          "start" : 52,
          "length" : 1
        },
        {
          "activity" : "generateNarratives",
          "start" : 54,
          "length" : 2
        },
        {
          "activity" : "validate",
          "start" : 63,
          "length" : 35
        },
        {
          "activity" : "generate1",
          "start" : 64,
          "length" : 42
        },
        {
          "activity" : "generate2",
          "start" : 86,
          "length" : 65
        }
      ]
    },
    {
      "name" : "fsh-generated/resources/Composition-CompositionColombia2.json",
      "size" : 2244,
      "processes" : [
        {
          "activity" : "loadResources",
          "start" : 51,
          "length" : 4
        },
        {
          "activity" : "load-configure",
          "start" : 52,
          "length" : 1
        },
        {
          "activity" : "validate",
          "start" : 63,
          "length" : 30
        },
        {
          "activity" : "generate1",
          "start" : 64,
          "length" : 46
        },
        {
          "activity" : "generate2",
          "start" : 87,
          "length" : 63
        }
      ]
    },
    {
      "name" : "fsh-generated/resources/Condition-ConditionColombia.json",
      "size" : 522,
      "processes" : [
        {
          "activity" : "loadResources",
          "start" : 51,
          "length" : 2
        },
        {
          "activity" : "generateNarratives",
          "start" : 54,
          "length" : 1
        },
        {
          "activity" : "validate",
          "start" : 63,
          "length" : 6
        },
        {
          "activity" : "generate1",
          "start" : 64,
          "length" : 32
        },
        {
          "activity" : "generate2",
          "start" : 87,
          "length" : 43
        }
      ]
    },
    {
      "name" : "fsh-generated/resources/Condition-ConditionColombia2.json",
      "size" : 542,
      "processes" : [
        {
          "activity" : "loadResources",
          "start" : 51,
          "length" : 2
        },
        {
          "activity" : "validate",
          "start" : 63,
          "length" : 6
        },
        {
          "activity" : "generate1",
          "start" : 64,
          "length" : 30
        },
        {
          "activity" : "generate2",
          "start" : 87,
          "length" : 47
        }
      ]
    },
    {
      "name" : "fsh-generated/resources/DocumentReference-DocumentReferenceColombia.json",
      "size" : 785,
      "processes" : [
        {
          "activity" : "loadResources",
          "start" : 51,
          "length" : 2
        },
        {
          "activity" : "generateNarratives",
          "start" : 54,
          "length" : 5
        },
        {
          "activity" : "validate",
          "start" : 63,
          "length" : 13
        },
        {
          "activity" : "generate1",
          "start" : 64,
          "length" : 35
        },
        {
          "activity" : "generate2",
          "start" : 87,
          "length" : 52
        }
      ]
    },
    {
      "name" : "fsh-generated/resources/DocumentReference-DocumentReferenceColombia2.json",
      "size" : 813,
      "processes" : [
        {
          "activity" : "loadResources",
          "start" : 51,
          "length" : 4
        },
        {
          "activity" : "generateNarratives",
          "start" : 54,
          "length" : 5
        },
        {
          "activity" : "validate",
          "start" : 63,
          "length" : 20
        },
        {
          "activity" : "generate1",
          "start" : 64,
          "length" : 38
        },
        {
          "activity" : "generate2",
          "start" : 87,
          "length" : 57
        }
      ]
    },
    {
      "name" : "fsh-generated/resources/MedicationStatement-MedicationStatementColombia.json",
      "size" : 544,
      "processes" : [
        {
          "activity" : "loadResources",
          "start" : 51,
          "length" : 3
        },
        {
          "activity" : "generateNarratives",
          "start" : 54,
          "length" : 2
        },
        {
          "activity" : "validate",
          "start" : 63,
          "length" : 8
        },
        {
          "activity" : "generate1",
          "start" : 65,
          "length" : 32
        },
        {
          "activity" : "generate2",
          "start" : 87,
          "length" : 60
        }
      ]
    },
    {
      "name" : "fsh-generated/resources/MedicationStatement-MedicationStatementColombia2.json",
      "size" : 564,
      "processes" : [
        {
          "activity" : "loadResources",
          "start" : 51,
          "length" : 3
        },
        {
          "activity" : "generateNarratives",
          "start" : 54,
          "length" : 2
        },
        {
          "activity" : "validate",
          "start" : 63,
          "length" : 7
        },
        {
          "activity" : "generate1",
          "start" : 65,
          "length" : 33
        },
        {
          "activity" : "generate2",
          "start" : 87,
          "length" : 53
        },
        {
          "activity" : "generateExampleZip",
          "start" : 174,
          "length" : 1
        }
      ]
    },
    {
      "name" : "fsh-generated/resources/Organization-OrganizacionPrestadorEjemplo2.json",
      "size" : 384,
      "processes" : [
        {
          "activity" : "loadResources",
          "start" : 51,
          "length" : 3
        },
        {
          "activity" : "generateNarratives",
          "start" : 54,
          "length" : 1
        },
        {
          "activity" : "validate",
          "start" : 63,
          "length" : 6
        },
        {
          "activity" : "generate1",
          "start" : 65,
          "length" : 35
        },
        {
          "activity" : "generate2",
          "start" : 87,
          "length" : 62
        }
      ]
    },
    {
      "name" : "fsh-generated/resources/Organization-OrganizacionRegionEjemplo.json",
      "size" : 380,
      "processes" : [
        {
          "activity" : "loadResources",
          "start" : 51,
          "length" : 2
        },
        {
          "activity" : "checkR4R4B",
          "start" : 53,
          "length" : 1
        },
        {
          "activity" : "generateNarratives",
          "start" : 54,
          "length" : 1
        },
        {
          "activity" : "validate",
          "start" : 63,
          "length" : 4
        },
        {
          "activity" : "generate1",
          "start" : 65,
          "length" : 29
        },
        {
          "activity" : "generate2",
          "start" : 87,
          "length" : 34
        }
      ]
    },
    {
      "name" : "fsh-generated/resources/Patient-PacienteColombiano.json",
      "size" : 3684,
      "processes" : [
        {
          "activity" : "loadResources",
          "start" : 51,
          "length" : 2
        },
        {
          "activity" : "generateNarratives",
          "start" : 54,
          "length" : 2
        },
        {
          "activity" : "validate",
          "start" : 63,
          "length" : 63
        },
        {
          "activity" : "generate1",
          "start" : 65,
          "length" : 42
        },
        {
          "activity" : "generate2",
          "start" : 87,
          "length" : 47
        },
        {
          "activity" : "generateExampleZip",
          "start" : 173,
          "length" : 1
        }
      ]
    },
    {
      "name" : "fsh-generated/resources/Patient-PacienteColombianoCompleto.json",
      "size" : 3692,
      "processes" : [
        {
          "activity" : "loadResources",
          "start" : 51,
          "length" : 3
        },
        {
          "activity" : "generateNarratives",
          "start" : 54,
          "length" : 1
        },
        {
          "activity" : "validate",
          "start" : 63,
          "length" : 38
        },
        {
          "activity" : "generate1",
          "start" : 65,
          "length" : 52
        },
        {
          "activity" : "generate2",
          "start" : 87,
          "length" : 52
        }
      ]
    },
    {
      "name" : "fsh-generated/resources/Patient-PacienteColombianoMinimo.json",
      "size" : 1326,
      "processes" : [
        {
          "activity" : "loadResources",
          "start" : 51,
          "length" : 3
        },
        {
          "activity" : "generateNarratives",
          "start" : 54,
          "length" : 1
        },
        {
          "activity" : "validate",
          "start" : 63,
          "length" : 9
        },
        {
          "activity" : "generate1",
          "start" : 65,
          "length" : 38
        },
        {
          "activity" : "generate2",
          "start" : 87,
          "length" : 43
        }
      ]
    },
    {
      "name" : "fsh-generated/resources/Patient-PacienteExtranjero.json",
      "size" : 1467,
      "processes" : [
        {
          "activity" : "loadResources",
          "start" : 51,
          "length" : 3
        },
        {
          "activity" : "generateNarratives",
          "start" : 54,
          "length" : 2
        },
        {
          "activity" : "validate",
          "start" : 63,
          "length" : 9
        },
        {
          "activity" : "generate1",
          "start" : 65,
          "length" : 36
        },
        {
          "activity" : "generate2",
          "start" : 87,
          "length" : 49
        }
      ]
    },
    {
      "name" : "fsh-generated/resources/Practitioner-ProfesionalColombia.json",
      "size" : 956,
      "processes" : [
        {
          "activity" : "loadResources",
          "start" : 51,
          "length" : 2
        },
        {
          "activity" : "load-configure",
          "start" : 52,
          "length" : 1
        },
        {
          "activity" : "validate",
          "start" : 63,
          "length" : 9
        },
        {
          "activity" : "generate1",
          "start" : 65,
          "length" : 28
        },
        {
          "activity" : "generate2",
          "start" : 87,
          "length" : 32
        }
      ]
    },
    {
      "name" : "fsh-generated/resources/Practitioner-ProfesionalColombia2.json",
      "size" : 957,
      "processes" : [
        {
          "activity" : "loadResources",
          "start" : 51,
          "length" : 3
        },
        {
          "activity" : "validate",
          "start" : 63,
          "length" : 7
        },
        {
          "activity" : "generate1",
          "start" : 65,
          "length" : 31
        },
        {
          "activity" : "generate2",
          "start" : 87,
          "length" : 33
        }
      ]
    },
    {
      "name" : "fsh-generated/resources/SearchParameter-identifier-country.json",
      "size" : 1103,
      "processes" : [
        {
          "activity" : "loadResources",
          "start" : 51,
          "length" : 3
        },
        {
          "activity" : "load",
          "start" : 52,
          "length" : 16
        },
        {
          "activity" : "load",
          "start" : 52,
          "length" : 2
        },
        {
          "activity" : "checkR4R4B",
          "start" : 53,
          "length" : 1
        },
        {
          "activity" : "generateNarratives",
          "start" : 54,
          "length" : 5
        },
        {
          "activity" : "validate",
          "start" : 61,
          "length" : 48
        },
        {
          "activity" : "generate1",
          "start" : 65,
          "length" : 43
        },
        {
          "activity" : "generate2",
          "start" : 87,
          "length" : 64
        },
        {
          "activity" : "generateValidationPack",
          "start" : 175,
          "length" : 1
        }
      ]
    },
    {
      "name" : "fsh-generated/resources/SearchParameter-identifier-type.json",
      "size" : 930,
      "processes" : [
        {
          "activity" : "loadResources",
          "start" : 51,
          "length" : 3
        },
        {
          "activity" : "load",
          "start" : 52,
          "length" : 5
        },
        {
          "activity" : "load",
          "start" : 52,
          "length" : 4
        },
        {
          "activity" : "generateNarratives",
          "start" : 54,
          "length" : 11
        },
        {
          "activity" : "validate",
          "start" : 61,
          "length" : 6
        },
        {
          "activity" : "generate1",
          "start" : 65,
          "length" : 55
        },
        {
          "activity" : "generate2",
          "start" : 87,
          "length" : 52
        }
      ]
    },
    {
      "name" : "fsh-generated/resources/StructureDefinition-AlergiaCo.json",
      "size" : 3065,
      "processes" : [
        {
          "activity" : "loadResources",
          "start" : 51,
          "length" : 3
        },
        {
          "activity" : "load",
          "start" : 52,
          "length" : 8
        },
        {
          "activity" : "generateSnapshots",
          "start" : 52,
          "length" : 218
        },
        {
          "activity" : "generateNarratives",
          "start" : 54,
          "length" : 64
        },
        {
          "activity" : "validate",
          "start" : 56,
          "length" : 702
        },
        {
          "activity" : "checkConformanceResources",
          "start" : 62,
          "length" : 1
        },
        {
          "activity" : "scanForUsageStats",
          "start" : 62,
          "length" : 1
        },
        {
          "activity" : "generate1",
          "start" : 65,
          "length" : 498
        },
        {
          "activity" : "generate2",
          "start" : 87,
          "length" : 2732
        },
        {
          "activity" : "makeDependencies",
          "start" : 137,
          "length" : 1
        },
        {
          "activity" : "generateValidationPack",
          "start" : 175,
          "length" : 15
        },
        {
          "activity" : "scanExamplesForR5",
          "start" : 208,
          "length" : 1
        }
      ]
    },
    {
      "name" : "fsh-generated/resources/StructureDefinition-BundleCo.json",
      "size" : 6858,
      "processes" : [
        {
          "activity" : "loadResources",
          "start" : 51,
          "length" : 4
        },
        {
          "activity" : "load",
          "start" : 52,
          "length" : 11
        },
        {
          "activity" : "generateSnapshots",
          "start" : 52,
          "length" : 413
        },
        {
          "activity" : "generateNarratives",
          "start" : 54,
          "length" : 65
        },
        {
          "activity" : "validate",
          "start" : 56,
          "length" : 1462
        },
        {
          "activity" : "scanForUsageStats",
          "start" : 62,
          "length" : 6
        },
        {
          "activity" : "generate1",
          "start" : 65,
          "length" : 2145
        },
        {
          "activity" : "generate2",
          "start" : 90,
          "length" : 3832
        },
        {
          "activity" : "generateValidationPack",
          "start" : 175,
          "length" : 61
        },
        {
          "activity" : "scanExamplesForR5",
          "start" : 208,
          "length" : 1
        }
      ]
    },
    {
      "name" : "fsh-generated/resources/StructureDefinition-Composition05.json",
      "size" : 5029,
      "processes" : [
        {
          "activity" : "loadResources",
          "start" : 51,
          "length" : 4
        },
        {
          "activity" : "load",
          "start" : 52,
          "length" : 6
        },
        {
          "activity" : "generateSnapshots",
          "start" : 53,
          "length" : 21
        },
        {
          "activity" : "generateNarratives",
          "start" : 54,
          "length" : 9
        },
        {
          "activity" : "validate",
          "start" : 58,
          "length" : 95
        },
        {
          "activity" : "generate1",
          "start" : 68,
          "length" : 226
        },
        {
          "activity" : "generate2",
          "start" : 94,
          "length" : 497
        },
        {
          "activity" : "generateExampleZip",
          "start" : 174,
          "length" : 1
        },
        {
          "activity" : "generateValidationPack",
          "start" : 175,
          "length" : 6
        }
      ]
    },
    {
      "name" : "fsh-generated/resources/StructureDefinition-CompositionCo.json",
      "size" : 8647,
      "processes" : [
        {
          "activity" : "loadResources",
          "start" : 51,
          "length" : 4
        },
        {
          "activity" : "load-configure",
          "start" : 52,
          "length" : 1
        },
        {
          "activity" : "load",
          "start" : 52,
          "length" : 10
        },
        {
          "activity" : "generateSnapshots",
          "start" : 53,
          "length" : 53
        },
        {
          "activity" : "generateNarratives",
          "start" : 54,
          "length" : 172
        },
        {
          "activity" : "validate",
          "start" : 58,
          "length" : 789
        },
        {
          "activity" : "scanForUsageStats",
          "start" : 62,
          "length" : 2
        },
        {
          "activity" : "generate1",
          "start" : 68,
          "length" : 1155
        },
        {
          "activity" : "generate2",
          "start" : 94,
          "length" : 1666
        },
        {
          "activity" : "generateValidationPack",
          "start" : 175,
          "length" : 18
        },
        {
          "activity" : "scanExamplesForR5",
          "start" : 208,
          "length" : 1
        }
      ]
    },
    {
      "name" : "fsh-generated/resources/StructureDefinition-ConditionCo.json",
      "size" : 3285,
      "processes" : [
        {
          "activity" : "loadResources",
          "start" : 51,
          "length" : 4
        },
        {
          "activity" : "load",
          "start" : 52,
          "length" : 5
        },
        {
          "activity" : "generateSnapshots",
          "start" : 53,
          "length" : 35
        },
        {
          "activity" : "generateNarratives",
          "start" : 55,
          "length" : 21
        },
        {
          "activity" : "validate",
          "start" : 59,
          "length" : 292
        },
        {
          "activity" : "checkConformanceResources",
          "start" : 62,
          "length" : 1
        },
        {
          "activity" : "scanForUsageStats",
          "start" : 62,
          "length" : 1
        },
        {
          "activity" : "generate1",
          "start" : 69,
          "length" : 528
        },
        {
          "activity" : "generate2",
          "start" : 96,
          "length" : 824
        },
        {
          "activity" : "generateValidationPack",
          "start" : 175,
          "length" : 11
        }
      ]
    },
    {
      "name" : "fsh-generated/resources/StructureDefinition-DocRef05.json",
      "size" : 2727,
      "processes" : [
        {
          "activity" : "loadResources",
          "start" : 51,
          "length" : 3
        },
        {
          "activity" : "load",
          "start" : 52,
          "length" : 5
        },
        {
          "activity" : "generateSnapshots",
          "start" : 53,
          "length" : 17
        },
        {
          "activity" : "generateNarratives",
          "start" : 55,
          "length" : 9
        },
        {
          "activity" : "validate",
          "start" : 59,
          "length" : 26
        },
        {
          "activity" : "generate1",
          "start" : 70,
          "length" : 128
        },
        {
          "activity" : "generate2",
          "start" : 97,
          "length" : 471
        },
        {
          "activity" : "generateExampleZip",
          "start" : 174,
          "length" : 1
        },
        {
          "activity" : "generateValidationPack",
          "start" : 175,
          "length" : 3
        }
      ]
    },
    {
      "name" : "fsh-generated/resources/StructureDefinition-DocumentReferenceCo.json",
      "size" : 4327,
      "processes" : [
        {
          "activity" : "loadResources",
          "start" : 51,
          "length" : 3
        },
        {
          "activity" : "load",
          "start" : 52,
          "length" : 6
        },
        {
          "activity" : "generateSnapshots",
          "start" : 53,
          "length" : 37
        },
        {
          "activity" : "generateNarratives",
          "start" : 55,
          "length" : 147
        },
        {
          "activity" : "validate",
          "start" : 59,
          "length" : 347
        },
        {
          "activity" : "scanForUsageStats",
          "start" : 62,
          "length" : 1
        },
        {
          "activity" : "generate1",
          "start" : 70,
          "length" : 799
        },
        {
          "activity" : "generate2",
          "start" : 97,
          "length" : 1244
        },
        {
          "activity" : "generateValidationPack",
          "start" : 175,
          "length" : 13
        },
        {
          "activity" : "scanExamplesForR5",
          "start" : 208,
          "length" : 1
        }
      ]
    },
    {
      "name" : "fsh-generated/resources/StructureDefinition-Encounter05.json",
      "size" : 2465,
      "processes" : [
        {
          "activity" : "loadResources",
          "start" : 51,
          "length" : 5
        },
        {
          "activity" : "load",
          "start" : 52,
          "length" : 4
        },
        {
          "activity" : "generateSnapshots",
          "start" : 53,
          "length" : 21
        },
        {
          "activity" : "generateNarratives",
          "start" : 55,
          "length" : 14
        },
        {
          "activity" : "validate",
          "start" : 59,
          "length" : 19
        },
        {
          "activity" : "scanForUsageStats",
          "start" : 62,
          "length" : 1
        },
        {
          "activity" : "generate1",
          "start" : 70,
          "length" : 89
        },
        {
          "activity" : "generate2",
          "start" : 99,
          "length" : 374
        },
        {
          "activity" : "generateValidationPack",
          "start" : 175,
          "length" : 2
        }
      ]
    },
    {
      "name" : "fsh-generated/resources/StructureDefinition-MedicationStatementCo.json",
      "size" : 3193,
      "processes" : [
        {
          "activity" : "loadResources",
          "start" : 51,
          "length" : 5
        },
        {
          "activity" : "load",
          "start" : 52,
          "length" : 5
        },
        {
          "activity" : "generateSnapshots",
          "start" : 53,
          "length" : 18
        },
        {
          "activity" : "generateNarratives",
          "start" : 55,
          "length" : 19
        },
        {
          "activity" : "validate",
          "start" : 59,
          "length" : 219
        },
        {
          "activity" : "generate1",
          "start" : 71,
          "length" : 310
        },
        {
          "activity" : "generate2",
          "start" : 99,
          "length" : 803
        },
        {
          "activity" : "generateValidationPack",
          "start" : 175,
          "length" : 10
        }
      ]
    },
    {
      "name" : "fsh-generated/resources/StructureDefinition-OrganizacionCo.json",
      "size" : 2775,
      "processes" : [
        {
          "activity" : "loadResources",
          "start" : 51,
          "length" : 4
        },
        {
          "activity" : "load",
          "start" : 52,
          "length" : 4
        },
        {
          "activity" : "generateSnapshots",
          "start" : 53,
          "length" : 27
        },
        {
          "activity" : "generateNarratives",
          "start" : 55,
          "length" : 12
        },
        {
          "activity" : "validate",
          "start" : 59,
          "length" : 166
        },
        {
          "activity" : "generate1",
          "start" : 71,
          "length" : 320
        },
        {
          "activity" : "generate2",
          "start" : 100,
          "length" : 749
        },
        {
          "activity" : "generateValidationPack",
          "start" : 175,
          "length" : 10
        }
      ]
    },
    {
      "name" : "fsh-generated/resources/StructureDefinition-PacienteCo.json",
      "size" : 10785,
      "processes" : [
        {
          "activity" : "loadResources",
          "start" : 51,
          "length" : 10
        },
        {
          "activity" : "load",
          "start" : 52,
          "length" : 10
        },
        {
          "activity" : "generateSnapshots",
          "start" : 53,
          "length" : 35
        },
        {
          "activity" : "generateNarratives",
          "start" : 55,
          "length" : 66
        },
        {
          "activity" : "validate",
          "start" : 60,
          "length" : 460
        },
        {
          "activity" : "generateLogicalMaps",
          "start" : 62,
          "length" : 1
        },
        {
          "activity" : "scanForUsageStats",
          "start" : 62,
          "length" : 2
        },
        {
          "activity" : "generate1",
          "start" : 71,
          "length" : 985
        },
        {
          "activity" : "generate2",
          "start" : 101,
          "length" : 1822
        },
        {
          "activity" : "generateValidationPack",
          "start" : 175,
          "length" : 21
        },
        {
          "activity" : "scanProfilesForR5",
          "start" : 208,
          "length" : 1
        },
        {
          "activity" : "scanExamplesForR5",
          "start" : 208,
          "length" : 1
        }
      ]
    },
    {
      "name" : "fsh-generated/resources/StructureDefinition-PractitionerCo.json",
      "size" : 2985,
      "processes" : [
        {
          "activity" : "loadResources",
          "start" : 51,
          "length" : 4
        },
        {
          "activity" : "load",
          "start" : 52,
          "length" : 6
        },
        {
          "activity" : "generateSnapshots",
          "start" : 53,
          "length" : 22
        },
        {
          "activity" : "generateNarratives",
          "start" : 55,
          "length" : 26
        },
        {
          "activity" : "validate",
          "start" : 60,
          "length" : 223
        },
        {
          "activity" : "scanForUsageStats",
          "start" : 62,
          "length" : 1
        },
        {
          "activity" : "generate1",
          "start" : 72,
          "length" : 331
        },
        {
          "activity" : "generate2",
          "start" : 102,
          "length" : 843
        },
        {
          "activity" : "makeDependencies",
          "start" : 137,
          "length" : 1
        },
        {
          "activity" : "generateValidationPack",
          "start" : 175,
          "length" : 11
        }
      ]
    },
    {
      "name" : "fsh-generated/resources/StructureDefinition-Section05.json",
      "size" : 1040,
      "processes" : [
        {
          "activity" : "loadResources",
          "start" : 51,
          "length" : 4
        },
        {
          "activity" : "load-configure",
          "start" : 52,
          "length" : 1
        },
        {
          "activity" : "load",
          "start" : 52,
          "length" : 5
        },
        {
          "activity" : "generateSnapshots",
          "start" : 53,
          "length" : 20
        },
        {
          "activity" : "generateNarratives",
          "start" : 55,
          "length" : 6
        },
        {
          "activity" : "validate",
          "start" : 60,
          "length" : 40
        },
        {
          "activity" : "generate1",
          "start" : 72,
          "length" : 53
        },
        {
          "activity" : "generate2",
          "start" : 103,
          "length" : 286
        },
        {
          "activity" : "generateValidationPack",
          "start" : 175,
          "length" : 1
        }
      ]
    },
    {
      "name" : "fsh-generated/resources/StructureDefinition-co-AllergyIntolerance-tipo.json",
      "size" : 2374,
      "processes" : [
        {
          "activity" : "loadResources",
          "start" : 51,
          "length" : 8
        },
        {
          "activity" : "load",
          "start" : 52,
          "length" : 4
        },
        {
          "activity" : "generateSnapshots",
          "start" : 53,
          "length" : 23
        },
        {
          "activity" : "generateNarratives",
          "start" : 55,
          "length" : 13
        },
        {
          "activity" : "validate",
          "start" : 60,
          "length" : 187
        },
        {
          "activity" : "checkConformanceResources",
          "start" : 62,
          "length" : 1
        },
        {
          "activity" : "generate1",
          "start" : 73,
          "length" : 121
        },
        {
          "activity" : "generate2",
          "start" : 104,
          "length" : 618
        },
        {
          "activity" : "generateExampleZip",
          "start" : 173,
          "length" : 1
        },
        {
          "activity" : "generateValidationPack",
          "start" : 175,
          "length" : 5
        }
      ]
    },
    {
      "name" : "fsh-generated/resources/StructureDefinition-co-address-zonaResidencia.json",
      "size" : 1909,
      "processes" : [
        {
          "activity" : "loadResources",
          "start" : 51,
          "length" : 4
        },
        {
          "activity" : "load",
          "start" : 52,
          "length" : 3
        },
        {
          "activity" : "generateSnapshots",
          "start" : 53,
          "length" : 13
        },
        {
          "activity" : "generateNarratives",
          "start" : 55,
          "length" : 14
        },
        {
          "activity" : "validate",
          "start" : 61,
          "length" : 108
        },
        {
          "activity" : "generate1",
          "start" : 73,
          "length" : 98
        },
        {
          "activity" : "generate2",
          "start" : 104,
          "length" : 634
        },
        {
          "activity" : "generateValidationPack",
          "start" : 175,
          "length" : 3
        }
      ]
    },
    {
      "name" : "fsh-generated/resources/StructureDefinition-co-pais.json",
      "size" : 1811,
      "processes" : [
        {
          "activity" : "loadResources",
          "start" : 51,
          "length" : 6
        },
        {
          "activity" : "load",
          "start" : 52,
          "length" : 4
        },
        {
          "activity" : "generateSnapshots",
          "start" : 53,
          "length" : 15
        },
        {
          "activity" : "generateNarratives",
          "start" : 55,
          "length" : 13
        },
        {
          "activity" : "validate",
          "start" : 61,
          "length" : 50
        },
        {
          "activity" : "generate1",
          "start" : 73,
          "length" : 92
        },
        {
          "activity" : "generate2",
          "start" : 105,
          "length" : 447
        },
        {
          "activity" : "generateValidationPack",
          "start" : 175,
          "length" : 2
        }
      ]
    },
    {
      "name" : "fsh-generated/resources/StructureDefinition-co-patient-comunidadetnica.json",
      "size" : 1735,
      "processes" : [
        {
          "activity" : "loadResources",
          "start" : 51,
          "length" : 7
        },
        {
          "activity" : "scan",
          "start" : 52,
          "length" : 2
        },
        {
          "activity" : "load",
          "start" : 52,
          "length" : 7
        },
        {
          "activity" : "generateSnapshots",
          "start" : 53,
          "length" : 14
        },
        {
          "activity" : "generateNarratives",
          "start" : 55,
          "length" : 12
        },
        {
          "activity" : "validate",
          "start" : 61,
          "length" : 52
        },
        {
          "activity" : "generate1",
          "start" : 73,
          "length" : 112
        },
        {
          "activity" : "generate2",
          "start" : 105,
          "length" : 526
        },
        {
          "activity" : "generateValidationPack",
          "start" : 175,
          "length" : 2
        },
        {
          "activity" : "scanExamplesForR5",
          "start" : 208,
          "length" : 1
        }
      ]
    },
    {
      "name" : "fsh-generated/resources/StructureDefinition-co-patient-etnia.json",
      "size" : 1416,
      "processes" : [
        {
          "activity" : "loadResources",
          "start" : 51,
          "length" : 5
        },
        {
          "activity" : "load",
          "start" : 52,
          "length" : 4
        },
        {
          "activity" : "generateSnapshots",
          "start" : 53,
          "length" : 16
        },
        {
          "activity" : "generateNarratives",
          "start" : 55,
          "length" : 10
        },
        {
          "activity" : "validate",
          "start" : 61,
          "length" : 22
        },
        {
          "activity" : "generate1",
          "start" : 73,
          "length" : 78
        },
        {
          "activity" : "generate2",
          "start" : 106,
          "length" : 451
        },
        {
          "activity" : "generateValidationPack",
          "start" : 175,
          "length" : 1
        }
      ]
    },
    {
      "name" : "fsh-generated/resources/StructureDefinition-co-patient-nacionalidad.json",
      "size" : 1805,
      "processes" : [
        {
          "activity" : "loadResources",
          "start" : 51,
          "length" : 7
        },
        {
          "activity" : "load",
          "start" : 52,
          "length" : 9
        },
        {
          "activity" : "generateSnapshots",
          "start" : 53,
          "length" : 14
        },
        {
          "activity" : "checkR4R4B",
          "start" : 53,
          "length" : 1
        },
        {
          "activity" : "generateNarratives",
          "start" : 55,
          "length" : 15
        },
        {
          "activity" : "validate",
          "start" : 61,
          "length" : 47
        },
        {
          "activity" : "scanForUsageStats",
          "start" : 62,
          "length" : 1
        },
        {
          "activity" : "generate1",
          "start" : 73,
          "length" : 98
        },
        {
          "activity" : "generate2",
          "start" : 106,
          "length" : 656
        },
        {
          "activity" : "generateValidationPack",
          "start" : 175,
          "length" : 3
        }
      ]
    },
    {
      "name" : "fsh-generated/resources/ValueSet-AlergiasVS.json",
      "size" : 660,
      "processes" : [
        {
          "activity" : "loadResources",
          "start" : 51,
          "length" : 7
        },
        {
          "activity" : "load",
          "start" : 52,
          "length" : 5
        },
        {
          "activity" : "generateNarratives",
          "start" : 55,
          "length" : 117
        },
        {
          "activity" : "validate",
          "start" : 55,
          "length" : 21
        },
        {
          "activity" : "generate1",
          "start" : 73,
          "length" : 35
        },
        {
          "activity" : "generate2",
          "start" : 107,
          "length" : 7814
        }
      ]
    },
    {
      "name" : "fsh-generated/resources/ValueSet-CIE10VS.json",
      "size" : 667,
      "processes" : [
        {
          "activity" : "loadResources",
          "start" : 51,
          "length" : 6
        },
        {
          "activity" : "load-configure",
          "start" : 52,
          "length" : 1
        },
        {
          "activity" : "load",
          "start" : 52,
          "length" : 5
        },
        {
          "activity" : "generateNarratives",
          "start" : 55,
          "length" : 5
        },
        {
          "activity" : "validate",
          "start" : 55,
          "length" : 7
        },
        {
          "activity" : "generate1",
          "start" : 73,
          "length" : 33
        },
        {
          "activity" : "generate2",
          "start" : 115,
          "length" : 5477
        }
      ]
    },
    {
      "name" : "fsh-generated/resources/ValueSet-CUMSVS.json",
      "size" : 666,
      "processes" : [
        {
          "activity" : "loadResources",
          "start" : 51,
          "length" : 2
        },
        {
          "activity" : "load",
          "start" : 52,
          "length" : 2
        },
        {
          "activity" : "generateNarratives",
          "start" : 55,
          "length" : 3
        },
        {
          "activity" : "validate",
          "start" : 55,
          "length" : 7
        },
        {
          "activity" : "generate1",
          "start" : 73,
          "length" : 27
        },
        {
          "activity" : "generate2",
          "start" : 120,
          "length" : 88
        }
      ]
    },
    {
      "name" : "fsh-generated/resources/ValueSet-DiscapacidadVS.json",
      "size" : 688,
      "processes" : [
        {
          "activity" : "loadResources",
          "start" : 51,
          "length" : 7
        },
        {
          "activity" : "load",
          "start" : 52,
          "length" : 3
        },
        {
          "activity" : "generateNarratives",
          "start" : 55,
          "length" : 4
        },
        {
          "activity" : "validate",
          "start" : 55,
          "length" : 8
        },
        {
          "activity" : "generate1",
          "start" : 73,
          "length" : 34
        },
        {
          "activity" : "generate2",
          "start" : 120,
          "length" : 155
        }
      ]
    },
    {
      "name" : "fsh-generated/resources/ValueSet-EtniaVS.json",
      "size" : 663,
      "processes" : [
        {
          "activity" : "loadResources",
          "start" : 51,
          "length" : 4
        },
        {
          "activity" : "load",
          "start" : 52,
          "length" : 3
        },
        {
          "activity" : "generateNarratives",
          "start" : 55,
          "length" : 3
        },
        {
          "activity" : "validate",
          "start" : 55,
          "length" : 8
        },
        {
          "activity" : "generate1",
          "start" : 73,
          "length" : 33
        },
        {
          "activity" : "generate2",
          "start" : 120,
          "length" : 170
        }
      ]
    },
    {
      "name" : "fsh-generated/resources/ValueSet-IUMVS.json",
      "size" : 660,
      "processes" : [
        {
          "activity" : "loadResources",
          "start" : 51,
          "length" : 4
        },
        {
          "activity" : "load",
          "start" : 52,
          "length" : 4
        },
        {
          "activity" : "load",
          "start" : 52,
          "length" : 1
        },
        {
          "activity" : "generateNarratives",
          "start" : 55,
          "length" : 3
        },
        {
          "activity" : "validate",
          "start" : 55,
          "length" : 6
        },
        {
          "activity" : "generate1",
          "start" : 73,
          "length" : 33
        },
        {
          "activity" : "generate2",
          "start" : 121,
          "length" : 114
        },
        {
          "activity" : "generateValidationPack",
          "start" : 175,
          "length" : 2
        }
      ]
    },
    {
      "name" : "fsh-generated/resources/ValueSet-IdentidadGeneroVS.json",
      "size" : 729,
      "processes" : [
        {
          "activity" : "loadResources",
          "start" : 51,
          "length" : 5
        },
        {
          "activity" : "load",
          "start" : 52,
          "length" : 4
        },
        {
          "activity" : "checkR4R4B",
          "start" : 53,
          "length" : 1
        },
        {
          "activity" : "generateNarratives",
          "start" : 55,
          "length" : 3
        },
        {
          "activity" : "validate",
          "start" : 55,
          "length" : 6
        },
        {
          "activity" : "generate1",
          "start" : 73,
          "length" : 33
        },
        {
          "activity" : "generate2",
          "start" : 121,
          "length" : 132
        }
      ]
    },
    {
      "name" : "fsh-generated/resources/ValueSet-IdentificadoresPersonaVS.json",
      "size" : 748,
      "processes" : [
        {
          "activity" : "loadResources",
          "start" : 51,
          "length" : 2
        },
        {
          "activity" : "load",
          "start" : 52,
          "length" : 2
        },
        {
          "activity" : "generateNarratives",
          "start" : 55,
          "length" : 3
        },
        {
          "activity" : "validate",
          "start" : 56,
          "length" : 6
        },
        {
          "activity" : "generate1",
          "start" : 73,
          "length" : 34
        },
        {
          "activity" : "generate2",
          "start" : 121,
          "length" : 162
        }
      ]
    },
    {
      "name" : "fsh-generated/resources/ValueSet-IdentificadoresProfesionalVS.json",
      "size" : 1286,
      "processes" : [
        {
          "activity" : "loadResources",
          "start" : 51,
          "length" : 3
        },
        {
          "activity" : "load",
          "start" : 52,
          "length" : 5
        },
        {
          "activity" : "generateNarratives",
          "start" : 55,
          "length" : 5
        },
        {
          "activity" : "validate",
          "start" : 56,
          "length" : 12
        },
        {
          "activity" : "generate1",
          "start" : 73,
          "length" : 43
        },
        {
          "activity" : "generate2",
          "start" : 121,
          "length" : 146
        },
        {
          "activity" : "generateValidationPack",
          "start" : 175,
          "length" : 1
        }
      ]
    },
    {
      "name" : "fsh-generated/resources/ValueSet-PaisesVS.json",
      "size" : 720,
      "processes" : [
        {
          "activity" : "loadResources",
          "start" : 51,
          "length" : 3
        },
        {
          "activity" : "load",
          "start" : 52,
          "length" : 4
        },
        {
          "activity" : "generateNarratives",
          "start" : 55,
          "length" : 2
        },
        {
          "activity" : "validate",
          "start" : 56,
          "length" : 10
        },
        {
          "activity" : "generate1",
          "start" : 73,
          "length" : 34
        },
        {
          "activity" : "generate2",
          "start" : 121,
          "length" : 1482
        }
      ]
    },
    {
      "name" : "fsh-generated/resources/ValueSet-ZonaResidenciaVS.json",
      "size" : 725,
      "processes" : [
        {
          "activity" : "loadResources",
          "start" : 51,
          "length" : 3
        },
        {
          "activity" : "load-configure",
          "start" : 52,
          "length" : 1
        },
        {
          "activity" : "load",
          "start" : 52,
          "length" : 2
        },
        {
          "activity" : "generateNarratives",
          "start" : 55,
          "length" : 3
        },
        {
          "activity" : "validate",
          "start" : 56,
          "length" : 10
        },
        {
          "activity" : "generate1",
          "start" : 73,
          "length" : 32
        },
        {
          "activity" : "generate2",
          "start" : 123,
          "length" : 106
        }
      ]
    }
  ]
}
