{
  "url" : "https://www.minsalud.gov.co/ihc/fhir/ImplementationGuide/hl7.fhir.co.CoreCO",
  "name" : "CoreCOImplementationGuide",
  "title" : "GUIA EN DESARROLLO - Colombia (v 0.4.3)",
  "description" : "Ministerio de Salud Colombia - Interoperabilidad de Historia Clínica IHC -",
  "status" : "draft",
  "package-id" : "hl7.fhir.co.CoreCO",
  "ig-ver" : "0.4.3",
  "date" : "Sun, 25 Aug, 2024 08:57:00 -0300",
  "dateISO8601" : "2024-08-25T08:57:00-03:00",
  "errs" : 36,
  "warnings" : 59,
  "hints" : 29,
  "suppressed-hints" : 0,
  "suppressed-warnings" : 0,
  "version" : "4.0.1",
  "tool" : "5.0.0 (3)",
  "maxMemory" : 1118236312
}
