"Id","Path","Slice Name","Alias(s)","Label","Min","Max","Must Support?","Is Modifier?","Is Summary?","Type(s)","Short","Definition","Comments","Requirements","Default Value","Meaning When Missing","Fixed Value","Pattern","Example","Minimum Value","Maximum Value","Maximum Length","Binding Strength","Binding Description","Binding Value Set","Code","Slicing Discriminator","Slicing Description","Slicing Ordered","Slicing Rules","Base Path","Base Min","Base Max","Condition(s)","Constraint(s)"
"DocRef05","DocRef05","","","",0,*,"","","","null {[]} {[]}
","Representacion de modelo DocRef 0.5","","","","","","","","","","",,,,,"",,,,"Base",0,*,"",""
"DocRef05.status","DocRef05.status","","","",1,1,"","","","code {[]} {[]}
","current","xxxx","","","","","","","","","",,,,,"",,,,"DocRef05.status",1,1,"",""
"DocRef05.type","DocRef05.type","","","",1,1,"","","","code {[]} {[]}
","representacion de tipo de documento que indexa","representacion de tipo de documento que indexa","","","","","","","","","",,,,,"",,,,"DocRef05.type",1,1,"",""
"DocRef05.date","DocRef05.date","","","",1,1,"","","","date {[]} {[]}
","Sex","Sex","","","","","","","","","",,,,,"",,,,"DocRef05.date",1,1,"",""
"DocRef05.subject","DocRef05.subject","","","",1,1,"","","","code {[]} {[]}
","Nationality","Nationality","","","","","","","","","",,,,,"",,,,"DocRef05.subject",1,1,"",""
"DocRef05.author","DocRef05.author","","","",0,1,"","","","string {[]} {[]}
","National Identification Document","National Identification Document","","","","","","","","","",,,,,"",,,,"DocRef05.author",0,1,"",""
"DocRef05.custodian","DocRef05.custodian","","","",0,1,"","","","string {[]} {[]}
","Parent/Guardian","Name of Parent or Guardian","","","","","","","","","",,,,,"",,,,"DocRef05.custodian",0,1,"",""
"DocRef05.content","DocRef05.content","","","",0,1,"","","","string {[]} {[]}
","Parent/Guardian","Name of Parent or Guardian","","","","","","","","","",,,,,"",,,,"DocRef05.content",0,1,"",""
