"Id","Path","Slice Name","Alias(s)","Label","Min","Max","Must Support?","Is Modifier?","Is Summary?","Type(s)","Short","Definition","Comments","Requirements","Default Value","Meaning When Missing","Fixed Value","Pattern","Example","Minimum Value","Maximum Value","Maximum Length","Binding Strength","Binding Description","Binding Value Set","Code","Slicing Discriminator","Slicing Description","Slicing Ordered","Slicing Rules","Base Path","Base Min","Base Max","Condition(s)","Constraint(s)"
"Composition05","Composition05","","","",0,*,"","","","null {[]} {[]}
","Representacion de modelo composition 0.5","","","","","","","","","","",,,,,"",,,,"Base",0,*,"",""
"Composition05.type","Composition05.type","","","",1,1,"","","","code {[]} {[]}
","Conjunto de valores para tipos de documentos","Conjunto de valores para tipos de documentos","","","","","","","","","",,,,,"",,,,"Composition05.type",1,1,"",""
"Composition05.encounter","Composition05.encounter","","","",0,1,"","","","Reference {[]} {[CanonicalType[https://www.minsalud.gov.co/ihc/fhir/StructureDefinition/Encounter05]]}
","Detalle de la consulta","Detalle de la consulta","","","","","","","","","",,,,,"",,,,"Composition05.encounter",0,1,"",""
"Composition05.date","Composition05.date","","","",1,1,"","","","date {[]} {[]}
","fecha documento","fecha documento","","","","","","","","","",,,,,"",,,,"Composition05.date",1,1,"",""
"Composition05.seccionANTECEDENTES","Composition05.seccionANTECEDENTES","","","",0,1,"","","","Reference {[]} {[CanonicalType[https://www.minsalud.gov.co/ihc/fhir/StructureDefinition/Section05]]}
","IPS:antecedentes-enfermedades actuales","IPS:antecedentes-enfermedades actuales","","","","","","","","","",,,,,"",,,,"Composition05.seccionANTECEDENTES",0,1,"",""
"Composition05.seccionMEDICACION","Composition05.seccionMEDICACION","","","",0,1,"","","","Reference {[]} {[CanonicalType[https://www.minsalud.gov.co/ihc/fhir/StructureDefinition/Section05]]}
","IPS: MedciacionActual","IPS: MedciacionActual","","","","","","","","","",,,,,"",,,,"Composition05.seccionMEDICACION",0,1,"",""
"Composition05.seccionALERGIAS","Composition05.seccionALERGIAS","","","",0,1,"","","","Reference {[]} {[CanonicalType[https://www.minsalud.gov.co/ihc/fhir/StructureDefinition/Section05]]}
","IPS: Alergias","IPS: Alergias","","","","","","","","","",,,,,"",,,,"Composition05.seccionALERGIAS",0,1,"",""
"Composition05.seccionCausa","Composition05.seccionCausa","","","",0,1,"","","","Reference {[]} {[CanonicalType[https://www.minsalud.gov.co/ihc/fhir/StructureDefinition/Section05]]}
","RDA: CausaAtencion","RDA: CausaAtencion","","","","","","","","","",,,,,"",,,,"Composition05.seccionCausa",0,1,"",""
"Composition05.seccionDIAGNOSTICOS","Composition05.seccionDIAGNOSTICOS","","","",0,1,"","","","Reference {[]} {[CanonicalType[https://www.minsalud.gov.co/ihc/fhir/StructureDefinition/Section05]]}
","RDA: Diagnosticos","RDA: Diagnosticos","","","","","","","","","",,,,,"",,,,"Composition05.seccionDIAGNOSTICOS",0,1,"",""
"Composition05.seccionMEDICACIONINDIC","Composition05.seccionMEDICACIONINDIC","","","",0,1,"","","","Reference {[]} {[CanonicalType[https://www.minsalud.gov.co/ihc/fhir/StructureDefinition/Section05]]}
","RDA: MedicacionIndicada","RDA: DiagMedicacionIndicadanosticos","","","","","","","","","",,,,,"",,,,"Composition05.seccionMEDICACIONINDIC",0,1,"",""
"Composition05.seccionRDAOTROSDETALLES","Composition05.seccionRDAOTROSDETALLES","","","",0,1,"","","","Reference {[]} {[CanonicalType[https://www.minsalud.gov.co/ihc/fhir/StructureDefinition/Section05]]}
","RDA: a definir","RDA: a definir","","","","","","","","","",,,,,"",,,,"Composition05.seccionRDAOTROSDETALLES",0,1,"",""
