"Id","Path","Slice Name","Alias(s)","Label","Min","Max","Must Support?","Is Modifier?","Is Summary?","Type(s)","Short","Definition","Comments","Requirements","Default Value","Meaning When Missing","Fixed Value","Pattern","Example","Minimum Value","Maximum Value","Maximum Length","Binding Strength","Binding Description","Binding Value Set","Code","Slicing Discriminator","Slicing Description","Slicing Ordered","Slicing Rules","Base Path","Base Min","Base Max","Condition(s)","Constraint(s)"
"Section05","Section05","","","",0,*,"","","","null {[]} {[]}
","Representacion de modelo composition 0.5","","","","","","","","","","",,,,,"",,,,"Base",0,*,"",""
"Section05.type","Section05.type","","","",1,1,"","","","code {[]} {[]}
","Conjunto de valores para tipos de documentos","Conjunto de valores para tipos de documentos","","","","","","","","","",,,,,"",,,,"Section05.type",1,1,"",""
