"Id","Path","Slice Name","Alias(s)","Label","Min","Max","Must Support?","Is Modifier?","Is Summary?","Type(s)","Short","Definition","Comments","Requirements","Default Value","Meaning When Missing","Fixed Value","Pattern","Example","Minimum Value","Maximum Value","Maximum Length","Binding Strength","Binding Description","Binding Value Set","Code","Slicing Discriminator","Slicing Description","Slicing Ordered","Slicing Rules","Base Path","Base Min","Base Max","Condition(s)","Constraint(s)"
"Encounter05","Encounter05","","","",0,*,"","","","null {[]} {[]}
","Representacion de modelo Encounter 0.5","","","","","","","","","","",,,,,"",,,,"Base",0,*,"",""
"Encounter05.actualPeriod","Encounter05.actualPeriod","","","",1,1,"","","","Period {[]} {[]}
","VAR: 17 y 43","FechaHora Inicio Atención - FechaHora Fin Atención","","","","","","","","","",,,,,"",,,,"Encounter05.actualPeriod",1,1,"",""
"Encounter05.class","Encounter05.class","","","",1,1,"","","","date {[]} {[]}
","VAR: 18b - Modelidad","Identificador para determinar la forma en el cual se realiza o entrega la tecnología de salud al usuario en relación con un grupo de servicios - VAR 18b","","","","","","","","","",,,,,"",,,,"Encounter05.class",1,1,"",""
"Encounter05.serviceType","Encounter05.serviceType","","","",1,1,"","","","code {[]} {[]}
","VAR: 18b - Grupo de servicios","NatioVAR: 18b - Grupo de serviciosnality","","","","","","","","","",,,,,"",,,,"Encounter05.serviceType",1,1,"",""
"Encounter05.location","Encounter05.location","","","",0,1,"","","","string {[]} {[]}
","VAR: 19- Lugar donde se realiza la atencion","VAR: 19- Lugar donde se realiza la atencion","","","","","","","","","",,,,,"",,,,"Encounter05.location",0,1,"",""
"Encounter05.ingreso","Encounter05.ingreso","","","",0,1,"","","","string {[]} {[]}
","VAR: 20 - Via de ingreso","VAR: 20 - Via de ingreso","","","","","","","","","",,,,,"",,,,"Encounter05.ingreso",0,1,"",""
