{"resourceType":"CodeSystem","id":"EtniaCS","text":{"status":"generated","div":"<div xmlns=\"http://www.w3.org/1999/xhtml\"><p class=\"res-header-id\"><b>Generated Narrative: CodeSystem EtniaCS</b></p><a name=\"EtniaCS\"> </a><a name=\"hcEtniaCS\"> </a><a name=\"EtniaCS-es-CO\"> </a><p>This case-sensitive code system <code>https://www.minsalud.gov.co/ihc/fhir/CodeSystem/EtniaCS</code> defines the following codes:</p><table class=\"codes\"><tr><td style=\"white-space:nowrap\"><b>Code</b></td><td><b>Display</b></td></tr><tr><td style=\"white-space:nowrap\">01<a name=\"EtniaCS-01\"> </a></td><td>Indigena</td></tr><tr><td style=\"white-space:nowrap\">02<a name=\"EtniaCS-02\"> </a></td><td>ROM (Gitanos)</td></tr><tr><td style=\"white-space:nowrap\">03<a name=\"EtniaCS-03\"> </a></td><td>Raizal (San Andrés y Providencia)</td></tr><tr><td style=\"white-space:nowrap\">04<a name=\"EtniaCS-04\"> </a></td><td>Palenquero de San Basilio de Palenque</td></tr><tr><td style=\"white-space:nowrap\">05<a name=\"EtniaCS-05\"> </a></td><td>Negro(a)</td></tr><tr><td style=\"white-space:nowrap\">06<a name=\"EtniaCS-06\"> </a></td><td>Afrocolombiano(a)</td></tr><tr><td style=\"white-space:nowrap\">99<a name=\"EtniaCS-99\"> </a></td><td>Ninguna de las anteriores</td></tr></table></div>"},"url":"https://www.minsalud.gov.co/ihc/fhir/CodeSystem/EtniaCS","version":"0.4.3","name":"Etnia","title":"Etnia","status":"draft","experimental":false,"date":"2025-04-08T14:01:09-03:00","publisher":"MSP Colombia","contact":[{"name":"MSP Colombia","telecom":[{"system":"url","value":"https://www.minsalud.gov.co/"}]}],"description":"Identificador para determinar la pertenencia étnica de la persona.","jurisdiction":[{"coding":[{"system":"urn:iso:std:iso:3166","code":"CO"}]}],"caseSensitive":true,"content":"complete","count":7,"concept":[{"code":"01","display":"Indigena","designation":[{"use":{"system":"http://terminology.hl7.org/CodeSystem/designation-usage","code":"display"},"value":"Indigena"}]},{"code":"02","display":"ROM (Gitanos)","designation":[{"use":{"system":"http://terminology.hl7.org/CodeSystem/designation-usage","code":"display"},"value":"ROM (Gitanos)"}]},{"code":"03","display":"Raizal (San Andrés y Providencia)","designation":[{"use":{"system":"http://terminology.hl7.org/CodeSystem/designation-usage","code":"display"},"value":"Raizal (San Andrés y Providencia)"}]},{"code":"04","display":"Palenquero de San Basilio de Palenque","designation":[{"use":{"system":"http://terminology.hl7.org/CodeSystem/designation-usage","code":"display"},"value":"Palenquero de San Basilio de Palenque"}]},{"code":"05","display":"Negro(a)","designation":[{"use":{"system":"http://terminology.hl7.org/CodeSystem/designation-usage","code":"display"},"value":"Negro(a)"}]},{"code":"06","display":"Afrocolombiano(a)","designation":[{"use":{"system":"http://terminology.hl7.org/CodeSystem/designation-usage","code":"display"},"value":"Afrocolombiano(a)"}]},{"code":"99","display":"Ninguna de las anteriores","designation":[{"use":{"system":"http://terminology.hl7.org/CodeSystem/designation-usage","code":"display"},"value":"Ninguna de las anteriores"}]}]}