{"resourceType":"CodeSystem","id":"AlergiasCS","text":{"status":"generated","div":"<div xmlns=\"http://www.w3.org/1999/xhtml\"><p class=\"res-header-id\"><b>Generated Narrative: CodeSystem AlergiasCS</b></p><a name=\"AlergiasCS\"> </a><a name=\"hcAlergiasCS\"> </a><a name=\"AlergiasCS-es-CO\"> </a><p>This case-sensitive code system <code>https://www.minsalud.gov.co/ihc/fhir/CodeSystem/AlergiasCS</code> defines the following codes:</p><table class=\"codes\"><tr><td style=\"white-space:nowrap\"><b>Code</b></td><td><b>Display</b></td></tr><tr><td style=\"white-space:nowrap\">01<a name=\"AlergiasCS-01\"> </a></td><td>Medicamento</td></tr><tr><td style=\"white-space:nowrap\">02<a name=\"AlergiasCS-02\"> </a></td><td>Alimento</td></tr><tr><td style=\"white-space:nowrap\">03<a name=\"AlergiasCS-03\"> </a></td><td>Sustancia del ambiente</td></tr><tr><td style=\"white-space:nowrap\">04<a name=\"AlergiasCS-04\"> </a></td><td>Sustancia que entran en contacto con la piel</td></tr><tr><td style=\"white-space:nowrap\">05<a name=\"AlergiasCS-05\"> </a></td><td>Picadura de insectos</td></tr><tr><td style=\"white-space:nowrap\">06<a name=\"AlergiasCS-06\"> </a></td><td>Otra</td></tr></table></div>"},"url":"https://www.minsalud.gov.co/ihc/fhir/CodeSystem/AlergiasCS","version":"0.4.3","name":"AlergiasCS","title":"Tipo Alergia","status":"draft","experimental":false,"date":"2025-04-08T16:57:34-03:00","publisher":"MSP Colombia","contact":[{"name":"MSP Colombia","telecom":[{"system":"url","value":"https://www.minsalud.gov.co/"}]}],"description":"Antecedente de Alergia","jurisdiction":[{"coding":[{"system":"urn:iso:std:iso:3166","code":"CO"}]}],"caseSensitive":true,"content":"complete","count":6,"concept":[{"code":"01","display":"Medicamento","designation":[{"use":{"system":"http://terminology.hl7.org/CodeSystem/designation-usage","code":"display"},"value":"Medicamento"}]},{"code":"02","display":"Alimento","designation":[{"use":{"system":"http://terminology.hl7.org/CodeSystem/designation-usage","code":"display"},"value":"Alimento"}]},{"code":"03","display":"Sustancia del ambiente","designation":[{"use":{"system":"http://terminology.hl7.org/CodeSystem/designation-usage","code":"display"},"value":"Sustancia del ambiente"}]},{"code":"04","display":"Sustancia que entran en contacto con la piel","designation":[{"use":{"system":"http://terminology.hl7.org/CodeSystem/designation-usage","code":"display"},"value":"Sustancia que entran en contacto con la piel"}]},{"code":"05","display":"Picadura de insectos","designation":[{"use":{"system":"http://terminology.hl7.org/CodeSystem/designation-usage","code":"display"},"value":"Picadura de insectos"}]},{"code":"06","display":"Otra","designation":[{"use":{"system":"http://terminology.hl7.org/CodeSystem/designation-usage","code":"display"},"value":"Otra"}]}]}