{"resourceType":"CodeSystem","id":"PaisesCS","text":{"status":"generated","div":"<div xmlns=\"http://www.w3.org/1999/xhtml\"><p class=\"res-header-id\"><b>Generated Narrative: CodeSystem PaisesCS</b></p><a name=\"PaisesCS\"> </a><a name=\"hcPaisesCS\"> </a><a name=\"PaisesCS-es-CO\"> </a><p>This case-sensitive code system <code>https://www.minsalud.gov.co/ihc/fhir/CodeSystem/PaisesCS</code> defines the following codes:</p><table class=\"codes\"><tr><td style=\"white-space:nowrap\"><b>Code</b></td><td><b>Display</b></td></tr><tr><td style=\"white-space:nowrap\">004<a name=\"PaisesCS-004\"> </a></td><td>Afghanistan</td></tr><tr><td style=\"white-space:nowrap\">008<a name=\"PaisesCS-008\"> </a></td><td>Albania</td></tr><tr><td style=\"white-space:nowrap\">010<a name=\"PaisesCS-010\"> </a></td><td>Antarctica</td></tr><tr><td style=\"white-space:nowrap\">012<a name=\"PaisesCS-012\"> </a></td><td>Algeria</td></tr><tr><td style=\"white-space:nowrap\">016<a name=\"PaisesCS-016\"> </a></td><td>American Samoa</td></tr><tr><td style=\"white-space:nowrap\">020<a name=\"PaisesCS-020\"> </a></td><td>Andorra</td></tr><tr><td style=\"white-space:nowrap\">024<a name=\"PaisesCS-024\"> </a></td><td>Angola</td></tr><tr><td style=\"white-space:nowrap\">028<a name=\"PaisesCS-028\"> </a></td><td>Antigua and Barbuda</td></tr><tr><td style=\"white-space:nowrap\">031<a name=\"PaisesCS-031\"> </a></td><td>Azerbaijan</td></tr><tr><td style=\"white-space:nowrap\">032<a name=\"PaisesCS-032\"> </a></td><td>Argentina</td></tr><tr><td style=\"white-space:nowrap\">036<a name=\"PaisesCS-036\"> </a></td><td>Australia</td></tr><tr><td style=\"white-space:nowrap\">040<a name=\"PaisesCS-040\"> </a></td><td>Austria</td></tr><tr><td style=\"white-space:nowrap\">044<a name=\"PaisesCS-044\"> </a></td><td>Bahamas</td></tr><tr><td style=\"white-space:nowrap\">048<a name=\"PaisesCS-048\"> </a></td><td>Bahrain</td></tr><tr><td style=\"white-space:nowrap\">050<a name=\"PaisesCS-050\"> </a></td><td>Bangladesh</td></tr><tr><td style=\"white-space:nowrap\">051<a name=\"PaisesCS-051\"> </a></td><td>Armenia</td></tr><tr><td style=\"white-space:nowrap\">052<a name=\"PaisesCS-052\"> </a></td><td>Barbados</td></tr><tr><td style=\"white-space:nowrap\">056<a name=\"PaisesCS-056\"> </a></td><td>Belgium</td></tr><tr><td style=\"white-space:nowrap\">060<a name=\"PaisesCS-060\"> </a></td><td>Bermuda</td></tr><tr><td style=\"white-space:nowrap\">064<a name=\"PaisesCS-064\"> </a></td><td>Bhutan</td></tr><tr><td style=\"white-space:nowrap\">068<a name=\"PaisesCS-068\"> </a></td><td>Bolivia, Plurinational State of</td></tr><tr><td style=\"white-space:nowrap\">070<a name=\"PaisesCS-070\"> </a></td><td>Bosnia and Herzegovina</td></tr><tr><td style=\"white-space:nowrap\">072<a name=\"PaisesCS-072\"> </a></td><td>Botswana</td></tr><tr><td style=\"white-space:nowrap\">074<a name=\"PaisesCS-074\"> </a></td><td>Bouvet Island</td></tr><tr><td style=\"white-space:nowrap\">076<a name=\"PaisesCS-076\"> </a></td><td>Brazil</td></tr><tr><td style=\"white-space:nowrap\">084<a name=\"PaisesCS-084\"> </a></td><td>Belize</td></tr><tr><td style=\"white-space:nowrap\">086<a name=\"PaisesCS-086\"> </a></td><td>British Indian Ocean Territory</td></tr><tr><td style=\"white-space:nowrap\">090<a name=\"PaisesCS-090\"> </a></td><td>Solomon Islands</td></tr><tr><td style=\"white-space:nowrap\">092<a name=\"PaisesCS-092\"> </a></td><td>Virgin Islands, British</td></tr><tr><td style=\"white-space:nowrap\">096<a name=\"PaisesCS-096\"> </a></td><td>Brunei Darussalam</td></tr><tr><td style=\"white-space:nowrap\">100<a name=\"PaisesCS-100\"> </a></td><td>Bulgaria</td></tr><tr><td style=\"white-space:nowrap\">104<a name=\"PaisesCS-104\"> </a></td><td>Myanmar</td></tr><tr><td style=\"white-space:nowrap\">108<a name=\"PaisesCS-108\"> </a></td><td>Burundi</td></tr><tr><td style=\"white-space:nowrap\">112<a name=\"PaisesCS-112\"> </a></td><td>Belarus</td></tr><tr><td style=\"white-space:nowrap\">116<a name=\"PaisesCS-116\"> </a></td><td>Cambodia</td></tr><tr><td style=\"white-space:nowrap\">120<a name=\"PaisesCS-120\"> </a></td><td>Cameroon</td></tr><tr><td style=\"white-space:nowrap\">124<a name=\"PaisesCS-124\"> </a></td><td>Canada</td></tr><tr><td style=\"white-space:nowrap\">132<a name=\"PaisesCS-132\"> </a></td><td>Cabo Verde</td></tr><tr><td style=\"white-space:nowrap\">136<a name=\"PaisesCS-136\"> </a></td><td>Cayman Islands</td></tr><tr><td style=\"white-space:nowrap\">140<a name=\"PaisesCS-140\"> </a></td><td>Central African Republic</td></tr><tr><td style=\"white-space:nowrap\">144<a name=\"PaisesCS-144\"> </a></td><td>Sri Lanka</td></tr><tr><td style=\"white-space:nowrap\">148<a name=\"PaisesCS-148\"> </a></td><td>Chad</td></tr><tr><td style=\"white-space:nowrap\">152<a name=\"PaisesCS-152\"> </a></td><td>Chile</td></tr><tr><td style=\"white-space:nowrap\">156<a name=\"PaisesCS-156\"> </a></td><td>China</td></tr><tr><td style=\"white-space:nowrap\">158<a name=\"PaisesCS-158\"> </a></td><td>Taiwan, Province of China</td></tr><tr><td style=\"white-space:nowrap\">162<a name=\"PaisesCS-162\"> </a></td><td>Christmas Island</td></tr><tr><td style=\"white-space:nowrap\">166<a name=\"PaisesCS-166\"> </a></td><td>Cocos (Keeling) Islands</td></tr><tr><td style=\"white-space:nowrap\">170<a name=\"PaisesCS-170\"> </a></td><td>Colombia</td></tr><tr><td style=\"white-space:nowrap\">174<a name=\"PaisesCS-174\"> </a></td><td>Comoros</td></tr><tr><td style=\"white-space:nowrap\">175<a name=\"PaisesCS-175\"> </a></td><td>Mayotte</td></tr><tr><td style=\"white-space:nowrap\">178<a name=\"PaisesCS-178\"> </a></td><td>Congo</td></tr><tr><td style=\"white-space:nowrap\">180<a name=\"PaisesCS-180\"> </a></td><td>Congo, the Democratic Republic of the</td></tr><tr><td style=\"white-space:nowrap\">184<a name=\"PaisesCS-184\"> </a></td><td>Cook Islands</td></tr><tr><td style=\"white-space:nowrap\">188<a name=\"PaisesCS-188\"> </a></td><td>Costa Rica</td></tr><tr><td style=\"white-space:nowrap\">191<a name=\"PaisesCS-191\"> </a></td><td>Croatia</td></tr><tr><td style=\"white-space:nowrap\">192<a name=\"PaisesCS-192\"> </a></td><td>Cuba</td></tr><tr><td style=\"white-space:nowrap\">196<a name=\"PaisesCS-196\"> </a></td><td>Cyprus</td></tr><tr><td style=\"white-space:nowrap\">203<a name=\"PaisesCS-203\"> </a></td><td>Czechia</td></tr><tr><td style=\"white-space:nowrap\">204<a name=\"PaisesCS-204\"> </a></td><td>Benin</td></tr><tr><td style=\"white-space:nowrap\">208<a name=\"PaisesCS-208\"> </a></td><td>Denmark</td></tr><tr><td style=\"white-space:nowrap\">212<a name=\"PaisesCS-212\"> </a></td><td>Dominica</td></tr><tr><td style=\"white-space:nowrap\">214<a name=\"PaisesCS-214\"> </a></td><td>Dominican Republic</td></tr><tr><td style=\"white-space:nowrap\">218<a name=\"PaisesCS-218\"> </a></td><td>Ecuador</td></tr><tr><td style=\"white-space:nowrap\">222<a name=\"PaisesCS-222\"> </a></td><td>El Salvador</td></tr><tr><td style=\"white-space:nowrap\">226<a name=\"PaisesCS-226\"> </a></td><td>Equatorial Guinea</td></tr><tr><td style=\"white-space:nowrap\">231<a name=\"PaisesCS-231\"> </a></td><td>Ethiopia</td></tr><tr><td style=\"white-space:nowrap\">232<a name=\"PaisesCS-232\"> </a></td><td>Eritrea</td></tr><tr><td style=\"white-space:nowrap\">233<a name=\"PaisesCS-233\"> </a></td><td>Estonia</td></tr><tr><td style=\"white-space:nowrap\">234<a name=\"PaisesCS-234\"> </a></td><td>Faroe Islands</td></tr><tr><td style=\"white-space:nowrap\">238<a name=\"PaisesCS-238\"> </a></td><td>Falkland Islands (Malvinas)</td></tr><tr><td style=\"white-space:nowrap\">239<a name=\"PaisesCS-239\"> </a></td><td>South Georgia and the South Sandwich Islands</td></tr><tr><td style=\"white-space:nowrap\">242<a name=\"PaisesCS-242\"> </a></td><td>Fiji</td></tr><tr><td style=\"white-space:nowrap\">246<a name=\"PaisesCS-246\"> </a></td><td>Finland</td></tr><tr><td style=\"white-space:nowrap\">248<a name=\"PaisesCS-248\"> </a></td><td>Eland Islands</td></tr><tr><td style=\"white-space:nowrap\">250<a name=\"PaisesCS-250\"> </a></td><td>France</td></tr><tr><td style=\"white-space:nowrap\">254<a name=\"PaisesCS-254\"> </a></td><td>French Guiana</td></tr><tr><td style=\"white-space:nowrap\">258<a name=\"PaisesCS-258\"> </a></td><td>French Polynesia</td></tr><tr><td style=\"white-space:nowrap\">260<a name=\"PaisesCS-260\"> </a></td><td>French Southern Territories</td></tr><tr><td style=\"white-space:nowrap\">262<a name=\"PaisesCS-262\"> </a></td><td>Djibouti</td></tr><tr><td style=\"white-space:nowrap\">266<a name=\"PaisesCS-266\"> </a></td><td>Gabon</td></tr><tr><td style=\"white-space:nowrap\">268<a name=\"PaisesCS-268\"> </a></td><td>Georgia</td></tr><tr><td style=\"white-space:nowrap\">270<a name=\"PaisesCS-270\"> </a></td><td>Gambia</td></tr><tr><td style=\"white-space:nowrap\">275<a name=\"PaisesCS-275\"> </a></td><td>Palestine, State of</td></tr><tr><td style=\"white-space:nowrap\">276<a name=\"PaisesCS-276\"> </a></td><td>Germany</td></tr><tr><td style=\"white-space:nowrap\">288<a name=\"PaisesCS-288\"> </a></td><td>Ghana</td></tr><tr><td style=\"white-space:nowrap\">292<a name=\"PaisesCS-292\"> </a></td><td>Gibraltar</td></tr><tr><td style=\"white-space:nowrap\">296<a name=\"PaisesCS-296\"> </a></td><td>Kiribati</td></tr><tr><td style=\"white-space:nowrap\">300<a name=\"PaisesCS-300\"> </a></td><td>Greece</td></tr><tr><td style=\"white-space:nowrap\">304<a name=\"PaisesCS-304\"> </a></td><td>Greenland</td></tr><tr><td style=\"white-space:nowrap\">308<a name=\"PaisesCS-308\"> </a></td><td>Grenada</td></tr><tr><td style=\"white-space:nowrap\">312<a name=\"PaisesCS-312\"> </a></td><td>Guadeloupe</td></tr><tr><td style=\"white-space:nowrap\">316<a name=\"PaisesCS-316\"> </a></td><td>Guam</td></tr><tr><td style=\"white-space:nowrap\">320<a name=\"PaisesCS-320\"> </a></td><td>Guatemala</td></tr><tr><td style=\"white-space:nowrap\">324<a name=\"PaisesCS-324\"> </a></td><td>Guinea</td></tr><tr><td style=\"white-space:nowrap\">328<a name=\"PaisesCS-328\"> </a></td><td>Guyana</td></tr><tr><td style=\"white-space:nowrap\">332<a name=\"PaisesCS-332\"> </a></td><td>Haiti</td></tr><tr><td style=\"white-space:nowrap\">334<a name=\"PaisesCS-334\"> </a></td><td>Heard Island and McDonald Islands</td></tr><tr><td style=\"white-space:nowrap\">336<a name=\"PaisesCS-336\"> </a></td><td>Holy See</td></tr><tr><td style=\"white-space:nowrap\">340<a name=\"PaisesCS-340\"> </a></td><td>Honduras</td></tr><tr><td style=\"white-space:nowrap\">344<a name=\"PaisesCS-344\"> </a></td><td>Hong Kong</td></tr><tr><td style=\"white-space:nowrap\">348<a name=\"PaisesCS-348\"> </a></td><td>Hungary</td></tr><tr><td style=\"white-space:nowrap\">352<a name=\"PaisesCS-352\"> </a></td><td>Iceland</td></tr><tr><td style=\"white-space:nowrap\">356<a name=\"PaisesCS-356\"> </a></td><td>India</td></tr><tr><td style=\"white-space:nowrap\">360<a name=\"PaisesCS-360\"> </a></td><td>Indonesia</td></tr><tr><td style=\"white-space:nowrap\">364<a name=\"PaisesCS-364\"> </a></td><td>Iran, Islamic Republic of</td></tr><tr><td style=\"white-space:nowrap\">368<a name=\"PaisesCS-368\"> </a></td><td>Iraq</td></tr><tr><td style=\"white-space:nowrap\">372<a name=\"PaisesCS-372\"> </a></td><td>Ireland</td></tr><tr><td style=\"white-space:nowrap\">376<a name=\"PaisesCS-376\"> </a></td><td>Israel</td></tr><tr><td style=\"white-space:nowrap\">380<a name=\"PaisesCS-380\"> </a></td><td>Italy</td></tr><tr><td style=\"white-space:nowrap\">384<a name=\"PaisesCS-384\"> </a></td><td>Ctte d'Ivoire</td></tr><tr><td style=\"white-space:nowrap\">388<a name=\"PaisesCS-388\"> </a></td><td>Jamaica</td></tr><tr><td style=\"white-space:nowrap\">392<a name=\"PaisesCS-392\"> </a></td><td>Japan</td></tr><tr><td style=\"white-space:nowrap\">398<a name=\"PaisesCS-398\"> </a></td><td>Kazakhstan</td></tr><tr><td style=\"white-space:nowrap\">400<a name=\"PaisesCS-400\"> </a></td><td>Jordan</td></tr><tr><td style=\"white-space:nowrap\">404<a name=\"PaisesCS-404\"> </a></td><td>Kenya</td></tr><tr><td style=\"white-space:nowrap\">408<a name=\"PaisesCS-408\"> </a></td><td>Korea, Democratic People's Republic of</td></tr><tr><td style=\"white-space:nowrap\">410<a name=\"PaisesCS-410\"> </a></td><td>Korea, Republic of</td></tr><tr><td style=\"white-space:nowrap\">414<a name=\"PaisesCS-414\"> </a></td><td>Kuwait</td></tr><tr><td style=\"white-space:nowrap\">417<a name=\"PaisesCS-417\"> </a></td><td>Kyrgyzstan</td></tr><tr><td style=\"white-space:nowrap\">418<a name=\"PaisesCS-418\"> </a></td><td>Lao People's Democratic Republic</td></tr><tr><td style=\"white-space:nowrap\">422<a name=\"PaisesCS-422\"> </a></td><td>Lebanon</td></tr><tr><td style=\"white-space:nowrap\">426<a name=\"PaisesCS-426\"> </a></td><td>Lesotho</td></tr><tr><td style=\"white-space:nowrap\">428<a name=\"PaisesCS-428\"> </a></td><td>Latvia</td></tr><tr><td style=\"white-space:nowrap\">430<a name=\"PaisesCS-430\"> </a></td><td>Liberia</td></tr><tr><td style=\"white-space:nowrap\">434<a name=\"PaisesCS-434\"> </a></td><td>Libya</td></tr><tr><td style=\"white-space:nowrap\">438<a name=\"PaisesCS-438\"> </a></td><td>Liechtenstein</td></tr><tr><td style=\"white-space:nowrap\">440<a name=\"PaisesCS-440\"> </a></td><td>Lithuania</td></tr><tr><td style=\"white-space:nowrap\">442<a name=\"PaisesCS-442\"> </a></td><td>Luxembourg</td></tr><tr><td style=\"white-space:nowrap\">446<a name=\"PaisesCS-446\"> </a></td><td>Macao</td></tr><tr><td style=\"white-space:nowrap\">450<a name=\"PaisesCS-450\"> </a></td><td>Madagascar</td></tr><tr><td style=\"white-space:nowrap\">454<a name=\"PaisesCS-454\"> </a></td><td>Malawi</td></tr><tr><td style=\"white-space:nowrap\">458<a name=\"PaisesCS-458\"> </a></td><td>Malaysia</td></tr><tr><td style=\"white-space:nowrap\">462<a name=\"PaisesCS-462\"> </a></td><td>Maldives</td></tr><tr><td style=\"white-space:nowrap\">466<a name=\"PaisesCS-466\"> </a></td><td>Mali</td></tr><tr><td style=\"white-space:nowrap\">470<a name=\"PaisesCS-470\"> </a></td><td>Malta</td></tr><tr><td style=\"white-space:nowrap\">474<a name=\"PaisesCS-474\"> </a></td><td>Martinique</td></tr><tr><td style=\"white-space:nowrap\">478<a name=\"PaisesCS-478\"> </a></td><td>Mauritania</td></tr><tr><td style=\"white-space:nowrap\">480<a name=\"PaisesCS-480\"> </a></td><td>Mauritius</td></tr><tr><td style=\"white-space:nowrap\">484<a name=\"PaisesCS-484\"> </a></td><td>Mexico</td></tr><tr><td style=\"white-space:nowrap\">492<a name=\"PaisesCS-492\"> </a></td><td>Monaco</td></tr><tr><td style=\"white-space:nowrap\">496<a name=\"PaisesCS-496\"> </a></td><td>Mongolia</td></tr><tr><td style=\"white-space:nowrap\">498<a name=\"PaisesCS-498\"> </a></td><td>Moldova, Republic of</td></tr><tr><td style=\"white-space:nowrap\">499<a name=\"PaisesCS-499\"> </a></td><td>Montenegro</td></tr><tr><td style=\"white-space:nowrap\">500<a name=\"PaisesCS-500\"> </a></td><td>Montserrat</td></tr><tr><td style=\"white-space:nowrap\">504<a name=\"PaisesCS-504\"> </a></td><td>Morocco</td></tr><tr><td style=\"white-space:nowrap\">508<a name=\"PaisesCS-508\"> </a></td><td>Mozambique</td></tr><tr><td style=\"white-space:nowrap\">512<a name=\"PaisesCS-512\"> </a></td><td>Oman</td></tr><tr><td style=\"white-space:nowrap\">516<a name=\"PaisesCS-516\"> </a></td><td>Namibia</td></tr><tr><td style=\"white-space:nowrap\">520<a name=\"PaisesCS-520\"> </a></td><td>Nauru</td></tr><tr><td style=\"white-space:nowrap\">524<a name=\"PaisesCS-524\"> </a></td><td>Nepal</td></tr><tr><td style=\"white-space:nowrap\">528<a name=\"PaisesCS-528\"> </a></td><td>Netherlands</td></tr><tr><td style=\"white-space:nowrap\">531<a name=\"PaisesCS-531\"> </a></td><td>Curagao</td></tr><tr><td style=\"white-space:nowrap\">533<a name=\"PaisesCS-533\"> </a></td><td>Aruba</td></tr><tr><td style=\"white-space:nowrap\">534<a name=\"PaisesCS-534\"> </a></td><td>Sint Maarten (Dutch part)</td></tr><tr><td style=\"white-space:nowrap\">535<a name=\"PaisesCS-535\"> </a></td><td>Bonaire, Sint Eustatius and Saba</td></tr><tr><td style=\"white-space:nowrap\">540<a name=\"PaisesCS-540\"> </a></td><td>New Caledonia</td></tr><tr><td style=\"white-space:nowrap\">548<a name=\"PaisesCS-548\"> </a></td><td>Vanuatu</td></tr><tr><td style=\"white-space:nowrap\">554<a name=\"PaisesCS-554\"> </a></td><td>New Zealand</td></tr><tr><td style=\"white-space:nowrap\">558<a name=\"PaisesCS-558\"> </a></td><td>Nicaragua</td></tr><tr><td style=\"white-space:nowrap\">562<a name=\"PaisesCS-562\"> </a></td><td>Niger</td></tr><tr><td style=\"white-space:nowrap\">566<a name=\"PaisesCS-566\"> </a></td><td>Nigeria</td></tr><tr><td style=\"white-space:nowrap\">570<a name=\"PaisesCS-570\"> </a></td><td>Niue</td></tr><tr><td style=\"white-space:nowrap\">574<a name=\"PaisesCS-574\"> </a></td><td>Norfolk Island</td></tr><tr><td style=\"white-space:nowrap\">578<a name=\"PaisesCS-578\"> </a></td><td>Norway</td></tr><tr><td style=\"white-space:nowrap\">580<a name=\"PaisesCS-580\"> </a></td><td>Northern Mariana Islands</td></tr><tr><td style=\"white-space:nowrap\">581<a name=\"PaisesCS-581\"> </a></td><td>United States Minor Outlying Islands</td></tr><tr><td style=\"white-space:nowrap\">583<a name=\"PaisesCS-583\"> </a></td><td>Micronesia, Federated States of</td></tr><tr><td style=\"white-space:nowrap\">584<a name=\"PaisesCS-584\"> </a></td><td>Marshall Islands</td></tr><tr><td style=\"white-space:nowrap\">585<a name=\"PaisesCS-585\"> </a></td><td>Palau</td></tr><tr><td style=\"white-space:nowrap\">586<a name=\"PaisesCS-586\"> </a></td><td>Pakistan</td></tr><tr><td style=\"white-space:nowrap\">591<a name=\"PaisesCS-591\"> </a></td><td>Panama</td></tr><tr><td style=\"white-space:nowrap\">598<a name=\"PaisesCS-598\"> </a></td><td>Papua New Guinea</td></tr><tr><td style=\"white-space:nowrap\">600<a name=\"PaisesCS-600\"> </a></td><td>Paraguay</td></tr><tr><td style=\"white-space:nowrap\">604<a name=\"PaisesCS-604\"> </a></td><td>Peru</td></tr><tr><td style=\"white-space:nowrap\">608<a name=\"PaisesCS-608\"> </a></td><td>Philippines</td></tr><tr><td style=\"white-space:nowrap\">612<a name=\"PaisesCS-612\"> </a></td><td>Pitcairn</td></tr><tr><td style=\"white-space:nowrap\">616<a name=\"PaisesCS-616\"> </a></td><td>Poland</td></tr><tr><td style=\"white-space:nowrap\">620<a name=\"PaisesCS-620\"> </a></td><td>Portugal</td></tr><tr><td style=\"white-space:nowrap\">624<a name=\"PaisesCS-624\"> </a></td><td>Guinea-Bissau</td></tr><tr><td style=\"white-space:nowrap\">626<a name=\"PaisesCS-626\"> </a></td><td>Timor-Leste</td></tr><tr><td style=\"white-space:nowrap\">630<a name=\"PaisesCS-630\"> </a></td><td>Puerto Rico</td></tr><tr><td style=\"white-space:nowrap\">634<a name=\"PaisesCS-634\"> </a></td><td>Qatar</td></tr><tr><td style=\"white-space:nowrap\">638<a name=\"PaisesCS-638\"> </a></td><td>Riunion</td></tr><tr><td style=\"white-space:nowrap\">642<a name=\"PaisesCS-642\"> </a></td><td>Romania</td></tr><tr><td style=\"white-space:nowrap\">643<a name=\"PaisesCS-643\"> </a></td><td>Russian Federation</td></tr><tr><td style=\"white-space:nowrap\">646<a name=\"PaisesCS-646\"> </a></td><td>Rwanda</td></tr><tr><td style=\"white-space:nowrap\">652<a name=\"PaisesCS-652\"> </a></td><td>Saint Barthilemy</td></tr><tr><td style=\"white-space:nowrap\">654<a name=\"PaisesCS-654\"> </a></td><td>Saint Helena, Ascension and Tristan da Cunha</td></tr><tr><td style=\"white-space:nowrap\">659<a name=\"PaisesCS-659\"> </a></td><td>Saint Kitts and Nevis</td></tr><tr><td style=\"white-space:nowrap\">660<a name=\"PaisesCS-660\"> </a></td><td>Anguilla</td></tr><tr><td style=\"white-space:nowrap\">662<a name=\"PaisesCS-662\"> </a></td><td>Saint Lucia</td></tr><tr><td style=\"white-space:nowrap\">663<a name=\"PaisesCS-663\"> </a></td><td>Saint Martin (French part)</td></tr><tr><td style=\"white-space:nowrap\">666<a name=\"PaisesCS-666\"> </a></td><td>Saint Pierre and Miquelon</td></tr><tr><td style=\"white-space:nowrap\">670<a name=\"PaisesCS-670\"> </a></td><td>Saint Vincent and the Grenadines</td></tr><tr><td style=\"white-space:nowrap\">674<a name=\"PaisesCS-674\"> </a></td><td>San Marino</td></tr><tr><td style=\"white-space:nowrap\">678<a name=\"PaisesCS-678\"> </a></td><td>Sao Tome and Principe</td></tr><tr><td style=\"white-space:nowrap\">682<a name=\"PaisesCS-682\"> </a></td><td>Saudi Arabia</td></tr><tr><td style=\"white-space:nowrap\">686<a name=\"PaisesCS-686\"> </a></td><td>Senegal</td></tr><tr><td style=\"white-space:nowrap\">688<a name=\"PaisesCS-688\"> </a></td><td>Serbia</td></tr><tr><td style=\"white-space:nowrap\">690<a name=\"PaisesCS-690\"> </a></td><td>Seychelles</td></tr><tr><td style=\"white-space:nowrap\">694<a name=\"PaisesCS-694\"> </a></td><td>Sierra Leone</td></tr><tr><td style=\"white-space:nowrap\">702<a name=\"PaisesCS-702\"> </a></td><td>Singapore</td></tr><tr><td style=\"white-space:nowrap\">703<a name=\"PaisesCS-703\"> </a></td><td>Slovakia</td></tr><tr><td style=\"white-space:nowrap\">704<a name=\"PaisesCS-704\"> </a></td><td>Viet Nam</td></tr><tr><td style=\"white-space:nowrap\">705<a name=\"PaisesCS-705\"> </a></td><td>Slovenia</td></tr><tr><td style=\"white-space:nowrap\">706<a name=\"PaisesCS-706\"> </a></td><td>Somalia</td></tr><tr><td style=\"white-space:nowrap\">710<a name=\"PaisesCS-710\"> </a></td><td>South Africa</td></tr><tr><td style=\"white-space:nowrap\">716<a name=\"PaisesCS-716\"> </a></td><td>Zimbabwe</td></tr><tr><td style=\"white-space:nowrap\">724<a name=\"PaisesCS-724\"> </a></td><td>Spain</td></tr><tr><td style=\"white-space:nowrap\">728<a name=\"PaisesCS-728\"> </a></td><td>South Sudan</td></tr><tr><td style=\"white-space:nowrap\">729<a name=\"PaisesCS-729\"> </a></td><td>Sudan</td></tr><tr><td style=\"white-space:nowrap\">732<a name=\"PaisesCS-732\"> </a></td><td>Western Sahara</td></tr><tr><td style=\"white-space:nowrap\">740<a name=\"PaisesCS-740\"> </a></td><td>Suriname</td></tr><tr><td style=\"white-space:nowrap\">744<a name=\"PaisesCS-744\"> </a></td><td>Svalbard and Jan Mayen</td></tr><tr><td style=\"white-space:nowrap\">748<a name=\"PaisesCS-748\"> </a></td><td>Swaziland</td></tr><tr><td style=\"white-space:nowrap\">752<a name=\"PaisesCS-752\"> </a></td><td>Sweden</td></tr><tr><td style=\"white-space:nowrap\">756<a name=\"PaisesCS-756\"> </a></td><td>Switzerland</td></tr><tr><td style=\"white-space:nowrap\">760<a name=\"PaisesCS-760\"> </a></td><td>Syrian Arab Republic</td></tr><tr><td style=\"white-space:nowrap\">762<a name=\"PaisesCS-762\"> </a></td><td>Tajikistan</td></tr><tr><td style=\"white-space:nowrap\">764<a name=\"PaisesCS-764\"> </a></td><td>Thailand</td></tr><tr><td style=\"white-space:nowrap\">768<a name=\"PaisesCS-768\"> </a></td><td>Togo</td></tr><tr><td style=\"white-space:nowrap\">772<a name=\"PaisesCS-772\"> </a></td><td>Tokelau</td></tr><tr><td style=\"white-space:nowrap\">776<a name=\"PaisesCS-776\"> </a></td><td>Tonga</td></tr><tr><td style=\"white-space:nowrap\">780<a name=\"PaisesCS-780\"> </a></td><td>Trinidad and Tobago</td></tr><tr><td style=\"white-space:nowrap\">784<a name=\"PaisesCS-784\"> </a></td><td>United Arab Emirates</td></tr><tr><td style=\"white-space:nowrap\">788<a name=\"PaisesCS-788\"> </a></td><td>Tunisia</td></tr><tr><td style=\"white-space:nowrap\">792<a name=\"PaisesCS-792\"> </a></td><td>Turkey</td></tr><tr><td style=\"white-space:nowrap\">795<a name=\"PaisesCS-795\"> </a></td><td>Turkmenistan</td></tr><tr><td style=\"white-space:nowrap\">796<a name=\"PaisesCS-796\"> </a></td><td>Turks and Caicos Islands</td></tr><tr><td style=\"white-space:nowrap\">798<a name=\"PaisesCS-798\"> </a></td><td>Tuvalu</td></tr><tr><td style=\"white-space:nowrap\">800<a name=\"PaisesCS-800\"> </a></td><td>Uganda</td></tr><tr><td style=\"white-space:nowrap\">804<a name=\"PaisesCS-804\"> </a></td><td>Ukraine</td></tr><tr><td style=\"white-space:nowrap\">807<a name=\"PaisesCS-807\"> </a></td><td>Macedonia, the former Yugoslav Republic of</td></tr><tr><td style=\"white-space:nowrap\">818<a name=\"PaisesCS-818\"> </a></td><td>Egypt</td></tr><tr><td style=\"white-space:nowrap\">826<a name=\"PaisesCS-826\"> </a></td><td>United Kingdom</td></tr><tr><td style=\"white-space:nowrap\">831<a name=\"PaisesCS-831\"> </a></td><td>Guernsey</td></tr><tr><td style=\"white-space:nowrap\">832<a name=\"PaisesCS-832\"> </a></td><td>Jersey</td></tr><tr><td style=\"white-space:nowrap\">833<a name=\"PaisesCS-833\"> </a></td><td>Isle of Man</td></tr><tr><td style=\"white-space:nowrap\">834<a name=\"PaisesCS-834\"> </a></td><td>Tanzania, United Republic of</td></tr><tr><td style=\"white-space:nowrap\">840<a name=\"PaisesCS-840\"> </a></td><td>United States of America</td></tr><tr><td style=\"white-space:nowrap\">850<a name=\"PaisesCS-850\"> </a></td><td>Virgin Islands, U.S.</td></tr><tr><td style=\"white-space:nowrap\">854<a name=\"PaisesCS-854\"> </a></td><td>Burkina Faso</td></tr><tr><td style=\"white-space:nowrap\">858<a name=\"PaisesCS-858\"> </a></td><td>Uruguay</td></tr><tr><td style=\"white-space:nowrap\">860<a name=\"PaisesCS-860\"> </a></td><td>Uzbekistan</td></tr><tr><td style=\"white-space:nowrap\">862<a name=\"PaisesCS-862\"> </a></td><td>Venezuela, Bolivarian Republic of</td></tr><tr><td style=\"white-space:nowrap\">876<a name=\"PaisesCS-876\"> </a></td><td>Wallis and Futuna</td></tr><tr><td style=\"white-space:nowrap\">882<a name=\"PaisesCS-882\"> </a></td><td>Samoa</td></tr><tr><td style=\"white-space:nowrap\">887<a name=\"PaisesCS-887\"> </a></td><td>Yemen</td></tr><tr><td style=\"white-space:nowrap\">894<a name=\"PaisesCS-894\"> </a></td><td>Zambia</td></tr></table></div>"},"url":"https://www.minsalud.gov.co/ihc/fhir/CodeSystem/PaisesCS","version":"0.4.3","name":"PaisesCS","title":"Códigos del País CS","status":"active","experimental":false,"date":"2025-03-24T16:25:06-03:00","publisher":"MSP Colombia","contact":[{"name":"MSP Colombia","telecom":[{"system":"url","value":"https://www.minsalud.gov.co/"}]}],"description":"Codigos definidos para la identificación de países segun norma ISO3166-N","jurisdiction":[{"coding":[{"system":"urn:iso:std:iso:3166","code":"CO"}]}],"caseSensitive":true,"content":"complete","count":249,"concept":[{"code":"004","display":"Afghanistan","designation":[{"use":{"system":"http://terminology.hl7.org/CodeSystem/designation-usage","code":"display"},"value":"Afghanistan"}]},{"code":"008","display":"Albania","designation":[{"use":{"system":"http://terminology.hl7.org/CodeSystem/designation-usage","code":"display"},"value":"Albania"}]},{"code":"010","display":"Antarctica","designation":[{"use":{"system":"http://terminology.hl7.org/CodeSystem/designation-usage","code":"display"},"value":"Antarctica"}]},{"code":"012","display":"Algeria","designation":[{"use":{"system":"http://terminology.hl7.org/CodeSystem/designation-usage","code":"display"},"value":"Algeria"}]},{"code":"016","display":"American Samoa","designation":[{"use":{"system":"http://terminology.hl7.org/CodeSystem/designation-usage","code":"display"},"value":"American Samoa"}]},{"code":"020","display":"Andorra","designation":[{"use":{"system":"http://terminology.hl7.org/CodeSystem/designation-usage","code":"display"},"value":"Andorra"}]},{"code":"024","display":"Angola","designation":[{"use":{"system":"http://terminology.hl7.org/CodeSystem/designation-usage","code":"display"},"value":"Angola"}]},{"code":"028","display":"Antigua and Barbuda","designation":[{"use":{"system":"http://terminology.hl7.org/CodeSystem/designation-usage","code":"display"},"value":"Antigua and Barbuda"}]},{"code":"031","display":"Azerbaijan","designation":[{"use":{"system":"http://terminology.hl7.org/CodeSystem/designation-usage","code":"display"},"value":"Azerbaijan"}]},{"code":"032","display":"Argentina","designation":[{"use":{"system":"http://terminology.hl7.org/CodeSystem/designation-usage","code":"display"},"value":"Argentina"}]},{"code":"036","display":"Australia","designation":[{"use":{"system":"http://terminology.hl7.org/CodeSystem/designation-usage","code":"display"},"value":"Australia"}]},{"code":"040","display":"Austria","designation":[{"use":{"system":"http://terminology.hl7.org/CodeSystem/designation-usage","code":"display"},"value":"Austria"}]},{"code":"044","display":"Bahamas","designation":[{"use":{"system":"http://terminology.hl7.org/CodeSystem/designation-usage","code":"display"},"value":"Bahamas"}]},{"code":"048","display":"Bahrain","designation":[{"use":{"system":"http://terminology.hl7.org/CodeSystem/designation-usage","code":"display"},"value":"Bahrain"}]},{"code":"050","display":"Bangladesh","designation":[{"use":{"system":"http://terminology.hl7.org/CodeSystem/designation-usage","code":"display"},"value":"Bangladesh"}]},{"code":"051","display":"Armenia","designation":[{"use":{"system":"http://terminology.hl7.org/CodeSystem/designation-usage","code":"display"},"value":"Armenia"}]},{"code":"052","display":"Barbados","designation":[{"use":{"system":"http://terminology.hl7.org/CodeSystem/designation-usage","code":"display"},"value":"Barbados"}]},{"code":"056","display":"Belgium","designation":[{"use":{"system":"http://terminology.hl7.org/CodeSystem/designation-usage","code":"display"},"value":"Belgium"}]},{"code":"060","display":"Bermuda","designation":[{"use":{"system":"http://terminology.hl7.org/CodeSystem/designation-usage","code":"display"},"value":"Bermuda"}]},{"code":"064","display":"Bhutan","designation":[{"use":{"system":"http://terminology.hl7.org/CodeSystem/designation-usage","code":"display"},"value":"Bhutan"}]},{"code":"068","display":"Bolivia, Plurinational State of","designation":[{"use":{"system":"http://terminology.hl7.org/CodeSystem/designation-usage","code":"display"},"value":"Bolivia, Plurinational State of"}]},{"code":"070","display":"Bosnia and Herzegovina","designation":[{"use":{"system":"http://terminology.hl7.org/CodeSystem/designation-usage","code":"display"},"value":"Bosnia and Herzegovina"}]},{"code":"072","display":"Botswana","designation":[{"use":{"system":"http://terminology.hl7.org/CodeSystem/designation-usage","code":"display"},"value":"Botswana"}]},{"code":"074","display":"Bouvet Island","designation":[{"use":{"system":"http://terminology.hl7.org/CodeSystem/designation-usage","code":"display"},"value":"Bouvet Island"}]},{"code":"076","display":"Brazil","designation":[{"use":{"system":"http://terminology.hl7.org/CodeSystem/designation-usage","code":"display"},"value":"Brazil"}]},{"code":"084","display":"Belize","designation":[{"use":{"system":"http://terminology.hl7.org/CodeSystem/designation-usage","code":"display"},"value":"Belize"}]},{"code":"086","display":"British Indian Ocean Territory","designation":[{"use":{"system":"http://terminology.hl7.org/CodeSystem/designation-usage","code":"display"},"value":"British Indian Ocean Territory"}]},{"code":"090","display":"Solomon Islands","designation":[{"use":{"system":"http://terminology.hl7.org/CodeSystem/designation-usage","code":"display"},"value":"Solomon Islands"}]},{"code":"092","display":"Virgin Islands, British","designation":[{"use":{"system":"http://terminology.hl7.org/CodeSystem/designation-usage","code":"display"},"value":"Virgin Islands, British"}]},{"code":"096","display":"Brunei Darussalam","designation":[{"use":{"system":"http://terminology.hl7.org/CodeSystem/designation-usage","code":"display"},"value":"Brunei Darussalam"}]},{"code":"100","display":"Bulgaria","designation":[{"use":{"system":"http://terminology.hl7.org/CodeSystem/designation-usage","code":"display"},"value":"Bulgaria"}]},{"code":"104","display":"Myanmar","designation":[{"use":{"system":"http://terminology.hl7.org/CodeSystem/designation-usage","code":"display"},"value":"Myanmar"}]},{"code":"108","display":"Burundi","designation":[{"use":{"system":"http://terminology.hl7.org/CodeSystem/designation-usage","code":"display"},"value":"Burundi"}]},{"code":"112","display":"Belarus","designation":[{"use":{"system":"http://terminology.hl7.org/CodeSystem/designation-usage","code":"display"},"value":"Belarus"}]},{"code":"116","display":"Cambodia","designation":[{"use":{"system":"http://terminology.hl7.org/CodeSystem/designation-usage","code":"display"},"value":"Cambodia"}]},{"code":"120","display":"Cameroon","designation":[{"use":{"system":"http://terminology.hl7.org/CodeSystem/designation-usage","code":"display"},"value":"Cameroon"}]},{"code":"124","display":"Canada","designation":[{"use":{"system":"http://terminology.hl7.org/CodeSystem/designation-usage","code":"display"},"value":"Canada"}]},{"code":"132","display":"Cabo Verde","designation":[{"use":{"system":"http://terminology.hl7.org/CodeSystem/designation-usage","code":"display"},"value":"Cabo Verde"}]},{"code":"136","display":"Cayman Islands","designation":[{"use":{"system":"http://terminology.hl7.org/CodeSystem/designation-usage","code":"display"},"value":"Cayman Islands"}]},{"code":"140","display":"Central African Republic","designation":[{"use":{"system":"http://terminology.hl7.org/CodeSystem/designation-usage","code":"display"},"value":"Central African Republic"}]},{"code":"144","display":"Sri Lanka","designation":[{"use":{"system":"http://terminology.hl7.org/CodeSystem/designation-usage","code":"display"},"value":"Sri Lanka"}]},{"code":"148","display":"Chad","designation":[{"use":{"system":"http://terminology.hl7.org/CodeSystem/designation-usage","code":"display"},"value":"Chad"}]},{"code":"152","display":"Chile","designation":[{"use":{"system":"http://terminology.hl7.org/CodeSystem/designation-usage","code":"display"},"value":"Chile"}]},{"code":"156","display":"China","designation":[{"use":{"system":"http://terminology.hl7.org/CodeSystem/designation-usage","code":"display"},"value":"China"}]},{"code":"158","display":"Taiwan, Province of China","designation":[{"use":{"system":"http://terminology.hl7.org/CodeSystem/designation-usage","code":"display"},"value":"Taiwan, Province of China"}]},{"code":"162","display":"Christmas Island","designation":[{"use":{"system":"http://terminology.hl7.org/CodeSystem/designation-usage","code":"display"},"value":"Christmas Island"}]},{"code":"166","display":"Cocos (Keeling) Islands","designation":[{"use":{"system":"http://terminology.hl7.org/CodeSystem/designation-usage","code":"display"},"value":"Cocos (Keeling) Islands"}]},{"code":"170","display":"Colombia","designation":[{"use":{"system":"http://terminology.hl7.org/CodeSystem/designation-usage","code":"display"},"value":"Colombia"}]},{"code":"174","display":"Comoros","designation":[{"use":{"system":"http://terminology.hl7.org/CodeSystem/designation-usage","code":"display"},"value":"Comoros"}]},{"code":"175","display":"Mayotte","designation":[{"use":{"system":"http://terminology.hl7.org/CodeSystem/designation-usage","code":"display"},"value":"Mayotte"}]},{"code":"178","display":"Congo","designation":[{"use":{"system":"http://terminology.hl7.org/CodeSystem/designation-usage","code":"display"},"value":"Congo"}]},{"code":"180","display":"Congo, the Democratic Republic of the","designation":[{"use":{"system":"http://terminology.hl7.org/CodeSystem/designation-usage","code":"display"},"value":"Congo, the Democratic Republic of the"}]},{"code":"184","display":"Cook Islands","designation":[{"use":{"system":"http://terminology.hl7.org/CodeSystem/designation-usage","code":"display"},"value":"Cook Islands"}]},{"code":"188","display":"Costa Rica","designation":[{"use":{"system":"http://terminology.hl7.org/CodeSystem/designation-usage","code":"display"},"value":"Costa Rica"}]},{"code":"191","display":"Croatia","designation":[{"use":{"system":"http://terminology.hl7.org/CodeSystem/designation-usage","code":"display"},"value":"Croatia"}]},{"code":"192","display":"Cuba","designation":[{"use":{"system":"http://terminology.hl7.org/CodeSystem/designation-usage","code":"display"},"value":"Cuba"}]},{"code":"196","display":"Cyprus","designation":[{"use":{"system":"http://terminology.hl7.org/CodeSystem/designation-usage","code":"display"},"value":"Cyprus"}]},{"code":"203","display":"Czechia","designation":[{"use":{"system":"http://terminology.hl7.org/CodeSystem/designation-usage","code":"display"},"value":"Czechia"}]},{"code":"204","display":"Benin","designation":[{"use":{"system":"http://terminology.hl7.org/CodeSystem/designation-usage","code":"display"},"value":"Benin"}]},{"code":"208","display":"Denmark","designation":[{"use":{"system":"http://terminology.hl7.org/CodeSystem/designation-usage","code":"display"},"value":"Denmark"}]},{"code":"212","display":"Dominica","designation":[{"use":{"system":"http://terminology.hl7.org/CodeSystem/designation-usage","code":"display"},"value":"Dominica"}]},{"code":"214","display":"Dominican Republic","designation":[{"use":{"system":"http://terminology.hl7.org/CodeSystem/designation-usage","code":"display"},"value":"Dominican Republic"}]},{"code":"218","display":"Ecuador","designation":[{"use":{"system":"http://terminology.hl7.org/CodeSystem/designation-usage","code":"display"},"value":"Ecuador"}]},{"code":"222","display":"El Salvador","designation":[{"use":{"system":"http://terminology.hl7.org/CodeSystem/designation-usage","code":"display"},"value":"El Salvador"}]},{"code":"226","display":"Equatorial Guinea","designation":[{"use":{"system":"http://terminology.hl7.org/CodeSystem/designation-usage","code":"display"},"value":"Equatorial Guinea"}]},{"code":"231","display":"Ethiopia","designation":[{"use":{"system":"http://terminology.hl7.org/CodeSystem/designation-usage","code":"display"},"value":"Ethiopia"}]},{"code":"232","display":"Eritrea","designation":[{"use":{"system":"http://terminology.hl7.org/CodeSystem/designation-usage","code":"display"},"value":"Eritrea"}]},{"code":"233","display":"Estonia","designation":[{"use":{"system":"http://terminology.hl7.org/CodeSystem/designation-usage","code":"display"},"value":"Estonia"}]},{"code":"234","display":"Faroe Islands","designation":[{"use":{"system":"http://terminology.hl7.org/CodeSystem/designation-usage","code":"display"},"value":"Faroe Islands"}]},{"code":"238","display":"Falkland Islands (Malvinas)","designation":[{"use":{"system":"http://terminology.hl7.org/CodeSystem/designation-usage","code":"display"},"value":"Falkland Islands (Malvinas)"}]},{"code":"239","display":"South Georgia and the South Sandwich Islands","designation":[{"use":{"system":"http://terminology.hl7.org/CodeSystem/designation-usage","code":"display"},"value":"South Georgia and the South Sandwich Islands"}]},{"code":"242","display":"Fiji","designation":[{"use":{"system":"http://terminology.hl7.org/CodeSystem/designation-usage","code":"display"},"value":"Fiji"}]},{"code":"246","display":"Finland","designation":[{"use":{"system":"http://terminology.hl7.org/CodeSystem/designation-usage","code":"display"},"value":"Finland"}]},{"code":"248","display":"Eland Islands","designation":[{"use":{"system":"http://terminology.hl7.org/CodeSystem/designation-usage","code":"display"},"value":"Eland Islands"}]},{"code":"250","display":"France","designation":[{"use":{"system":"http://terminology.hl7.org/CodeSystem/designation-usage","code":"display"},"value":"France"}]},{"code":"254","display":"French Guiana","designation":[{"use":{"system":"http://terminology.hl7.org/CodeSystem/designation-usage","code":"display"},"value":"French Guiana"}]},{"code":"258","display":"French Polynesia","designation":[{"use":{"system":"http://terminology.hl7.org/CodeSystem/designation-usage","code":"display"},"value":"French Polynesia"}]},{"code":"260","display":"French Southern Territories","designation":[{"use":{"system":"http://terminology.hl7.org/CodeSystem/designation-usage","code":"display"},"value":"French Southern Territories"}]},{"code":"262","display":"Djibouti","designation":[{"use":{"system":"http://terminology.hl7.org/CodeSystem/designation-usage","code":"display"},"value":"Djibouti"}]},{"code":"266","display":"Gabon","designation":[{"use":{"system":"http://terminology.hl7.org/CodeSystem/designation-usage","code":"display"},"value":"Gabon"}]},{"code":"268","display":"Georgia","designation":[{"use":{"system":"http://terminology.hl7.org/CodeSystem/designation-usage","code":"display"},"value":"Georgia"}]},{"code":"270","display":"Gambia","designation":[{"use":{"system":"http://terminology.hl7.org/CodeSystem/designation-usage","code":"display"},"value":"Gambia"}]},{"code":"275","display":"Palestine, State of","designation":[{"use":{"system":"http://terminology.hl7.org/CodeSystem/designation-usage","code":"display"},"value":"Palestine, State of"}]},{"code":"276","display":"Germany","designation":[{"use":{"system":"http://terminology.hl7.org/CodeSystem/designation-usage","code":"display"},"value":"Germany"}]},{"code":"288","display":"Ghana","designation":[{"use":{"system":"http://terminology.hl7.org/CodeSystem/designation-usage","code":"display"},"value":"Ghana"}]},{"code":"292","display":"Gibraltar","designation":[{"use":{"system":"http://terminology.hl7.org/CodeSystem/designation-usage","code":"display"},"value":"Gibraltar"}]},{"code":"296","display":"Kiribati","designation":[{"use":{"system":"http://terminology.hl7.org/CodeSystem/designation-usage","code":"display"},"value":"Kiribati"}]},{"code":"300","display":"Greece","designation":[{"use":{"system":"http://terminology.hl7.org/CodeSystem/designation-usage","code":"display"},"value":"Greece"}]},{"code":"304","display":"Greenland","designation":[{"use":{"system":"http://terminology.hl7.org/CodeSystem/designation-usage","code":"display"},"value":"Greenland"}]},{"code":"308","display":"Grenada","designation":[{"use":{"system":"http://terminology.hl7.org/CodeSystem/designation-usage","code":"display"},"value":"Grenada"}]},{"code":"312","display":"Guadeloupe","designation":[{"use":{"system":"http://terminology.hl7.org/CodeSystem/designation-usage","code":"display"},"value":"Guadeloupe"}]},{"code":"316","display":"Guam","designation":[{"use":{"system":"http://terminology.hl7.org/CodeSystem/designation-usage","code":"display"},"value":"Guam"}]},{"code":"320","display":"Guatemala","designation":[{"use":{"system":"http://terminology.hl7.org/CodeSystem/designation-usage","code":"display"},"value":"Guatemala"}]},{"code":"324","display":"Guinea","designation":[{"use":{"system":"http://terminology.hl7.org/CodeSystem/designation-usage","code":"display"},"value":"Guinea"}]},{"code":"328","display":"Guyana","designation":[{"use":{"system":"http://terminology.hl7.org/CodeSystem/designation-usage","code":"display"},"value":"Guyana"}]},{"code":"332","display":"Haiti","designation":[{"use":{"system":"http://terminology.hl7.org/CodeSystem/designation-usage","code":"display"},"value":"Haiti"}]},{"code":"334","display":"Heard Island and McDonald Islands","designation":[{"use":{"system":"http://terminology.hl7.org/CodeSystem/designation-usage","code":"display"},"value":"Heard Island and McDonald Islands"}]},{"code":"336","display":"Holy See","designation":[{"use":{"system":"http://terminology.hl7.org/CodeSystem/designation-usage","code":"display"},"value":"Holy See"}]},{"code":"340","display":"Honduras","designation":[{"use":{"system":"http://terminology.hl7.org/CodeSystem/designation-usage","code":"display"},"value":"Honduras"}]},{"code":"344","display":"Hong Kong","designation":[{"use":{"system":"http://terminology.hl7.org/CodeSystem/designation-usage","code":"display"},"value":"Hong Kong"}]},{"code":"348","display":"Hungary","designation":[{"use":{"system":"http://terminology.hl7.org/CodeSystem/designation-usage","code":"display"},"value":"Hungary"}]},{"code":"352","display":"Iceland","designation":[{"use":{"system":"http://terminology.hl7.org/CodeSystem/designation-usage","code":"display"},"value":"Iceland"}]},{"code":"356","display":"India","designation":[{"use":{"system":"http://terminology.hl7.org/CodeSystem/designation-usage","code":"display"},"value":"India"}]},{"code":"360","display":"Indonesia","designation":[{"use":{"system":"http://terminology.hl7.org/CodeSystem/designation-usage","code":"display"},"value":"Indonesia"}]},{"code":"364","display":"Iran, Islamic Republic of","designation":[{"use":{"system":"http://terminology.hl7.org/CodeSystem/designation-usage","code":"display"},"value":"Iran, Islamic Republic of"}]},{"code":"368","display":"Iraq","designation":[{"use":{"system":"http://terminology.hl7.org/CodeSystem/designation-usage","code":"display"},"value":"Iraq"}]},{"code":"372","display":"Ireland","designation":[{"use":{"system":"http://terminology.hl7.org/CodeSystem/designation-usage","code":"display"},"value":"Ireland"}]},{"code":"376","display":"Israel","designation":[{"use":{"system":"http://terminology.hl7.org/CodeSystem/designation-usage","code":"display"},"value":"Israel"}]},{"code":"380","display":"Italy","designation":[{"use":{"system":"http://terminology.hl7.org/CodeSystem/designation-usage","code":"display"},"value":"Italy"}]},{"code":"384","display":"Ctte d'Ivoire","designation":[{"use":{"system":"http://terminology.hl7.org/CodeSystem/designation-usage","code":"display"},"value":"Ctte d'Ivoire"}]},{"code":"388","display":"Jamaica","designation":[{"use":{"system":"http://terminology.hl7.org/CodeSystem/designation-usage","code":"display"},"value":"Jamaica"}]},{"code":"392","display":"Japan","designation":[{"use":{"system":"http://terminology.hl7.org/CodeSystem/designation-usage","code":"display"},"value":"Japan"}]},{"code":"398","display":"Kazakhstan","designation":[{"use":{"system":"http://terminology.hl7.org/CodeSystem/designation-usage","code":"display"},"value":"Kazakhstan"}]},{"code":"400","display":"Jordan","designation":[{"use":{"system":"http://terminology.hl7.org/CodeSystem/designation-usage","code":"display"},"value":"Jordan"}]},{"code":"404","display":"Kenya","designation":[{"use":{"system":"http://terminology.hl7.org/CodeSystem/designation-usage","code":"display"},"value":"Kenya"}]},{"code":"408","display":"Korea, Democratic People's Republic of","designation":[{"use":{"system":"http://terminology.hl7.org/CodeSystem/designation-usage","code":"display"},"value":"Korea, Democratic People's Republic of"}]},{"code":"410","display":"Korea, Republic of","designation":[{"use":{"system":"http://terminology.hl7.org/CodeSystem/designation-usage","code":"display"},"value":"Korea, Republic of"}]},{"code":"414","display":"Kuwait","designation":[{"use":{"system":"http://terminology.hl7.org/CodeSystem/designation-usage","code":"display"},"value":"Kuwait"}]},{"code":"417","display":"Kyrgyzstan","designation":[{"use":{"system":"http://terminology.hl7.org/CodeSystem/designation-usage","code":"display"},"value":"Kyrgyzstan"}]},{"code":"418","display":"Lao People's Democratic Republic","designation":[{"use":{"system":"http://terminology.hl7.org/CodeSystem/designation-usage","code":"display"},"value":"Lao People's Democratic Republic"}]},{"code":"422","display":"Lebanon","designation":[{"use":{"system":"http://terminology.hl7.org/CodeSystem/designation-usage","code":"display"},"value":"Lebanon"}]},{"code":"426","display":"Lesotho","designation":[{"use":{"system":"http://terminology.hl7.org/CodeSystem/designation-usage","code":"display"},"value":"Lesotho"}]},{"code":"428","display":"Latvia","designation":[{"use":{"system":"http://terminology.hl7.org/CodeSystem/designation-usage","code":"display"},"value":"Latvia"}]},{"code":"430","display":"Liberia","designation":[{"use":{"system":"http://terminology.hl7.org/CodeSystem/designation-usage","code":"display"},"value":"Liberia"}]},{"code":"434","display":"Libya","designation":[{"use":{"system":"http://terminology.hl7.org/CodeSystem/designation-usage","code":"display"},"value":"Libya"}]},{"code":"438","display":"Liechtenstein","designation":[{"use":{"system":"http://terminology.hl7.org/CodeSystem/designation-usage","code":"display"},"value":"Liechtenstein"}]},{"code":"440","display":"Lithuania","designation":[{"use":{"system":"http://terminology.hl7.org/CodeSystem/designation-usage","code":"display"},"value":"Lithuania"}]},{"code":"442","display":"Luxembourg","designation":[{"use":{"system":"http://terminology.hl7.org/CodeSystem/designation-usage","code":"display"},"value":"Luxembourg"}]},{"code":"446","display":"Macao","designation":[{"use":{"system":"http://terminology.hl7.org/CodeSystem/designation-usage","code":"display"},"value":"Macao"}]},{"code":"450","display":"Madagascar","designation":[{"use":{"system":"http://terminology.hl7.org/CodeSystem/designation-usage","code":"display"},"value":"Madagascar"}]},{"code":"454","display":"Malawi","designation":[{"use":{"system":"http://terminology.hl7.org/CodeSystem/designation-usage","code":"display"},"value":"Malawi"}]},{"code":"458","display":"Malaysia","designation":[{"use":{"system":"http://terminology.hl7.org/CodeSystem/designation-usage","code":"display"},"value":"Malaysia"}]},{"code":"462","display":"Maldives","designation":[{"use":{"system":"http://terminology.hl7.org/CodeSystem/designation-usage","code":"display"},"value":"Maldives"}]},{"code":"466","display":"Mali","designation":[{"use":{"system":"http://terminology.hl7.org/CodeSystem/designation-usage","code":"display"},"value":"Mali"}]},{"code":"470","display":"Malta","designation":[{"use":{"system":"http://terminology.hl7.org/CodeSystem/designation-usage","code":"display"},"value":"Malta"}]},{"code":"474","display":"Martinique","designation":[{"use":{"system":"http://terminology.hl7.org/CodeSystem/designation-usage","code":"display"},"value":"Martinique"}]},{"code":"478","display":"Mauritania","designation":[{"use":{"system":"http://terminology.hl7.org/CodeSystem/designation-usage","code":"display"},"value":"Mauritania"}]},{"code":"480","display":"Mauritius","designation":[{"use":{"system":"http://terminology.hl7.org/CodeSystem/designation-usage","code":"display"},"value":"Mauritius"}]},{"code":"484","display":"Mexico","designation":[{"use":{"system":"http://terminology.hl7.org/CodeSystem/designation-usage","code":"display"},"value":"Mexico"}]},{"code":"492","display":"Monaco","designation":[{"use":{"system":"http://terminology.hl7.org/CodeSystem/designation-usage","code":"display"},"value":"Monaco"}]},{"code":"496","display":"Mongolia","designation":[{"use":{"system":"http://terminology.hl7.org/CodeSystem/designation-usage","code":"display"},"value":"Mongolia"}]},{"code":"498","display":"Moldova, Republic of","designation":[{"use":{"system":"http://terminology.hl7.org/CodeSystem/designation-usage","code":"display"},"value":"Moldova, Republic of"}]},{"code":"499","display":"Montenegro","designation":[{"use":{"system":"http://terminology.hl7.org/CodeSystem/designation-usage","code":"display"},"value":"Montenegro"}]},{"code":"500","display":"Montserrat","designation":[{"use":{"system":"http://terminology.hl7.org/CodeSystem/designation-usage","code":"display"},"value":"Montserrat"}]},{"code":"504","display":"Morocco","designation":[{"use":{"system":"http://terminology.hl7.org/CodeSystem/designation-usage","code":"display"},"value":"Morocco"}]},{"code":"508","display":"Mozambique","designation":[{"use":{"system":"http://terminology.hl7.org/CodeSystem/designation-usage","code":"display"},"value":"Mozambique"}]},{"code":"512","display":"Oman","designation":[{"use":{"system":"http://terminology.hl7.org/CodeSystem/designation-usage","code":"display"},"value":"Oman"}]},{"code":"516","display":"Namibia","designation":[{"use":{"system":"http://terminology.hl7.org/CodeSystem/designation-usage","code":"display"},"value":"Namibia"}]},{"code":"520","display":"Nauru","designation":[{"use":{"system":"http://terminology.hl7.org/CodeSystem/designation-usage","code":"display"},"value":"Nauru"}]},{"code":"524","display":"Nepal","designation":[{"use":{"system":"http://terminology.hl7.org/CodeSystem/designation-usage","code":"display"},"value":"Nepal"}]},{"code":"528","display":"Netherlands","designation":[{"use":{"system":"http://terminology.hl7.org/CodeSystem/designation-usage","code":"display"},"value":"Netherlands"}]},{"code":"531","display":"Curagao","designation":[{"use":{"system":"http://terminology.hl7.org/CodeSystem/designation-usage","code":"display"},"value":"Curagao"}]},{"code":"533","display":"Aruba","designation":[{"use":{"system":"http://terminology.hl7.org/CodeSystem/designation-usage","code":"display"},"value":"Aruba"}]},{"code":"534","display":"Sint Maarten (Dutch part)","designation":[{"use":{"system":"http://terminology.hl7.org/CodeSystem/designation-usage","code":"display"},"value":"Sint Maarten (Dutch part)"}]},{"code":"535","display":"Bonaire, Sint Eustatius and Saba","designation":[{"use":{"system":"http://terminology.hl7.org/CodeSystem/designation-usage","code":"display"},"value":"Bonaire, Sint Eustatius and Saba"}]},{"code":"540","display":"New Caledonia","designation":[{"use":{"system":"http://terminology.hl7.org/CodeSystem/designation-usage","code":"display"},"value":"New Caledonia"}]},{"code":"548","display":"Vanuatu","designation":[{"use":{"system":"http://terminology.hl7.org/CodeSystem/designation-usage","code":"display"},"value":"Vanuatu"}]},{"code":"554","display":"New Zealand","designation":[{"use":{"system":"http://terminology.hl7.org/CodeSystem/designation-usage","code":"display"},"value":"New Zealand"}]},{"code":"558","display":"Nicaragua","designation":[{"use":{"system":"http://terminology.hl7.org/CodeSystem/designation-usage","code":"display"},"value":"Nicaragua"}]},{"code":"562","display":"Niger","designation":[{"use":{"system":"http://terminology.hl7.org/CodeSystem/designation-usage","code":"display"},"value":"Niger"}]},{"code":"566","display":"Nigeria","designation":[{"use":{"system":"http://terminology.hl7.org/CodeSystem/designation-usage","code":"display"},"value":"Nigeria"}]},{"code":"570","display":"Niue","designation":[{"use":{"system":"http://terminology.hl7.org/CodeSystem/designation-usage","code":"display"},"value":"Niue"}]},{"code":"574","display":"Norfolk Island","designation":[{"use":{"system":"http://terminology.hl7.org/CodeSystem/designation-usage","code":"display"},"value":"Norfolk Island"}]},{"code":"578","display":"Norway","designation":[{"use":{"system":"http://terminology.hl7.org/CodeSystem/designation-usage","code":"display"},"value":"Norway"}]},{"code":"580","display":"Northern Mariana Islands","designation":[{"use":{"system":"http://terminology.hl7.org/CodeSystem/designation-usage","code":"display"},"value":"Northern Mariana Islands"}]},{"code":"581","display":"United States Minor Outlying Islands","designation":[{"use":{"system":"http://terminology.hl7.org/CodeSystem/designation-usage","code":"display"},"value":"United States Minor Outlying Islands"}]},{"code":"583","display":"Micronesia, Federated States of","designation":[{"use":{"system":"http://terminology.hl7.org/CodeSystem/designation-usage","code":"display"},"value":"Micronesia, Federated States of"}]},{"code":"584","display":"Marshall Islands","designation":[{"use":{"system":"http://terminology.hl7.org/CodeSystem/designation-usage","code":"display"},"value":"Marshall Islands"}]},{"code":"585","display":"Palau","designation":[{"use":{"system":"http://terminology.hl7.org/CodeSystem/designation-usage","code":"display"},"value":"Palau"}]},{"code":"586","display":"Pakistan","designation":[{"use":{"system":"http://terminology.hl7.org/CodeSystem/designation-usage","code":"display"},"value":"Pakistan"}]},{"code":"591","display":"Panama","designation":[{"use":{"system":"http://terminology.hl7.org/CodeSystem/designation-usage","code":"display"},"value":"Panama"}]},{"code":"598","display":"Papua New Guinea","designation":[{"use":{"system":"http://terminology.hl7.org/CodeSystem/designation-usage","code":"display"},"value":"Papua New Guinea"}]},{"code":"600","display":"Paraguay","designation":[{"use":{"system":"http://terminology.hl7.org/CodeSystem/designation-usage","code":"display"},"value":"Paraguay"}]},{"code":"604","display":"Peru","designation":[{"use":{"system":"http://terminology.hl7.org/CodeSystem/designation-usage","code":"display"},"value":"Peru"}]},{"code":"608","display":"Philippines","designation":[{"use":{"system":"http://terminology.hl7.org/CodeSystem/designation-usage","code":"display"},"value":"Philippines"}]},{"code":"612","display":"Pitcairn","designation":[{"use":{"system":"http://terminology.hl7.org/CodeSystem/designation-usage","code":"display"},"value":"Pitcairn"}]},{"code":"616","display":"Poland","designation":[{"use":{"system":"http://terminology.hl7.org/CodeSystem/designation-usage","code":"display"},"value":"Poland"}]},{"code":"620","display":"Portugal","designation":[{"use":{"system":"http://terminology.hl7.org/CodeSystem/designation-usage","code":"display"},"value":"Portugal"}]},{"code":"624","display":"Guinea-Bissau","designation":[{"use":{"system":"http://terminology.hl7.org/CodeSystem/designation-usage","code":"display"},"value":"Guinea-Bissau"}]},{"code":"626","display":"Timor-Leste","designation":[{"use":{"system":"http://terminology.hl7.org/CodeSystem/designation-usage","code":"display"},"value":"Timor-Leste"}]},{"code":"630","display":"Puerto Rico","designation":[{"use":{"system":"http://terminology.hl7.org/CodeSystem/designation-usage","code":"display"},"value":"Puerto Rico"}]},{"code":"634","display":"Qatar","designation":[{"use":{"system":"http://terminology.hl7.org/CodeSystem/designation-usage","code":"display"},"value":"Qatar"}]},{"code":"638","display":"Riunion","designation":[{"use":{"system":"http://terminology.hl7.org/CodeSystem/designation-usage","code":"display"},"value":"Riunion"}]},{"code":"642","display":"Romania","designation":[{"use":{"system":"http://terminology.hl7.org/CodeSystem/designation-usage","code":"display"},"value":"Romania"}]},{"code":"643","display":"Russian Federation","designation":[{"use":{"system":"http://terminology.hl7.org/CodeSystem/designation-usage","code":"display"},"value":"Russian Federation"}]},{"code":"646","display":"Rwanda","designation":[{"use":{"system":"http://terminology.hl7.org/CodeSystem/designation-usage","code":"display"},"value":"Rwanda"}]},{"code":"652","display":"Saint Barthilemy","designation":[{"use":{"system":"http://terminology.hl7.org/CodeSystem/designation-usage","code":"display"},"value":"Saint Barthilemy"}]},{"code":"654","display":"Saint Helena, Ascension and Tristan da Cunha","designation":[{"use":{"system":"http://terminology.hl7.org/CodeSystem/designation-usage","code":"display"},"value":"Saint Helena, Ascension and Tristan da Cunha"}]},{"code":"659","display":"Saint Kitts and Nevis","designation":[{"use":{"system":"http://terminology.hl7.org/CodeSystem/designation-usage","code":"display"},"value":"Saint Kitts and Nevis"}]},{"code":"660","display":"Anguilla","designation":[{"use":{"system":"http://terminology.hl7.org/CodeSystem/designation-usage","code":"display"},"value":"Anguilla"}]},{"code":"662","display":"Saint Lucia","designation":[{"use":{"system":"http://terminology.hl7.org/CodeSystem/designation-usage","code":"display"},"value":"Saint Lucia"}]},{"code":"663","display":"Saint Martin (French part)","designation":[{"use":{"system":"http://terminology.hl7.org/CodeSystem/designation-usage","code":"display"},"value":"Saint Martin (French part)"}]},{"code":"666","display":"Saint Pierre and Miquelon","designation":[{"use":{"system":"http://terminology.hl7.org/CodeSystem/designation-usage","code":"display"},"value":"Saint Pierre and Miquelon"}]},{"code":"670","display":"Saint Vincent and the Grenadines","designation":[{"use":{"system":"http://terminology.hl7.org/CodeSystem/designation-usage","code":"display"},"value":"Saint Vincent and the Grenadines"}]},{"code":"674","display":"San Marino","designation":[{"use":{"system":"http://terminology.hl7.org/CodeSystem/designation-usage","code":"display"},"value":"San Marino"}]},{"code":"678","display":"Sao Tome and Principe","designation":[{"use":{"system":"http://terminology.hl7.org/CodeSystem/designation-usage","code":"display"},"value":"Sao Tome and Principe"}]},{"code":"682","display":"Saudi Arabia","designation":[{"use":{"system":"http://terminology.hl7.org/CodeSystem/designation-usage","code":"display"},"value":"Saudi Arabia"}]},{"code":"686","display":"Senegal","designation":[{"use":{"system":"http://terminology.hl7.org/CodeSystem/designation-usage","code":"display"},"value":"Senegal"}]},{"code":"688","display":"Serbia","designation":[{"use":{"system":"http://terminology.hl7.org/CodeSystem/designation-usage","code":"display"},"value":"Serbia"}]},{"code":"690","display":"Seychelles","designation":[{"use":{"system":"http://terminology.hl7.org/CodeSystem/designation-usage","code":"display"},"value":"Seychelles"}]},{"code":"694","display":"Sierra Leone","designation":[{"use":{"system":"http://terminology.hl7.org/CodeSystem/designation-usage","code":"display"},"value":"Sierra Leone"}]},{"code":"702","display":"Singapore","designation":[{"use":{"system":"http://terminology.hl7.org/CodeSystem/designation-usage","code":"display"},"value":"Singapore"}]},{"code":"703","display":"Slovakia","designation":[{"use":{"system":"http://terminology.hl7.org/CodeSystem/designation-usage","code":"display"},"value":"Slovakia"}]},{"code":"704","display":"Viet Nam","designation":[{"use":{"system":"http://terminology.hl7.org/CodeSystem/designation-usage","code":"display"},"value":"Viet Nam"}]},{"code":"705","display":"Slovenia","designation":[{"use":{"system":"http://terminology.hl7.org/CodeSystem/designation-usage","code":"display"},"value":"Slovenia"}]},{"code":"706","display":"Somalia","designation":[{"use":{"system":"http://terminology.hl7.org/CodeSystem/designation-usage","code":"display"},"value":"Somalia"}]},{"code":"710","display":"South Africa","designation":[{"use":{"system":"http://terminology.hl7.org/CodeSystem/designation-usage","code":"display"},"value":"South Africa"}]},{"code":"716","display":"Zimbabwe","designation":[{"use":{"system":"http://terminology.hl7.org/CodeSystem/designation-usage","code":"display"},"value":"Zimbabwe"}]},{"code":"724","display":"Spain","designation":[{"use":{"system":"http://terminology.hl7.org/CodeSystem/designation-usage","code":"display"},"value":"Spain"}]},{"code":"728","display":"South Sudan","designation":[{"use":{"system":"http://terminology.hl7.org/CodeSystem/designation-usage","code":"display"},"value":"South Sudan"}]},{"code":"729","display":"Sudan","designation":[{"use":{"system":"http://terminology.hl7.org/CodeSystem/designation-usage","code":"display"},"value":"Sudan"}]},{"code":"732","display":"Western Sahara","designation":[{"use":{"system":"http://terminology.hl7.org/CodeSystem/designation-usage","code":"display"},"value":"Western Sahara"}]},{"code":"740","display":"Suriname","designation":[{"use":{"system":"http://terminology.hl7.org/CodeSystem/designation-usage","code":"display"},"value":"Suriname"}]},{"code":"744","display":"Svalbard and Jan Mayen","designation":[{"use":{"system":"http://terminology.hl7.org/CodeSystem/designation-usage","code":"display"},"value":"Svalbard and Jan Mayen"}]},{"code":"748","display":"Swaziland","designation":[{"use":{"system":"http://terminology.hl7.org/CodeSystem/designation-usage","code":"display"},"value":"Swaziland"}]},{"code":"752","display":"Sweden","designation":[{"use":{"system":"http://terminology.hl7.org/CodeSystem/designation-usage","code":"display"},"value":"Sweden"}]},{"code":"756","display":"Switzerland","designation":[{"use":{"system":"http://terminology.hl7.org/CodeSystem/designation-usage","code":"display"},"value":"Switzerland"}]},{"code":"760","display":"Syrian Arab Republic","designation":[{"use":{"system":"http://terminology.hl7.org/CodeSystem/designation-usage","code":"display"},"value":"Syrian Arab Republic"}]},{"code":"762","display":"Tajikistan","designation":[{"use":{"system":"http://terminology.hl7.org/CodeSystem/designation-usage","code":"display"},"value":"Tajikistan"}]},{"code":"764","display":"Thailand","designation":[{"use":{"system":"http://terminology.hl7.org/CodeSystem/designation-usage","code":"display"},"value":"Thailand"}]},{"code":"768","display":"Togo","designation":[{"use":{"system":"http://terminology.hl7.org/CodeSystem/designation-usage","code":"display"},"value":"Togo"}]},{"code":"772","display":"Tokelau","designation":[{"use":{"system":"http://terminology.hl7.org/CodeSystem/designation-usage","code":"display"},"value":"Tokelau"}]},{"code":"776","display":"Tonga","designation":[{"use":{"system":"http://terminology.hl7.org/CodeSystem/designation-usage","code":"display"},"value":"Tonga"}]},{"code":"780","display":"Trinidad and Tobago","designation":[{"use":{"system":"http://terminology.hl7.org/CodeSystem/designation-usage","code":"display"},"value":"Trinidad and Tobago"}]},{"code":"784","display":"United Arab Emirates","designation":[{"use":{"system":"http://terminology.hl7.org/CodeSystem/designation-usage","code":"display"},"value":"United Arab Emirates"}]},{"code":"788","display":"Tunisia","designation":[{"use":{"system":"http://terminology.hl7.org/CodeSystem/designation-usage","code":"display"},"value":"Tunisia"}]},{"code":"792","display":"Turkey","designation":[{"use":{"system":"http://terminology.hl7.org/CodeSystem/designation-usage","code":"display"},"value":"Turkey"}]},{"code":"795","display":"Turkmenistan","designation":[{"use":{"system":"http://terminology.hl7.org/CodeSystem/designation-usage","code":"display"},"value":"Turkmenistan"}]},{"code":"796","display":"Turks and Caicos Islands","designation":[{"use":{"system":"http://terminology.hl7.org/CodeSystem/designation-usage","code":"display"},"value":"Turks and Caicos Islands"}]},{"code":"798","display":"Tuvalu","designation":[{"use":{"system":"http://terminology.hl7.org/CodeSystem/designation-usage","code":"display"},"value":"Tuvalu"}]},{"code":"800","display":"Uganda","designation":[{"use":{"system":"http://terminology.hl7.org/CodeSystem/designation-usage","code":"display"},"value":"Uganda"}]},{"code":"804","display":"Ukraine","designation":[{"use":{"system":"http://terminology.hl7.org/CodeSystem/designation-usage","code":"display"},"value":"Ukraine"}]},{"code":"807","display":"Macedonia, the former Yugoslav Republic of","designation":[{"use":{"system":"http://terminology.hl7.org/CodeSystem/designation-usage","code":"display"},"value":"Macedonia, the former Yugoslav Republic of"}]},{"code":"818","display":"Egypt","designation":[{"use":{"system":"http://terminology.hl7.org/CodeSystem/designation-usage","code":"display"},"value":"Egypt"}]},{"code":"826","display":"United Kingdom","designation":[{"use":{"system":"http://terminology.hl7.org/CodeSystem/designation-usage","code":"display"},"value":"United Kingdom"}]},{"code":"831","display":"Guernsey","designation":[{"use":{"system":"http://terminology.hl7.org/CodeSystem/designation-usage","code":"display"},"value":"Guernsey"}]},{"code":"832","display":"Jersey","designation":[{"use":{"system":"http://terminology.hl7.org/CodeSystem/designation-usage","code":"display"},"value":"Jersey"}]},{"code":"833","display":"Isle of Man","designation":[{"use":{"system":"http://terminology.hl7.org/CodeSystem/designation-usage","code":"display"},"value":"Isle of Man"}]},{"code":"834","display":"Tanzania, United Republic of","designation":[{"use":{"system":"http://terminology.hl7.org/CodeSystem/designation-usage","code":"display"},"value":"Tanzania, United Republic of"}]},{"code":"840","display":"United States of America","designation":[{"use":{"system":"http://terminology.hl7.org/CodeSystem/designation-usage","code":"display"},"value":"United States of America"}]},{"code":"850","display":"Virgin Islands, U.S.","designation":[{"use":{"system":"http://terminology.hl7.org/CodeSystem/designation-usage","code":"display"},"value":"Virgin Islands, U.S."}]},{"code":"854","display":"Burkina Faso","designation":[{"use":{"system":"http://terminology.hl7.org/CodeSystem/designation-usage","code":"display"},"value":"Burkina Faso"}]},{"code":"858","display":"Uruguay","designation":[{"use":{"system":"http://terminology.hl7.org/CodeSystem/designation-usage","code":"display"},"value":"Uruguay"}]},{"code":"860","display":"Uzbekistan","designation":[{"use":{"system":"http://terminology.hl7.org/CodeSystem/designation-usage","code":"display"},"value":"Uzbekistan"}]},{"code":"862","display":"Venezuela, Bolivarian Republic of","designation":[{"use":{"system":"http://terminology.hl7.org/CodeSystem/designation-usage","code":"display"},"value":"Venezuela, Bolivarian Republic of"}]},{"code":"876","display":"Wallis and Futuna","designation":[{"use":{"system":"http://terminology.hl7.org/CodeSystem/designation-usage","code":"display"},"value":"Wallis and Futuna"}]},{"code":"882","display":"Samoa","designation":[{"use":{"system":"http://terminology.hl7.org/CodeSystem/designation-usage","code":"display"},"value":"Samoa"}]},{"code":"887","display":"Yemen","designation":[{"use":{"system":"http://terminology.hl7.org/CodeSystem/designation-usage","code":"display"},"value":"Yemen"}]},{"code":"894","display":"Zambia","designation":[{"use":{"system":"http://terminology.hl7.org/CodeSystem/designation-usage","code":"display"},"value":"Zambia"}]}]}