{"resourceType":"ValueSet","id":"DiscapacidadVS","text":{"status":"generated","div":"<div xmlns=\"http://www.w3.org/1999/xhtml\"><p class=\"res-header-id\"><b>Generated Narrative: ValueSet DiscapacidadVS</b></p><a name=\"DiscapacidadVS\"> </a><a name=\"hcDiscapacidadVS\"> </a><a name=\"DiscapacidadVS-es-CO\"> </a><ul><li>Include all codes defined in <a href=\"CodeSystem-DiscapacidadCS.html\"><code>https://www.minsalud.gov.co/ihc/fhir/CodeSystem/DiscapacidadCS</code></a></li></ul></div>"},"url":"https://www.minsalud.gov.co/ihc/fhir/ValueSet/DiscapacidadVS","version":"0.4.3","name":"DiscapacidadVS","title":"Discapacidad","status":"active","experimental":false,"date":"2023-01-01T00:00:00-05:00","publisher":"MSP Colombia","contact":[{"name":"MSP Colombia","telecom":[{"system":"url","value":"https://www.minsalud.gov.co/"}]}],"description":"Códigos de Discapacidad","jurisdiction":[{"coding":[{"system":"urn:iso:std:iso:3166","code":"CO","display":"Colombia"}]}],"compose":{"include":[{"system":"https://www.minsalud.gov.co/ihc/fhir/CodeSystem/DiscapacidadCS"}]}}