{"resourceType":"ValueSet","id":"CUMSVS","text":{"status":"generated","div":"<div xmlns=\"http://www.w3.org/1999/xhtml\"><p class=\"res-header-id\"><b>Generated Narrative: ValueSet CUMSVS</b></p><a name=\"CUMSVS\"> </a><a name=\"hcCUMSVS\"> </a><a name=\"CUMSVS-es-CO\"> </a><ul><li>Include all codes defined in <code>https://www.minsalud.gov.co/CodeSystem/CUMS</code></li></ul></div>"},"url":"https://www.minsalud.gov.co/ihc/fhir/ValueSet/CUMSVS","version":"0.4.3","name":"CUMSVS","title":"Codificacion CUMS","status":"active","experimental":false,"date":"2023-01-01T00:00:00-05:00","publisher":"MSP Colombia","contact":[{"name":"MSP Colombia","telecom":[{"system":"url","value":"https://www.minsalud.gov.co/"}]}],"description":"Conjunto de Valores de Codificacion CUMS","jurisdiction":[{"coding":[{"system":"urn:iso:std:iso:3166","code":"CO","display":"Colombia"}]}],"compose":{"include":[{"system":"https://www.minsalud.gov.co/CodeSystem/CUMS"}]}}