{"resourceType":"ValueSet","id":"IdentidadGeneroVS","text":{"status":"generated","div":"<div xmlns=\"http://www.w3.org/1999/xhtml\"><p class=\"res-header-id\"><b>Generated Narrative: ValueSet IdentidadGeneroVS</b></p><a name=\"IdentidadGeneroVS\"> </a><a name=\"hcIdentidadGeneroVS\"> </a><a name=\"IdentidadGeneroVS-es-CO\"> </a><ul><li>Include all codes defined in <a href=\"CodeSystem-IdentidadGeneroCS.html\"><code>https://www.minsalud.gov.co/ihc/fhir/CodeSystem/IdentidadGeneroCS</code></a></li></ul></div>"},"url":"https://www.minsalud.gov.co/ihc/fhir/ValueSet/IdentidadGeneroVS","version":"0.4.3","name":"IdentidadGeneroVS","title":"Identidad de Genero","status":"active","experimental":false,"date":"2023-01-01T00:00:00-05:00","publisher":"MSP Colombia","contact":[{"name":"MSP Colombia","telecom":[{"system":"url","value":"https://www.minsalud.gov.co/"}]}],"description":"Conjunto de Valores para identidad de Género.","jurisdiction":[{"coding":[{"system":"urn:iso:std:iso:3166","code":"CO"}]}],"compose":{"include":[{"system":"https://www.minsalud.gov.co/ihc/fhir/CodeSystem/IdentidadGeneroCS"}]}}