<?xml version="1.0" encoding="UTF-8"?>

<AllergyIntolerance xmlns="http://hl7.org/fhir">
  <id value="AlergiaColombia2"/>
  <meta>
    <profile value="https://www.minsalud.gov.co/ihc/fhir/StructureDefinition/AlergiaCo"/>
  </meta>
  <text>
    <status value="generated"/><div xmlns="http://www.w3.org/1999/xhtml"><p class="res-header-id"><b>Generated Narrative: AllergyIntolerance AlergiaColombia2</b></p><a name="AlergiaColombia2"> </a><a name="hcAlergiaColombia2"> </a><a name="AlergiaColombia2-es-CO"> </a><p><b>clinicalStatus</b>: <span title="Codes:{http://terminology.hl7.org/CodeSystem/allergyintolerance-clinical active}">Active</span></p><p><b>verificationStatus</b>: <span title="Codes:{http://terminology.hl7.org/CodeSystem/allergyintolerance-verification confirmed}">Confirmed</span></p><p><b>code</b>: <span title="Codes:">alergia a nueces</span></p><p><b>patient</b>: <a href="Bundle-BundleColombiaCo2.html#urn-uuid-2f8d6332-e339-457d-b5e8-1a140a1f3ea1">Paciente Colombiano</a></p></div>
  </text>
  <extension url="https://www.minsalud.gov.co/ihc/fhir/StructureDefinition/co-AllergyIntolerance-tipo">
    <valueCodeableConcept>
      <coding>
        <system value="https://www.minsalud.gov.co/ihc/fhir/CodeSystem/AlergiasCS"/>
        <code value="03"/>
      </coding>
    </valueCodeableConcept>
  </extension>
  <clinicalStatus>
    <coding>
      <system value="http://terminology.hl7.org/CodeSystem/allergyintolerance-clinical"/>
      <code value="active"/>
    </coding>
  </clinicalStatus>
  <verificationStatus>
    <coding>
      <system value="http://terminology.hl7.org/CodeSystem/allergyintolerance-verification"/>
      <code value="confirmed"/>
    </coding>
  </verificationStatus>
  <code>
    <text value="alergia a nueces"/>
  </code>
  <patient>
    <reference value="urn:uuid:2f8d6332-e339-457d-b5e8-1a140a1f3ea1"/>
    <display value="Paciente Colombiano"/>
  </patient>
</AllergyIntolerance>