<?xml version="1.0" encoding="UTF-8"?>

<Bundle xmlns="http://hl7.org/fhir">
  <id value="BundleColombiaCo2"/>
  <meta>
    <profile value="https://www.minsalud.gov.co/ihc/fhir/StructureDefinition/BundleCo"/>
  </meta>
  <type value="transaction"/>
  <timestamp value="2022-03-03T10:30:00Z"/>
  <entry>
    <fullUrl value="urn:uuid:391699f0-f37b-11ec-b939-0242ac120002"/>
    <resource>
      <DocumentReference>
        <id value="DocumentReferenceColombia2"/>
        <meta>
          <profile value="https://www.minsalud.gov.co/ihc/fhir/StructureDefinition/DocumentReferenceCo"/>
        </meta>
        <text>
          <status value="generated"/><div xmlns="http://www.w3.org/1999/xhtml"><a name="DocumentReference_DocumentReferenceColombia2"> </a><p class="res-header-id"><b>Generated Narrative: DocumentReference DocumentReferenceColombia2</b></p><a name="DocumentReferenceColombia2"> </a><a name="hcDocumentReferenceColombia2"> </a><a name="DocumentReferenceColombia2-es-CO"> </a><p><b>status</b>: Current</p><p><b>type</b>: <span title="Codes:{http://loinc.org 60591-5}">Patient summary Document</span></p><p><b>subject</b>: <a href="Bundle-BundleColombiaCo2.html#urn-uuid-2f8d6332-e339-457d-b5e8-1a140a1f3ea1">Bundle: type = transaction; timestamp = 2022-03-03 10:30:00+0000</a></p><p><b>date</b>: 2022-03-03 10:30:00+0000</p><p><b>author</b>: <a href="Organization/OrganizacionPrestadorEjemplo">Organization/OrganizacionPrestadorEjemplo</a></p><p><b>custodian</b>: <a href="Organization-OrganizacionRegionEjemplo.html">Organization DIRECCION DEPARTAMENTAL DE CUNDINAMARCA</a></p><blockquote><p><b>content</b></p><h3>Attachments</h3><table class="grid"><tr><td style="display: none">-</td><td><b>ContentType</b></td><td><b>Url</b></td></tr><tr><td style="display: none">*</td><td>application/fhir+json</td><td><a href="Bundle-BundleColombiaCo2.html#urn-uuid-ae5a4562-f379-4e27-b5e6-3c49746812be">Bundle: type = transaction; timestamp = 2022-03-03 10:30:00+0000</a></td></tr></table></blockquote></div>
        </text>
        <status value="current"/>
        <type>
          <coding>
            <system value="http://loinc.org"/>
            <code value="60591-5"/>
          </coding>
        </type>
        <subject>
          <reference value="urn:uuid:2f8d6332-e339-457d-b5e8-1a140a1f3ea1"/>
        </subject>
        <date value="2022-03-03T10:30:00Z"/>
        <author>
          <reference value="Organization/OrganizacionPrestadorEjemplo"/>
        </author>
        <custodian>
          <reference value="Organization/OrganizacionRegionEjemplo"/>
        </custodian>
        <content>
          <attachment>
            <contentType value="application/fhir+json"/>
            <url value="urn:uuid:ae5a4562-f379-4e27-b5e6-3c49746812be"/>
          </attachment>
        </content>
      </DocumentReference>
    </resource>
    <request>
      <method value="POST"/>
      <url value="DocumentReference"/>
    </request>
  </entry>
  <entry>
    <fullUrl value="uuid:urn:149226c1-efcb-4b86-bb2c-ed8d95c986c3"/>
    <resource>
      <Practitioner>
        <id value="ProfesionalColombia2"/>
        <meta>
          <profile value="https://www.minsalud.gov.co/ihc/fhir/StructureDefinition/PractitionerCo"/>
        </meta>
        <text>
          <status value="generated"/><div xmlns="http://www.w3.org/1999/xhtml"><a name="Practitioner_ProfesionalColombia2"> </a><p class="res-header-id"><b>Generated Narrative: Practitioner ProfesionalColombia2</b></p><a name="ProfesionalColombia2"> </a><a name="hcProfesionalColombia2"> </a><a name="ProfesionalColombia2-es-CO"> </a><p><b>identifier</b>: Cédula ciudadanía/12345</p></div>
        </text>
        <identifier>
          <type>
            <extension url="https://www.minsalud.gov.co/ihc/fhir/StructureDefinition/co-pais">
              <valueCodeableConcept>
                <coding>
                  <system value="https://www.minsalud.gov.co/ihc/fhir/CodeSystem/PaisesCS"/>
                  <code value="170"/>
                </coding>
              </valueCodeableConcept>
            </extension>
            <coding>
              <system value="https://www.minsalud.gov.co/ihc/fhir/CodeSystem/IdspersonaColombia"/>
              <code value="CC"/>
              <display value="Cédula ciudadanía"/>
            </coding>
          </type>
          <value value="12345"/>
          <assigner>
            <display value="Registraduria Nacional"/>
          </assigner>
        </identifier>
      </Practitioner>
    </resource>
    <request>
      <method value="POST"/>
      <url value="Practitioner"/>
    </request>
  </entry>
  <entry>
    <fullUrl value="urn:uuid:ae5a4562-f379-4e27-b5e6-3c49746812be"/>
    <resource>
      <Composition>
        <id value="CompositionColombia2"/>
        <meta>
          <profile value="https://www.minsalud.gov.co/ihc/fhir/StructureDefinition/CompositionCo"/>
        </meta>
        <text>
          <status value="generated"/><div xmlns="http://www.w3.org/1999/xhtml"><a name="Composition_CompositionColombia2"> </a><p class="res-header-id"><b>Generated Narrative: Composition CompositionColombia2</b></p><a name="CompositionColombia2"> </a><a name="hcCompositionColombia2"> </a><a name="CompositionColombia2-es-CO"> </a><p><b>status</b>: Final</p><p><b>type</b>: <span title="Codes:{http://loinc.org 60591-5}">Patient Summary Document</span></p><p><b>date</b>: 2022-03-05 18:30:00+0100</p><p><b>author</b>: <a href="Bundle-BundleColombiaCo2.html#uuid-urn-149226c1-efcb-4b86-bb2c-ed8d95c986c3">Bundle: type = transaction; timestamp = 2022-03-03 10:30:00+0000</a></p><p><b>title</b>: Resumen de Paciente Colombia</p><p><b>custodian</b>: <a href="Organization-OrganizacionRegionEjemplo.html">Organization DIRECCION DEPARTAMENTAL DE CUNDINAMARCA</a></p></div>
        </text>
        <status value="final"/>
        <type>
          <coding>
            <system value="http://loinc.org"/>
            <code value="60591-5"/>
            <display value="Patient Summary Document"/>
          </coding>
        </type>
        <subject>
          <reference value="urn:uuid:2f8d6332-e339-457d-b5e8-1a140a1f3ea1"/>
        </subject>
        <date value="2022-03-05T18:30:00+01:00"/>
        <author>
          <reference value="uuid:urn:149226c1-efcb-4b86-bb2c-ed8d95c986c3"/>
        </author>
        <title value="Resumen de Paciente Colombia"/>
        <custodian>
          <reference value="Organization/OrganizacionRegionEjemplo"/>
        </custodian>
        <section>
          <title value="Condiciones del Paciente"/>
          <code>
            <coding>
              <system value="http://loinc.org"/>
              <code value="11450-4"/>
              <display value="Problem list Reported"/>
            </coding>
          </code>
          <text>
            <status value="generated"/><div xmlns="http://www.w3.org/1999/xhtml">CONDICIONES</div>
          </text>
          <entry>
            <reference value="uuid:urn:9d1a0c5e-b128-412b-b26d-77b563875e8f"/>
          </entry>
        </section>
        <section>
          <title value="Medicamentos"/>
          <code>
            <coding>
              <system value="http://loinc.org"/>
              <code value="10160-0"/>
              <display value="Hx of Medication use"/>
            </coding>
          </code>
          <text>
            <status value="generated"/><div xmlns="http://www.w3.org/1999/xhtml">MEDICAMENTOS</div>
          </text>
          <entry>
            <reference value="uuid:urn:0bb7532e-171a-4a0b-adc3-0a9c0c5cafe2"/>
          </entry>
        </section>
        <section>
          <title value="Alergias"/>
          <code>
            <coding>
              <system value="http://loinc.org"/>
              <code value="48765-2"/>
              <display value="Allergies and adverse reactions Document"/>
            </coding>
          </code>
          <text>
            <status value="generated"/><div xmlns="http://www.w3.org/1999/xhtml">ALERGIAS</div>
          </text>
          <entry>
            <reference value="uuid:urn:39f0ed16-7137-409e-a9f0-22553f6e7b82"/>
          </entry>
        </section>
      </Composition>
    </resource>
    <request>
      <method value="POST"/>
      <url value="Composition"/>
    </request>
  </entry>
  <entry>
    <fullUrl value="uuid:urn:9d1a0c5e-b128-412b-b26d-77b563875e8f"/>
    <resource>
      <Condition>
        <id value="ConditionColombia2"/>
        <meta>
          <profile value="https://www.minsalud.gov.co/ihc/fhir/StructureDefinition/ConditionCo"/>
        </meta>
        <text>
          <status value="generated"/><div xmlns="http://www.w3.org/1999/xhtml"><a name="Condition_ConditionColombia2"> </a><p class="res-header-id"><b>Generated Narrative: Condition ConditionColombia2</b></p><a name="ConditionColombia2"> </a><a name="hcConditionColombia2"> </a><a name="ConditionColombia2-es-CO"> </a><p><b>code</b>: <span title="Codes:{http://hl7.org/fhir/sid/icd-10 E10.4}">Diabetes Tipo 1, con complicaciones neurologicas</span></p><p><b>subject</b>: <a href="Bundle-BundleColombiaCo2.html#urn-uuid-2f8d6332-e339-457d-b5e8-1a140a1f3ea1">Bundle: type = transaction; timestamp = 2022-03-03 10:30:00+0000</a></p></div>
        </text>
        <code>
          <coding>
            <system value="http://hl7.org/fhir/sid/icd-10"/>
            <code value="E10.4"/>
            <display value="Type 1 diabetes mellitus : With neurological complications"/>
          </coding>
          <text value="Diabetes Tipo 1, con complicaciones neurologicas"/>
        </code>
        <subject>
          <reference value="urn:uuid:2f8d6332-e339-457d-b5e8-1a140a1f3ea1"/>
        </subject>
      </Condition>
    </resource>
    <request>
      <method value="POST"/>
      <url value="Condition"/>
    </request>
  </entry>
  <entry>
    <fullUrl value="urn:uuid:2f8d6332-e339-457d-b5e8-1a140a1f3ea1"/>
    <resource>
      <Patient>
        <id value="PacienteColombianoMinimo2"/>
        <meta>
          <profile value="https://www.minsalud.gov.co/ihc/fhir/StructureDefinition/PacienteCo"/>
        </meta>
        <text>
          <status value="generated"/><div xmlns="http://www.w3.org/1999/xhtml"><a name="Patient_PacienteColombianoMinimo2"> </a><p class="res-header-id"><b>Generated Narrative: Patient PacienteColombianoMinimo2</b></p><a name="PacienteColombianoMinimo2"> </a><a name="hcPacienteColombianoMinimo2"> </a><a name="PacienteColombianoMinimo2-es-CO"> </a><p style="border: 1px #661aff solid; background-color: #e6e6ff; padding: 10px;">Luis Alberto Sanchez  Male, DoB: 1974-12-25 ( Cédula ciudadanía: 98765)</p><hr/></div>
        </text>
        <identifier>
          <type>
            <extension url="https://www.minsalud.gov.co/ihc/fhir/StructureDefinition/co-pais">
              <valueCodeableConcept>
                <coding>
                  <system value="https://www.minsalud.gov.co/ihc/fhir/CodeSystem/PaisesCS"/>
                  <code value="170"/>
                </coding>
              </valueCodeableConcept>
            </extension>
            <coding>
              <system value="https://www.minsalud.gov.co/ihc/fhir/CodeSystem/IdspersonaColombia"/>
              <code value="CC"/>
              <display value="Cédula ciudadanía"/>
            </coding>
          </type>
          <value value="98765"/>
          <assigner>
            <display value="Registraduria Nacional"/>
          </assigner>
        </identifier>
        <name>
          <family value="Sanchez">
            <extension url="http://hl7.org/fhir/StructureDefinition/humanname-mothers-family">
              <valueString value="Martinez"/>
            </extension>
          </family>
          <given value="Luis"/>
          <given value="Alberto"/>
        </name>
        <gender value="male"/>
        <birthDate value="1974-12-25"/>
      </Patient>
    </resource>
    <request>
      <method value="POST"/>
      <url value="Patient"/>
    </request>
  </entry>
  <entry>
    <fullUrl value="uuid:urn:39f0ed16-7137-409e-a9f0-22553f6e7b82"/>
    <resource>
      <AllergyIntolerance>
        <id value="AlergiaColombia2"/>
        <meta>
          <profile value="https://www.minsalud.gov.co/ihc/fhir/StructureDefinition/AlergiaCo"/>
        </meta>
        <text>
          <status value="generated"/><div xmlns="http://www.w3.org/1999/xhtml"><a name="AllergyIntolerance_AlergiaColombia2"> </a><p class="res-header-id"><b>Generated Narrative: AllergyIntolerance AlergiaColombia2</b></p><a name="AlergiaColombia2"> </a><a name="hcAlergiaColombia2"> </a><a name="AlergiaColombia2-es-CO"> </a><p><b>clinicalStatus</b>: <span title="Codes:{http://terminology.hl7.org/CodeSystem/allergyintolerance-clinical active}">Active</span></p><p><b>verificationStatus</b>: <span title="Codes:{http://terminology.hl7.org/CodeSystem/allergyintolerance-verification confirmed}">Confirmed</span></p><p><b>code</b>: <span title="Codes:">alergia a nueces</span></p><p><b>patient</b>: <a href="Bundle-BundleColombiaCo2.html#urn-uuid-2f8d6332-e339-457d-b5e8-1a140a1f3ea1">Paciente Colombiano</a></p></div>
        </text>
        <extension url="https://www.minsalud.gov.co/ihc/fhir/StructureDefinition/co-AllergyIntolerance-tipo">
          <valueCodeableConcept>
            <coding>
              <system value="https://www.minsalud.gov.co/ihc/fhir/CodeSystem/AlergiasCS"/>
              <code value="03"/>
            </coding>
          </valueCodeableConcept>
        </extension>
        <clinicalStatus>
          <coding>
            <system value="http://terminology.hl7.org/CodeSystem/allergyintolerance-clinical"/>
            <code value="active"/>
          </coding>
        </clinicalStatus>
        <verificationStatus>
          <coding>
            <system value="http://terminology.hl7.org/CodeSystem/allergyintolerance-verification"/>
            <code value="confirmed"/>
          </coding>
        </verificationStatus>
        <code>
          <text value="alergia a nueces"/>
        </code>
        <patient>
          <reference value="urn:uuid:2f8d6332-e339-457d-b5e8-1a140a1f3ea1"/>
          <display value="Paciente Colombiano"/>
        </patient>
      </AllergyIntolerance>
    </resource>
    <request>
      <method value="POST"/>
      <url value="AllergyIntolerance"/>
    </request>
  </entry>
  <entry>
    <fullUrl value="uuid:urn:0bb7532e-171a-4a0b-adc3-0a9c0c5cafe2"/>
    <resource>
      <MedicationStatement>
        <id value="MedicationStatementColombia2"/>
        <meta>
          <profile value="https://www.minsalud.gov.co/ihc/fhir/StructureDefinition/MedicationStatementCo"/>
        </meta>
        <text>
          <status value="generated"/><div xmlns="http://www.w3.org/1999/xhtml"><a name="MedicationStatement_MedicationStatementColombia2"> </a><p class="res-header-id"><b>Generated Narrative: MedicationStatement MedicationStatementColombia2</b></p><a name="MedicationStatementColombia2"> </a><a name="hcMedicationStatementColombia2"> </a><a name="MedicationStatementColombia2-es-CO"> </a><p><b>status</b>: Active</p><p><b>medication</b>: <span title="Codes:{https://www.minsalud.gov.co/CodeSystem/CUMS 20038383}">10.4 MG DE MONTELUKAST SODICO EQUIVALENTE A MONTELUKAST</span></p><p><b>subject</b>: <a href="Bundle-BundleColombiaCo2.html#urn-uuid-2f8d6332-e339-457d-b5e8-1a140a1f3ea1">Bundle: type = transaction; timestamp = 2022-03-03 10:30:00+0000</a></p></div>
        </text>
        <status value="active"/>
        <medicationCodeableConcept>
          <coding>
            <system value="https://www.minsalud.gov.co/CodeSystem/CUMS"/>
            <code value="20038383"/>
            <display value="10.4 MG DE MONTELUKAST SODICO EQUIVALENTE A MONTELUKAST"/>
          </coding>
        </medicationCodeableConcept>
        <subject>
          <reference value="urn:uuid:2f8d6332-e339-457d-b5e8-1a140a1f3ea1"/>
        </subject>
      </MedicationStatement>
    </resource>
    <request>
      <method value="POST"/>
      <url value="MedicationStatement"/>
    </request>
  </entry>
</Bundle>