{
  "resourceType" : "Composition",
  "id" : "CompositionColombia2",
  "meta" : {
    "profile" : ["https://www.minsalud.gov.co/ihc/fhir/StructureDefinition/CompositionCo"]
  },
  "text" : {
    "status" : "generated",
    "div" : "<div xmlns=\"http://www.w3.org/1999/xhtml\"><p class=\"res-header-id\"><b>Generated Narrative: Composition CompositionColombia2</b></p><a name=\"CompositionColombia2\"> </a><a name=\"hcCompositionColombia2\"> </a><a name=\"CompositionColombia2-es-CO\"> </a><p><b>status</b>: Final</p><p><b>type</b>: <span title=\"Codes:{http://loinc.org 60591-5}\">Patient Summary Document</span></p><p><b>date</b>: 2022-03-05 18:30:00+0100</p><p><b>author</b>: <a href=\"Bundle-BundleColombiaCo2.html#uuid-urn-149226c1-efcb-4b86-bb2c-ed8d95c986c3\">Bundle: type = transaction; timestamp = 2022-03-03 10:30:00+0000</a></p><p><b>title</b>: Resumen de Paciente Colombia</p><p><b>custodian</b>: <a href=\"Organization-OrganizacionRegionEjemplo.html\">Organization DIRECCION DEPARTAMENTAL DE CUNDINAMARCA</a></p></div>"
  },
  "status" : "final",
  "type" : {
    "coding" : [{
      "system" : "http://loinc.org",
      "code" : "60591-5",
      "display" : "Patient Summary Document"
    }]
  },
  "subject" : {
    "reference" : "urn:uuid:2f8d6332-e339-457d-b5e8-1a140a1f3ea1"
  },
  "date" : "2022-03-05T18:30:00+01:00",
  "author" : [{
    "reference" : "uuid:urn:149226c1-efcb-4b86-bb2c-ed8d95c986c3"
  }],
  "title" : "Resumen de Paciente Colombia",
  "custodian" : {
    "reference" : "Organization/OrganizacionRegionEjemplo"
  },
  "section" : [{
    "title" : "Condiciones del Paciente",
    "code" : {
      "coding" : [{
        "system" : "http://loinc.org",
        "code" : "11450-4",
        "display" : "Problem list Reported"
      }]
    },
    "text" : {
      "status" : "generated",
      "div" : "<div xmlns=\"http://www.w3.org/1999/xhtml\">CONDICIONES</div>"
    },
    "entry" : [{
      "reference" : "uuid:urn:9d1a0c5e-b128-412b-b26d-77b563875e8f"
    }]
  },
  {
    "title" : "Medicamentos",
    "code" : {
      "coding" : [{
        "system" : "http://loinc.org",
        "code" : "10160-0",
        "display" : "Hx of Medication use"
      }]
    },
    "text" : {
      "status" : "generated",
      "div" : "<div xmlns=\"http://www.w3.org/1999/xhtml\">MEDICAMENTOS</div>"
    },
    "entry" : [{
      "reference" : "uuid:urn:0bb7532e-171a-4a0b-adc3-0a9c0c5cafe2"
    }]
  },
  {
    "title" : "Alergias",
    "code" : {
      "coding" : [{
        "system" : "http://loinc.org",
        "code" : "48765-2",
        "display" : "Allergies and adverse reactions Document"
      }]
    },
    "text" : {
      "status" : "generated",
      "div" : "<div xmlns=\"http://www.w3.org/1999/xhtml\">ALERGIAS</div>"
    },
    "entry" : [{
      "reference" : "uuid:urn:39f0ed16-7137-409e-a9f0-22553f6e7b82"
    }]
  }]
}