{
  "resourceType" : "Patient",
  "id" : "PacienteExtranjero",
  "meta" : {
    "versionId" : "1",
    "lastUpdated" : "2021-10-13T22:23:44.162Z",
    "profile" : ["https://www.minsalud.gov.co/ihc/fhir/StructureDefinition/PacienteCo"]
  },
  "text" : {
    "status" : "generated",
    "div" : "<div xmlns=\"http://www.w3.org/1999/xhtml\"><p class=\"res-header-id\"><b>Generated Narrative: Patient PacienteExtranjero</b></p><a name=\"PacienteExtranjero\"> </a><a name=\"hcPacienteExtranjero\"> </a><a name=\"PacienteExtranjero-es-CO\"> </a><div style=\"display: inline-block; background-color: #d9e0e7; padding: 6px; margin: 4px; border: 1px solid #8da1b4; border-radius: 5px; line-height: 60%\"><p style=\"margin-bottom: 0px\">version: versionId: id (PrimitiveType/Patient.meta.versionId): element = id -&gt; versionId=id[1]; Last updated: 2021-10-13 22:23:44+0000</p><p style=\"margin-bottom: 0px\">Profile: <a href=\"StructureDefinition-PacienteCo.html\">Paciente Co</a></p></div><p style=\"border: 1px #661aff solid; background-color: #e6e6ff; padding: 10px;\">Ana Maria null  Female, DoB: 1974-12-25 ( Pasaporte: 9753)</p><hr/></div>"
  },
  "identifier" : [{
    "type" : {
      "extension" : [{
        "url" : "https://www.minsalud.gov.co/ihc/fhir/StructureDefinition/co-pais",
        "valueCodeableConcept" : {
          "coding" : [{
            "system" : "https://www.minsalud.gov.co/ihc/fhir/CodeSystem/PaisesCS",
            "code" : "032"
          }]
        }
      }],
      "coding" : [{
        "system" : "https://www.minsalud.gov.co/ihc/fhir/CodeSystem/IdspersonaColombia",
        "code" : "PA",
        "display" : "Pasaporte"
      }]
    },
    "value" : "9753"
  }],
  "name" : [{
    "_family" : {
      "extension" : [{
        "url" : "http://hl7.org/fhir/StructureDefinition/humanname-mothers-family",
        "valueString" : "Rivas"
      }]
    },
    "given" : ["Ana",
    "Maria"]
  }],
  "gender" : "female",
  "birthDate" : "1974-12-25",
  "_birthDate" : {
    "extension" : [{
      "url" : "http://hl7.org/fhir/StructureDefinition/patient-birthTime",
      "valueDateTime" : "1974-12-25T14:35:45-05:00"
    }]
  }
}