Source File	Size	loadResources	load-configure	scan	loadDepInfo	loadInfo	load	generateSnapshots	checkR4R4B	generateNarratives	validate	loadLists	checkConformanceResources	checkConformanceResources2	checkConformanceResources3	generateLogicalMaps	validateExpressions	scanForUsageStats	checkURLsUnique	processProvenanceDetails	generate1	generate2	generateLogicals	makeDependencies	generateExampleZip	generateValidationPack	scanProfilesForR5	scanExamplesForR5
\fsh-generated\resources\ImplementationGuide-hl7.fhir.co.CoreCO.json	18140	-	0	0	0	0	0	0	6	86	0	0	0	0	0	0	0	1	0	0	202	189	0	0	1	19	0	3
fsh-generated/resources/AllergyIntolerance-AlergiaColombia.json	1039	6	0	0	0	1	0	0	0	45	0	0	0	0	0	0	0	0	0	0	38	59	0	0	0	0	0	0
fsh-generated/resources/AllergyIntolerance-AlergiaColombia2.json	1059	4	0	0	0	0	0	0	0	2	0	0	0	0	0	0	0	0	0	0	35	43	0	0	0	0	0	0
fsh-generated/resources/Bundle-BundleColombiaCo.json	10876	7	1	0	0	0	51	0	1	556	0	0	0	0	0	0	0	0	0	0	70	146	0	0	0	0	0	0
fsh-generated/resources/Bundle-BundleColombiaCo2.json	10921	6	0	0	0	0	5	0	1	10	0	0	0	0	0	0	0	0	0	0	80	79	0	0	0	0	0	0
fsh-generated/resources/CodeSystem-AlergiasCS.json	778	3	0	0	0	0	0	0	0	9	0	0	0	0	0	0	0	0	0	0	50	3170	0	0	0	1	0	0
fsh-generated/resources/CodeSystem-DiscapacidadCS.json	1096	6	0	0	0	0	0	0	0	5	0	0	0	0	0	0	0	0	0	0	43	117	0	0	0	1	0	0
fsh-generated/resources/CodeSystem-EtniaCS.json	891	3	0	0	0	0	0	0	0	4	0	0	0	0	0	0	0	0	0	0	40	113	0	0	0	0	0	0
fsh-generated/resources/CodeSystem-IdentidadGeneroCS.json	689	3	0	0	0	0	0	0	1	5	0	0	0	0	0	0	0	0	0	0	42	91	0	0	0	0	0	0
fsh-generated/resources/CodeSystem-IdspersonaColombia.json	1908	2	0	0	0	0	0	0	0	7	0	0	0	0	0	0	0	0	0	0	47	114	0	0	0	1	0	0
fsh-generated/resources/CodeSystem-PaisesCS.json	16665	8	0	0	0	0	0	0	2	29	0	0	1	0	0	0	0	1	0	0	133	318	0	0	0	4	0	1
fsh-generated/resources/CodeSystem-ZonaResidenciaCS.json	507	2	0	0	0	0	0	0	0	5	0	0	0	0	0	0	0	0	0	0	37	116	0	0	0	1	0	0
fsh-generated/resources/Composition-CompositionColombia.json	2184	4	0	0	0	0	0	0	0	2	0	0	0	0	0	0	0	0	0	0	45	58	0	0	0	0	0	0
fsh-generated/resources/Composition-CompositionColombia2.json	2244	4	1	0	0	0	0	0	0	2	0	0	0	0	0	0	0	0	0	0	47	69	0	0	0	0	0	0
fsh-generated/resources/Condition-ConditionColombia.json	522	4	0	0	0	0	0	0	0	0	0	0	0	0	0	0	0	0	0	0	35	50	0	0	0	0	0	0
fsh-generated/resources/Condition-ConditionColombia2.json	542	4	0	0	0	0	0	0	1	1	0	0	0	0	0	0	0	0	0	0	27	35	0	0	0	0	0	0
fsh-generated/resources/DocumentReference-DocumentReferenceColombia.json	785	3	0	0	0	0	0	0	0	7	0	0	0	0	0	0	0	0	0	0	30	60	0	0	0	0	0	0
fsh-generated/resources/DocumentReference-DocumentReferenceColombia2.json	813	4	0	0	0	0	0	0	0	6	0	0	0	0	0	0	0	0	0	0	29	46	0	0	0	0	0	0
fsh-generated/resources/MedicationStatement-MedicationStatementColombia.json	544	2	0	0	0	0	0	0	0	2	0	0	0	0	0	0	0	0	0	0	34	41	0	0	0	0	0	0
fsh-generated/resources/MedicationStatement-MedicationStatementColombia2.json	564	2	0	0	0	0	0	0	0	2	0	0	0	0	0	0	0	0	0	0	29	39	0	0	0	0	0	0
fsh-generated/resources/Organization-OrganizacionPrestadorEjemplo2.json	384	3	0	0	0	0	0	0	0	1	0	0	0	0	0	0	0	0	0	0	31	39	0	0	0	0	0	0
fsh-generated/resources/Organization-OrganizacionRegionEjemplo.json	380	2	0	0	0	0	0	0	0	1	0	0	0	0	0	0	0	0	0	0	30	51	0	0	0	0	0	0
fsh-generated/resources/Patient-PacienteColombiano.json	3537	3	0	0	0	0	0	0	0	7	0	0	0	0	0	0	0	0	0	0	38	39	0	0	0	0	0	1
fsh-generated/resources/Patient-PacienteColombianoMinimo.json	1326	3	1	0	0	0	0	0	0	1	0	0	0	0	0	0	0	0	0	0	30	41	0	0	0	0	0	0
fsh-generated/resources/Patient-PacienteColombianoMinimo2.json	1327	2	0	0	0	0	0	0	0	1	0	0	0	0	0	0	0	0	0	0	29	43	0	0	0	0	0	0
fsh-generated/resources/Patient-PacienteExtranjero.json	1467	3	0	0	0	0	0	0	0	1	0	0	0	0	0	0	0	0	0	0	32	37	0	0	0	0	0	0
fsh-generated/resources/Practitioner-ProfesionalColombia.json	956	3	0	0	0	0	0	0	0	1	0	0	0	0	0	0	0	0	0	0	30	34	0	0	0	0	0	0
fsh-generated/resources/Practitioner-ProfesionalColombia2.json	957	4	0	0	0	0	0	0	1	1	0	0	0	0	0	0	0	0	0	0	30	33	0	0	0	0	0	0
fsh-generated/resources/SearchParameter-identifier-country.json	1103	3	0	0	0	0	0	0	0	8	0	0	0	0	0	0	0	0	0	0	37	49	0	0	0	1	0	0
fsh-generated/resources/SearchParameter-identifier-type.json	930	2	0	0	0	0	0	0	0	7	0	0	0	0	0	0	0	0	0	0	40	43	0	0	0	2	0	0
fsh-generated/resources/StructureDefinition-AlergiaCo.json	2167	2	0	0	0	0	0	284	0	46	0	0	0	0	0	0	0	1	0	0	395	2180	0	1	0	23	1	1
fsh-generated/resources/StructureDefinition-BundleCo.json	6858	3	0	0	0	0	0	378	0	48	0	0	1	0	0	0	0	2	0	0	1380	3789	0	0	0	57	1	3
fsh-generated/resources/StructureDefinition-CompositionCo.json	8647	3	0	0	0	0	0	68	0	102	0	0	0	0	0	0	0	1	0	0	837	1635	0	0	0	40	0	1
fsh-generated/resources/StructureDefinition-ConditionCo.json	1858	5	0	0	0	0	0	79	0	38	0	0	0	0	0	0	0	1	0	0	334	740	0	0	1	18	0	1
fsh-generated/resources/StructureDefinition-DocumentReferenceCo.json	4327	4	1	0	0	0	0	126	0	21	0	0	0	0	0	0	0	0	0	0	686	1021	0	0	0	26	0	0
fsh-generated/resources/StructureDefinition-MedicationStatementCo.json	2991	5	0	0	0	0	0	41	0	13	0	0	1	0	0	0	0	1	0	0	342	734	0	0	0	9	0	0
fsh-generated/resources/StructureDefinition-Model866.json	3020	4	0	0	0	0	0	28	0	8	0	0	0	0	0	0	0	0	0	0	127	367	0	0	0	3	0	0
fsh-generated/resources/StructureDefinition-OrganizacionCo.json	2769	3	0	0	0	0	0	34	0	16	0	0	0	0	0	0	0	0	0	0	195	614	0	0	0	17	0	1
fsh-generated/resources/StructureDefinition-PacienteCo.json	9667	4	0	0	0	0	0	45	1	79	0	0	0	0	0	0	0	1	0	0	637	1597	0	0	0	32	0	0
fsh-generated/resources/StructureDefinition-PractitionerCo.json	2895	4	1	0	0	0	0	42	0	33	0	0	0	0	0	0	0	0	0	0	193	799	0	0	0	17	1	1
fsh-generated/resources/StructureDefinition-co-AllergyIntolerance-tipo.json	2263	9	0	0	0	0	0	20	0	20	0	0	0	0	0	0	0	0	0	0	134	571	0	1	0	4	0	0
fsh-generated/resources/StructureDefinition-co-address-zonaResidencia.json	1909	5	0	0	0	0	0	23	0	15	0	0	0	0	0	0	0	0	0	0	91	558	0	0	0	6	0	0
fsh-generated/resources/StructureDefinition-co-pais.json	1811	4	0	0	0	0	0	14	0	12	0	0	0	0	0	0	0	1	0	0	93	555	0	0	0	3	0	0
fsh-generated/resources/StructureDefinition-co-patient-comunidadetnica.json	1723	3	0	0	0	0	0	13	0	16	0	0	0	0	0	0	0	0	0	0	85	585	0	0	0	4	0	0
fsh-generated/resources/StructureDefinition-co-patient-etnia.json	1416	5	0	0	0	0	0	7	0	12	0	0	0	0	0	0	0	0	0	0	66	392	0	0	0	2	0	0
fsh-generated/resources/StructureDefinition-co-patient-nacionalidad.json	1805	3	0	0	0	0	0	5	0	15	0	0	0	0	0	0	0	0	0	0	99	523	0	0	0	4	0	0
fsh-generated/resources/ValueSet-AlergiasVS.json	660	4	0	0	0	0	0	0	0	114	0	0	0	0	0	0	0	0	0	0	28	8768	0	0	0	1	0	0
fsh-generated/resources/ValueSet-CIE10VS.json	667	3	0	0	0	0	0	0	0	5	0	0	0	0	0	0	0	0	0	0	28	5613	0	0	0	0	0	0
fsh-generated/resources/ValueSet-CUMSVS.json	666	2	0	0	0	0	0	0	0	3	0	0	0	0	0	0	0	0	0	0	22	122	0	0	0	1	0	0
fsh-generated/resources/ValueSet-DiscapacidadVS.json	688	2	1	0	0	0	0	0	0	3	0	0	0	0	0	0	0	0	0	0	30	177	0	0	0	0	0	0
fsh-generated/resources/ValueSet-EtniaVS.json	663	1	0	0	0	0	0	0	0	2	0	0	0	0	0	0	0	0	0	0	31	209	0	0	0	0	0	0
fsh-generated/resources/ValueSet-IUMVS.json	660	2	0	0	0	0	0	0	0	5	0	0	0	0	0	0	0	0	0	0	30	88	0	0	0	1	0	0
fsh-generated/resources/ValueSet-IdentidadGeneroVS.json	729	2	0	0	0	0	0	0	0	3	0	0	0	0	0	0	0	0	0	0	27	163	0	0	0	0	0	0
fsh-generated/resources/ValueSet-IdentificadoresPersonaVS.json	748	2	0	0	0	0	0	0	0	3	0	0	0	0	0	0	0	0	0	0	30	193	0	0	0	0	0	0
fsh-generated/resources/ValueSet-IdentificadoresProfesionalVS.json	1286	4	0	0	0	0	0	0	0	4	0	0	0	0	0	0	0	0	0	0	34	156	0	0	0	1	0	0
fsh-generated/resources/ValueSet-PaisesVS.json	720	4	0	0	0	0	0	0	0	2	0	0	0	0	0	0	0	0	0	0	32	1442	0	0	0	0	0	0
fsh-generated/resources/ValueSet-ZonaResidenciaVS.json	725	5	0	0	0	0	0	0	0	2	0	0	0	0	0	0	0	0	0	0	34	88	0	0	0	0	0	0
\fsh-generated\resources\binary-modeloinstancia.json	132	-	0	0	0	0	0	0	0	0	0	0	0	0	0	0	0	0	0	0	20	43	0	0	0	0	0	0
