{
  "date" : "Fri, 16 Aug, 2024 15:13:02 -0300",
  "doco" : "For each file: start is seconds after start activity occurred. Length = milliseconds activity took",
  "files" : [
    {
      "name" : "\\fsh-generated\\resources\\ImplementationGuide-hl7.fhir.co.CoreCO.json",
      "size" : 18140,
      "processes" : [
        {
          "activity" : "load",
          "start" : 47,
          "length" : 15
        },
        {
          "activity" : "checkR4R4B",
          "start" : 48,
          "length" : 6
        },
        {
          "activity" : "generateNarratives",
          "start" : 48,
          "length" : 86
        },
        {
          "activity" : "validate",
          "start" : 55,
          "length" : 929
        },
        {
          "activity" : "scanForUsageStats",
          "start" : 56,
          "length" : 1
        },
        {
          "activity" : "generate1",
          "start" : 57,
          "length" : 202
        },
        {
          "activity" : "generate2",
          "start" : 71,
          "length" : 189
        },
        {
          "activity" : "generateExampleZip",
          "start" : 167,
          "length" : 1
        },
        {
          "activity" : "generateValidationPack",
          "start" : 169,
          "length" : 19
        },
        {
          "activity" : "scanExamplesForR5",
          "start" : 204,
          "length" : 3
        }
      ]
    },
    {
      "name" : "fsh-generated/resources/AllergyIntolerance-AlergiaColombia.json",
      "size" : 1039,
      "processes" : [
        {
          "activity" : "loadResources",
          "start" : 46,
          "length" : 6
        },
        {
          "activity" : "loadInfo",
          "start" : 47,
          "length" : 1
        },
        {
          "activity" : "generateNarratives",
          "start" : 48,
          "length" : 45
        },
        {
          "activity" : "validate",
          "start" : 56,
          "length" : 20
        },
        {
          "activity" : "generate1",
          "start" : 57,
          "length" : 38
        },
        {
          "activity" : "generate2",
          "start" : 71,
          "length" : 59
        },
        {
          "activity" : "generateExampleZip",
          "start" : 168,
          "length" : 1
        }
      ]
    },
    {
      "name" : "fsh-generated/resources/AllergyIntolerance-AlergiaColombia2.json",
      "size" : 1059,
      "processes" : [
        {
          "activity" : "loadResources",
          "start" : 46,
          "length" : 4
        },
        {
          "activity" : "generateNarratives",
          "start" : 48,
          "length" : 2
        },
        {
          "activity" : "validate",
          "start" : 56,
          "length" : 7
        },
        {
          "activity" : "generate1",
          "start" : 57,
          "length" : 35
        },
        {
          "activity" : "generate2",
          "start" : 71,
          "length" : 43
        }
      ]
    },
    {
      "name" : "fsh-generated/resources/Bundle-BundleColombiaCo.json",
      "size" : 10876,
      "processes" : [
        {
          "activity" : "loadResources",
          "start" : 46,
          "length" : 7
        },
        {
          "activity" : "load-configure",
          "start" : 47,
          "length" : 1
        },
        {
          "activity" : "load",
          "start" : 47,
          "length" : 51
        },
        {
          "activity" : "checkR4R4B",
          "start" : 48,
          "length" : 1
        },
        {
          "activity" : "generateNarratives",
          "start" : 48,
          "length" : 556
        },
        {
          "activity" : "validate",
          "start" : 56,
          "length" : 329
        },
        {
          "activity" : "generate1",
          "start" : 57,
          "length" : 70
        },
        {
          "activity" : "generate2",
          "start" : 71,
          "length" : 146
        }
      ]
    },
    {
      "name" : "fsh-generated/resources/Bundle-BundleColombiaCo2.json",
      "size" : 10921,
      "processes" : [
        {
          "activity" : "loadResources",
          "start" : 46,
          "length" : 6
        },
        {
          "activity" : "load",
          "start" : 47,
          "length" : 5
        },
        {
          "activity" : "load",
          "start" : 47,
          "length" : 1
        },
        {
          "activity" : "checkR4R4B",
          "start" : 48,
          "length" : 1
        },
        {
          "activity" : "generateNarratives",
          "start" : 49,
          "length" : 10
        },
        {
          "activity" : "validate",
          "start" : 56,
          "length" : 135
        },
        {
          "activity" : "generate1",
          "start" : 57,
          "length" : 80
        },
        {
          "activity" : "generate2",
          "start" : 71,
          "length" : 79
        }
      ]
    },
    {
      "name" : "fsh-generated/resources/CodeSystem-AlergiasCS.json",
      "size" : 778,
      "processes" : [
        {
          "activity" : "loadResources",
          "start" : 46,
          "length" : 3
        },
        {
          "activity" : "load",
          "start" : 47,
          "length" : 16
        },
        {
          "activity" : "generateNarratives",
          "start" : 49,
          "length" : 9
        },
        {
          "activity" : "validate",
          "start" : 50,
          "length" : 49
        },
        {
          "activity" : "generate1",
          "start" : 57,
          "length" : 50
        },
        {
          "activity" : "generate2",
          "start" : 71,
          "length" : 3170
        },
        {
          "activity" : "generateValidationPack",
          "start" : 169,
          "length" : 1
        }
      ]
    },
    {
      "name" : "fsh-generated/resources/CodeSystem-DiscapacidadCS.json",
      "size" : 1096,
      "processes" : [
        {
          "activity" : "loadResources",
          "start" : 46,
          "length" : 6
        },
        {
          "activity" : "load",
          "start" : 47,
          "length" : 3
        },
        {
          "activity" : "generateNarratives",
          "start" : 49,
          "length" : 5
        },
        {
          "activity" : "validate",
          "start" : 50,
          "length" : 15
        },
        {
          "activity" : "generate1",
          "start" : 57,
          "length" : 43
        },
        {
          "activity" : "generate2",
          "start" : 74,
          "length" : 117
        },
        {
          "activity" : "generateValidationPack",
          "start" : 169,
          "length" : 1
        }
      ]
    },
    {
      "name" : "fsh-generated/resources/CodeSystem-EtniaCS.json",
      "size" : 891,
      "processes" : [
        {
          "activity" : "loadResources",
          "start" : 46,
          "length" : 3
        },
        {
          "activity" : "load",
          "start" : 47,
          "length" : 2
        },
        {
          "activity" : "generateNarratives",
          "start" : 49,
          "length" : 4
        },
        {
          "activity" : "validate",
          "start" : 50,
          "length" : 77
        },
        {
          "activity" : "generate1",
          "start" : 57,
          "length" : 40
        },
        {
          "activity" : "generate2",
          "start" : 74,
          "length" : 113
        }
      ]
    },
    {
      "name" : "fsh-generated/resources/CodeSystem-IdentidadGeneroCS.json",
      "size" : 689,
      "processes" : [
        {
          "activity" : "loadResources",
          "start" : 46,
          "length" : 3
        },
        {
          "activity" : "load",
          "start" : 47,
          "length" : 3
        },
        {
          "activity" : "checkR4R4B",
          "start" : 48,
          "length" : 1
        },
        {
          "activity" : "generateNarratives",
          "start" : 49,
          "length" : 5
        },
        {
          "activity" : "validate",
          "start" : 50,
          "length" : 8
        },
        {
          "activity" : "generate1",
          "start" : 58,
          "length" : 42
        },
        {
          "activity" : "generate2",
          "start" : 75,
          "length" : 91
        }
      ]
    },
    {
      "name" : "fsh-generated/resources/CodeSystem-IdspersonaColombia.json",
      "size" : 1908,
      "processes" : [
        {
          "activity" : "loadResources",
          "start" : 46,
          "length" : 2
        },
        {
          "activity" : "load",
          "start" : 47,
          "length" : 4
        },
        {
          "activity" : "generateNarratives",
          "start" : 49,
          "length" : 7
        },
        {
          "activity" : "validate",
          "start" : 50,
          "length" : 11
        },
        {
          "activity" : "generate1",
          "start" : 58,
          "length" : 47
        },
        {
          "activity" : "generate2",
          "start" : 75,
          "length" : 114
        },
        {
          "activity" : "generateValidationPack",
          "start" : 169,
          "length" : 1
        }
      ]
    },
    {
      "name" : "fsh-generated/resources/CodeSystem-PaisesCS.json",
      "size" : 16665,
      "processes" : [
        {
          "activity" : "loadResources",
          "start" : 46,
          "length" : 8
        },
        {
          "activity" : "load",
          "start" : 47,
          "length" : 15
        },
        {
          "activity" : "checkR4R4B",
          "start" : 48,
          "length" : 2
        },
        {
          "activity" : "generateNarratives",
          "start" : 49,
          "length" : 29
        },
        {
          "activity" : "validate",
          "start" : 50,
          "length" : 101
        },
        {
          "activity" : "checkConformanceResources",
          "start" : 56,
          "length" : 1
        },
        {
          "activity" : "scanForUsageStats",
          "start" : 56,
          "length" : 1
        },
        {
          "activity" : "generate1",
          "start" : 58,
          "length" : 133
        },
        {
          "activity" : "generate2",
          "start" : 75,
          "length" : 318
        },
        {
          "activity" : "generateValidationPack",
          "start" : 169,
          "length" : 4
        },
        {
          "activity" : "scanExamplesForR5",
          "start" : 204,
          "length" : 1
        }
      ]
    },
    {
      "name" : "fsh-generated/resources/CodeSystem-ZonaResidenciaCS.json",
      "size" : 507,
      "processes" : [
        {
          "activity" : "loadResources",
          "start" : 46,
          "length" : 2
        },
        {
          "activity" : "load",
          "start" : 47,
          "length" : 3
        },
        {
          "activity" : "generateNarratives",
          "start" : 49,
          "length" : 5
        },
        {
          "activity" : "validate",
          "start" : 50,
          "length" : 6
        },
        {
          "activity" : "generate1",
          "start" : 58,
          "length" : 37
        },
        {
          "activity" : "generate2",
          "start" : 75,
          "length" : 116
        },
        {
          "activity" : "generateValidationPack",
          "start" : 169,
          "length" : 1
        }
      ]
    },
    {
      "name" : "fsh-generated/resources/Composition-CompositionColombia.json",
      "size" : 2184,
      "processes" : [
        {
          "activity" : "loadResources",
          "start" : 46,
          "length" : 4
        },
        {
          "activity" : "generateNarratives",
          "start" : 49,
          "length" : 2
        },
        {
          "activity" : "validate",
          "start" : 56,
          "length" : 22
        },
        {
          "activity" : "generate1",
          "start" : 58,
          "length" : 45
        },
        {
          "activity" : "generate2",
          "start" : 75,
          "length" : 58
        }
      ]
    },
    {
      "name" : "fsh-generated/resources/Composition-CompositionColombia2.json",
      "size" : 2244,
      "processes" : [
        {
          "activity" : "loadResources",
          "start" : 46,
          "length" : 4
        },
        {
          "activity" : "load-configure",
          "start" : 47,
          "length" : 1
        },
        {
          "activity" : "generateNarratives",
          "start" : 49,
          "length" : 2
        },
        {
          "activity" : "validate",
          "start" : 56,
          "length" : 25
        },
        {
          "activity" : "generate1",
          "start" : 58,
          "length" : 47
        },
        {
          "activity" : "generate2",
          "start" : 75,
          "length" : 69
        }
      ]
    },
    {
      "name" : "fsh-generated/resources/Condition-ConditionColombia.json",
      "size" : 522,
      "processes" : [
        {
          "activity" : "loadResources",
          "start" : 46,
          "length" : 4
        },
        {
          "activity" : "validate",
          "start" : 56,
          "length" : 5
        },
        {
          "activity" : "generate1",
          "start" : 58,
          "length" : 35
        },
        {
          "activity" : "generate2",
          "start" : 75,
          "length" : 50
        }
      ]
    },
    {
      "name" : "fsh-generated/resources/Condition-ConditionColombia2.json",
      "size" : 542,
      "processes" : [
        {
          "activity" : "loadResources",
          "start" : 46,
          "length" : 4
        },
        {
          "activity" : "checkR4R4B",
          "start" : 48,
          "length" : 1
        },
        {
          "activity" : "generateNarratives",
          "start" : 49,
          "length" : 1
        },
        {
          "activity" : "validate",
          "start" : 56,
          "length" : 3
        },
        {
          "activity" : "generate1",
          "start" : 58,
          "length" : 27
        },
        {
          "activity" : "generate2",
          "start" : 75,
          "length" : 35
        }
      ]
    },
    {
      "name" : "fsh-generated/resources/DocumentReference-DocumentReferenceColombia.json",
      "size" : 785,
      "processes" : [
        {
          "activity" : "loadResources",
          "start" : 46,
          "length" : 3
        },
        {
          "activity" : "generateNarratives",
          "start" : 49,
          "length" : 7
        },
        {
          "activity" : "validate",
          "start" : 56,
          "length" : 10
        },
        {
          "activity" : "generate1",
          "start" : 58,
          "length" : 30
        },
        {
          "activity" : "generate2",
          "start" : 75,
          "length" : 60
        }
      ]
    },
    {
      "name" : "fsh-generated/resources/DocumentReference-DocumentReferenceColombia2.json",
      "size" : 813,
      "processes" : [
        {
          "activity" : "loadResources",
          "start" : 46,
          "length" : 4
        },
        {
          "activity" : "generateNarratives",
          "start" : 49,
          "length" : 6
        },
        {
          "activity" : "validate",
          "start" : 56,
          "length" : 10
        },
        {
          "activity" : "generate1",
          "start" : 58,
          "length" : 29
        },
        {
          "activity" : "generate2",
          "start" : 75,
          "length" : 46
        },
        {
          "activity" : "generateExampleZip",
          "start" : 168,
          "length" : 1
        }
      ]
    },
    {
      "name" : "fsh-generated/resources/MedicationStatement-MedicationStatementColombia.json",
      "size" : 544,
      "processes" : [
        {
          "activity" : "loadResources",
          "start" : 46,
          "length" : 2
        },
        {
          "activity" : "generateNarratives",
          "start" : 49,
          "length" : 2
        },
        {
          "activity" : "validate",
          "start" : 56,
          "length" : 6
        },
        {
          "activity" : "generate1",
          "start" : 58,
          "length" : 34
        },
        {
          "activity" : "generate2",
          "start" : 75,
          "length" : 41
        }
      ]
    },
    {
      "name" : "fsh-generated/resources/MedicationStatement-MedicationStatementColombia2.json",
      "size" : 564,
      "processes" : [
        {
          "activity" : "loadResources",
          "start" : 46,
          "length" : 2
        },
        {
          "activity" : "generateNarratives",
          "start" : 49,
          "length" : 2
        },
        {
          "activity" : "validate",
          "start" : 56,
          "length" : 5
        },
        {
          "activity" : "generate1",
          "start" : 58,
          "length" : 29
        },
        {
          "activity" : "generate2",
          "start" : 76,
          "length" : 39
        }
      ]
    },
    {
      "name" : "fsh-generated/resources/Organization-OrganizacionPrestadorEjemplo2.json",
      "size" : 384,
      "processes" : [
        {
          "activity" : "loadResources",
          "start" : 46,
          "length" : 3
        },
        {
          "activity" : "generateNarratives",
          "start" : 49,
          "length" : 1
        },
        {
          "activity" : "validate",
          "start" : 56,
          "length" : 2
        },
        {
          "activity" : "generate1",
          "start" : 58,
          "length" : 31
        },
        {
          "activity" : "generate2",
          "start" : 76,
          "length" : 39
        }
      ]
    },
    {
      "name" : "fsh-generated/resources/Organization-OrganizacionRegionEjemplo.json",
      "size" : 380,
      "processes" : [
        {
          "activity" : "loadResources",
          "start" : 46,
          "length" : 2
        },
        {
          "activity" : "generateNarratives",
          "start" : 49,
          "length" : 1
        },
        {
          "activity" : "validate",
          "start" : 56,
          "length" : 2
        },
        {
          "activity" : "generate1",
          "start" : 58,
          "length" : 30
        },
        {
          "activity" : "generate2",
          "start" : 76,
          "length" : 51
        }
      ]
    },
    {
      "name" : "fsh-generated/resources/Patient-PacienteColombiano.json",
      "size" : 3537,
      "processes" : [
        {
          "activity" : "loadResources",
          "start" : 46,
          "length" : 3
        },
        {
          "activity" : "generateNarratives",
          "start" : 49,
          "length" : 7
        },
        {
          "activity" : "validate",
          "start" : 56,
          "length" : 44
        },
        {
          "activity" : "generate1",
          "start" : 58,
          "length" : 38
        },
        {
          "activity" : "generate2",
          "start" : 76,
          "length" : 39
        },
        {
          "activity" : "generateExampleZip",
          "start" : 168,
          "length" : 1
        },
        {
          "activity" : "scanExamplesForR5",
          "start" : 204,
          "length" : 1
        }
      ]
    },
    {
      "name" : "fsh-generated/resources/Patient-PacienteColombianoMinimo.json",
      "size" : 1326,
      "processes" : [
        {
          "activity" : "loadResources",
          "start" : 46,
          "length" : 3
        },
        {
          "activity" : "load-configure",
          "start" : 47,
          "length" : 1
        },
        {
          "activity" : "generateNarratives",
          "start" : 49,
          "length" : 1
        },
        {
          "activity" : "validate",
          "start" : 56,
          "length" : 16
        },
        {
          "activity" : "generate1",
          "start" : 58,
          "length" : 30
        },
        {
          "activity" : "generate2",
          "start" : 76,
          "length" : 41
        }
      ]
    },
    {
      "name" : "fsh-generated/resources/Patient-PacienteColombianoMinimo2.json",
      "size" : 1327,
      "processes" : [
        {
          "activity" : "loadResources",
          "start" : 46,
          "length" : 2
        },
        {
          "activity" : "generateNarratives",
          "start" : 49,
          "length" : 1
        },
        {
          "activity" : "validate",
          "start" : 56,
          "length" : 15
        },
        {
          "activity" : "generate1",
          "start" : 58,
          "length" : 29
        },
        {
          "activity" : "generate2",
          "start" : 76,
          "length" : 43
        }
      ]
    },
    {
      "name" : "fsh-generated/resources/Patient-PacienteExtranjero.json",
      "size" : 1467,
      "processes" : [
        {
          "activity" : "loadResources",
          "start" : 46,
          "length" : 3
        },
        {
          "activity" : "generateNarratives",
          "start" : 49,
          "length" : 1
        },
        {
          "activity" : "validate",
          "start" : 56,
          "length" : 18
        },
        {
          "activity" : "generate1",
          "start" : 58,
          "length" : 32
        },
        {
          "activity" : "generate2",
          "start" : 76,
          "length" : 37
        }
      ]
    },
    {
      "name" : "fsh-generated/resources/Practitioner-ProfesionalColombia.json",
      "size" : 956,
      "processes" : [
        {
          "activity" : "loadResources",
          "start" : 46,
          "length" : 3
        },
        {
          "activity" : "generateNarratives",
          "start" : 49,
          "length" : 1
        },
        {
          "activity" : "validate",
          "start" : 56,
          "length" : 14
        },
        {
          "activity" : "generate1",
          "start" : 58,
          "length" : 30
        },
        {
          "activity" : "generate2",
          "start" : 76,
          "length" : 34
        }
      ]
    },
    {
      "name" : "fsh-generated/resources/Practitioner-ProfesionalColombia2.json",
      "size" : 957,
      "processes" : [
        {
          "activity" : "loadResources",
          "start" : 46,
          "length" : 4
        },
        {
          "activity" : "checkR4R4B",
          "start" : 48,
          "length" : 1
        },
        {
          "activity" : "generateNarratives",
          "start" : 49,
          "length" : 1
        },
        {
          "activity" : "validate",
          "start" : 57,
          "length" : 16
        },
        {
          "activity" : "generate1",
          "start" : 58,
          "length" : 30
        },
        {
          "activity" : "generate2",
          "start" : 76,
          "length" : 33
        }
      ]
    },
    {
      "name" : "fsh-generated/resources/SearchParameter-identifier-country.json",
      "size" : 1103,
      "processes" : [
        {
          "activity" : "loadResources",
          "start" : 46,
          "length" : 3
        },
        {
          "activity" : "load",
          "start" : 47,
          "length" : 18
        },
        {
          "activity" : "load",
          "start" : 47,
          "length" : 3
        },
        {
          "activity" : "generateNarratives",
          "start" : 49,
          "length" : 8
        },
        {
          "activity" : "validate",
          "start" : 55,
          "length" : 22
        },
        {
          "activity" : "generate1",
          "start" : 58,
          "length" : 37
        },
        {
          "activity" : "generate2",
          "start" : 76,
          "length" : 49
        },
        {
          "activity" : "generateValidationPack",
          "start" : 169,
          "length" : 1
        }
      ]
    },
    {
      "name" : "fsh-generated/resources/SearchParameter-identifier-type.json",
      "size" : 930,
      "processes" : [
        {
          "activity" : "loadResources",
          "start" : 46,
          "length" : 2
        },
        {
          "activity" : "load",
          "start" : 47,
          "length" : 3
        },
        {
          "activity" : "load",
          "start" : 47,
          "length" : 3
        },
        {
          "activity" : "generateNarratives",
          "start" : 49,
          "length" : 7
        },
        {
          "activity" : "validate",
          "start" : 55,
          "length" : 8
        },
        {
          "activity" : "generate1",
          "start" : 58,
          "length" : 40
        },
        {
          "activity" : "generate2",
          "start" : 76,
          "length" : 43
        },
        {
          "activity" : "generateValidationPack",
          "start" : 169,
          "length" : 2
        }
      ]
    },
    {
      "name" : "fsh-generated/resources/StructureDefinition-AlergiaCo.json",
      "size" : 2167,
      "processes" : [
        {
          "activity" : "loadResources",
          "start" : 46,
          "length" : 2
        },
        {
          "activity" : "load",
          "start" : 47,
          "length" : 5
        },
        {
          "activity" : "generateSnapshots",
          "start" : 47,
          "length" : 284
        },
        {
          "activity" : "generateNarratives",
          "start" : 49,
          "length" : 46
        },
        {
          "activity" : "validate",
          "start" : 50,
          "length" : 793
        },
        {
          "activity" : "scanForUsageStats",
          "start" : 56,
          "length" : 1
        },
        {
          "activity" : "generate1",
          "start" : 58,
          "length" : 395
        },
        {
          "activity" : "generate2",
          "start" : 76,
          "length" : 2180
        },
        {
          "activity" : "makeDependencies",
          "start" : 126,
          "length" : 1
        },
        {
          "activity" : "generateValidationPack",
          "start" : 169,
          "length" : 23
        },
        {
          "activity" : "scanProfilesForR5",
          "start" : 204,
          "length" : 1
        },
        {
          "activity" : "scanExamplesForR5",
          "start" : 204,
          "length" : 1
        }
      ]
    },
    {
      "name" : "fsh-generated/resources/StructureDefinition-BundleCo.json",
      "size" : 6858,
      "processes" : [
        {
          "activity" : "loadResources",
          "start" : 46,
          "length" : 3
        },
        {
          "activity" : "load",
          "start" : 47,
          "length" : 13
        },
        {
          "activity" : "generateSnapshots",
          "start" : 47,
          "length" : 378
        },
        {
          "activity" : "generateNarratives",
          "start" : 49,
          "length" : 48
        },
        {
          "activity" : "validate",
          "start" : 51,
          "length" : 1634
        },
        {
          "activity" : "checkConformanceResources",
          "start" : 56,
          "length" : 1
        },
        {
          "activity" : "scanForUsageStats",
          "start" : 56,
          "length" : 2
        },
        {
          "activity" : "generate1",
          "start" : 59,
          "length" : 1380
        },
        {
          "activity" : "generate2",
          "start" : 78,
          "length" : 3789
        },
        {
          "activity" : "generateValidationPack",
          "start" : 169,
          "length" : 57
        },
        {
          "activity" : "scanProfilesForR5",
          "start" : 204,
          "length" : 1
        },
        {
          "activity" : "scanExamplesForR5",
          "start" : 204,
          "length" : 3
        }
      ]
    },
    {
      "name" : "fsh-generated/resources/StructureDefinition-CompositionCo.json",
      "size" : 8647,
      "processes" : [
        {
          "activity" : "loadResources",
          "start" : 46,
          "length" : 3
        },
        {
          "activity" : "load",
          "start" : 47,
          "length" : 8
        },
        {
          "activity" : "generateSnapshots",
          "start" : 48,
          "length" : 68
        },
        {
          "activity" : "generateNarratives",
          "start" : 49,
          "length" : 102
        },
        {
          "activity" : "validate",
          "start" : 52,
          "length" : 404
        },
        {
          "activity" : "scanForUsageStats",
          "start" : 56,
          "length" : 1
        },
        {
          "activity" : "generate1",
          "start" : 60,
          "length" : 837
        },
        {
          "activity" : "generate2",
          "start" : 82,
          "length" : 1635
        },
        {
          "activity" : "generateValidationPack",
          "start" : 169,
          "length" : 40
        },
        {
          "activity" : "scanExamplesForR5",
          "start" : 204,
          "length" : 1
        }
      ]
    },
    {
      "name" : "fsh-generated/resources/StructureDefinition-ConditionCo.json",
      "size" : 1858,
      "processes" : [
        {
          "activity" : "loadResources",
          "start" : 46,
          "length" : 5
        },
        {
          "activity" : "load",
          "start" : 47,
          "length" : 6
        },
        {
          "activity" : "generateSnapshots",
          "start" : 48,
          "length" : 79
        },
        {
          "activity" : "generateNarratives",
          "start" : 49,
          "length" : 38
        },
        {
          "activity" : "validate",
          "start" : 53,
          "length" : 215
        },
        {
          "activity" : "scanForUsageStats",
          "start" : 56,
          "length" : 1
        },
        {
          "activity" : "generate1",
          "start" : 61,
          "length" : 334
        },
        {
          "activity" : "generate2",
          "start" : 84,
          "length" : 740
        },
        {
          "activity" : "generateExampleZip",
          "start" : 167,
          "length" : 1
        },
        {
          "activity" : "generateValidationPack",
          "start" : 169,
          "length" : 18
        },
        {
          "activity" : "scanExamplesForR5",
          "start" : 204,
          "length" : 1
        }
      ]
    },
    {
      "name" : "fsh-generated/resources/StructureDefinition-DocumentReferenceCo.json",
      "size" : 4327,
      "processes" : [
        {
          "activity" : "loadResources",
          "start" : 46,
          "length" : 4
        },
        {
          "activity" : "load-configure",
          "start" : 47,
          "length" : 1
        },
        {
          "activity" : "load",
          "start" : 47,
          "length" : 6
        },
        {
          "activity" : "generateSnapshots",
          "start" : 48,
          "length" : 126
        },
        {
          "activity" : "generateNarratives",
          "start" : 49,
          "length" : 21
        },
        {
          "activity" : "validate",
          "start" : 53,
          "length" : 276
        },
        {
          "activity" : "generate1",
          "start" : 61,
          "length" : 686
        },
        {
          "activity" : "generate2",
          "start" : 84,
          "length" : 1021
        },
        {
          "activity" : "generateValidationPack",
          "start" : 169,
          "length" : 26
        }
      ]
    },
    {
      "name" : "fsh-generated/resources/StructureDefinition-MedicationStatementCo.json",
      "size" : 2991,
      "processes" : [
        {
          "activity" : "loadResources",
          "start" : 46,
          "length" : 5
        },
        {
          "activity" : "load",
          "start" : 47,
          "length" : 5
        },
        {
          "activity" : "generateSnapshots",
          "start" : 48,
          "length" : 41
        },
        {
          "activity" : "generateNarratives",
          "start" : 49,
          "length" : 13
        },
        {
          "activity" : "validate",
          "start" : 53,
          "length" : 277
        },
        {
          "activity" : "checkConformanceResources",
          "start" : 56,
          "length" : 1
        },
        {
          "activity" : "scanForUsageStats",
          "start" : 56,
          "length" : 1
        },
        {
          "activity" : "generate1",
          "start" : 62,
          "length" : 342
        },
        {
          "activity" : "generate2",
          "start" : 85,
          "length" : 734
        },
        {
          "activity" : "generateValidationPack",
          "start" : 169,
          "length" : 9
        }
      ]
    },
    {
      "name" : "fsh-generated/resources/StructureDefinition-Model866.json",
      "size" : 3020,
      "processes" : [
        {
          "activity" : "loadResources",
          "start" : 46,
          "length" : 4
        },
        {
          "activity" : "load",
          "start" : 47,
          "length" : 4
        },
        {
          "activity" : "generateSnapshots",
          "start" : 48,
          "length" : 28
        },
        {
          "activity" : "generateNarratives",
          "start" : 49,
          "length" : 8
        },
        {
          "activity" : "validate",
          "start" : 54,
          "length" : 55
        },
        {
          "activity" : "generate1",
          "start" : 62,
          "length" : 127
        },
        {
          "activity" : "generate2",
          "start" : 86,
          "length" : 367
        },
        {
          "activity" : "generateValidationPack",
          "start" : 169,
          "length" : 3
        }
      ]
    },
    {
      "name" : "fsh-generated/resources/StructureDefinition-OrganizacionCo.json",
      "size" : 2769,
      "processes" : [
        {
          "activity" : "loadResources",
          "start" : 46,
          "length" : 3
        },
        {
          "activity" : "load",
          "start" : 47,
          "length" : 4
        },
        {
          "activity" : "generateSnapshots",
          "start" : 48,
          "length" : 34
        },
        {
          "activity" : "generateNarratives",
          "start" : 49,
          "length" : 16
        },
        {
          "activity" : "validate",
          "start" : 54,
          "length" : 190
        },
        {
          "activity" : "generate1",
          "start" : 62,
          "length" : 195
        },
        {
          "activity" : "generate2",
          "start" : 86,
          "length" : 614
        },
        {
          "activity" : "generateValidationPack",
          "start" : 169,
          "length" : 17
        },
        {
          "activity" : "scanExamplesForR5",
          "start" : 204,
          "length" : 1
        }
      ]
    },
    {
      "name" : "fsh-generated/resources/StructureDefinition-PacienteCo.json",
      "size" : 9667,
      "processes" : [
        {
          "activity" : "loadResources",
          "start" : 46,
          "length" : 4
        },
        {
          "activity" : "load",
          "start" : 47,
          "length" : 6
        },
        {
          "activity" : "generateSnapshots",
          "start" : 48,
          "length" : 45
        },
        {
          "activity" : "checkR4R4B",
          "start" : 48,
          "length" : 1
        },
        {
          "activity" : "generateNarratives",
          "start" : 49,
          "length" : 79
        },
        {
          "activity" : "validate",
          "start" : 54,
          "length" : 477
        },
        {
          "activity" : "scanForUsageStats",
          "start" : 56,
          "length" : 1
        },
        {
          "activity" : "generate1",
          "start" : 63,
          "length" : 637
        },
        {
          "activity" : "generate2",
          "start" : 87,
          "length" : 1597
        },
        {
          "activity" : "generateExampleZip",
          "start" : 168,
          "length" : 1
        },
        {
          "activity" : "generateValidationPack",
          "start" : 169,
          "length" : 32
        }
      ]
    },
    {
      "name" : "fsh-generated/resources/StructureDefinition-PractitionerCo.json",
      "size" : 2895,
      "processes" : [
        {
          "activity" : "loadResources",
          "start" : 46,
          "length" : 4
        },
        {
          "activity" : "load-configure",
          "start" : 47,
          "length" : 1
        },
        {
          "activity" : "load",
          "start" : 47,
          "length" : 7
        },
        {
          "activity" : "generateSnapshots",
          "start" : 48,
          "length" : 42
        },
        {
          "activity" : "generateNarratives",
          "start" : 49,
          "length" : 33
        },
        {
          "activity" : "validate",
          "start" : 54,
          "length" : 179
        },
        {
          "activity" : "generate1",
          "start" : 63,
          "length" : 193
        },
        {
          "activity" : "generate2",
          "start" : 89,
          "length" : 799
        },
        {
          "activity" : "generateValidationPack",
          "start" : 169,
          "length" : 17
        },
        {
          "activity" : "scanProfilesForR5",
          "start" : 204,
          "length" : 1
        },
        {
          "activity" : "scanExamplesForR5",
          "start" : 204,
          "length" : 1
        }
      ]
    },
    {
      "name" : "fsh-generated/resources/StructureDefinition-co-AllergyIntolerance-tipo.json",
      "size" : 2263,
      "processes" : [
        {
          "activity" : "loadResources",
          "start" : 46,
          "length" : 9
        },
        {
          "activity" : "load",
          "start" : 47,
          "length" : 7
        },
        {
          "activity" : "generateSnapshots",
          "start" : 48,
          "length" : 20
        },
        {
          "activity" : "generateNarratives",
          "start" : 49,
          "length" : 20
        },
        {
          "activity" : "validate",
          "start" : 55,
          "length" : 77
        },
        {
          "activity" : "generate1",
          "start" : 63,
          "length" : 134
        },
        {
          "activity" : "generate2",
          "start" : 89,
          "length" : 571
        },
        {
          "activity" : "makeDependencies",
          "start" : 126,
          "length" : 1
        },
        {
          "activity" : "generateValidationPack",
          "start" : 169,
          "length" : 4
        }
      ]
    },
    {
      "name" : "fsh-generated/resources/StructureDefinition-co-address-zonaResidencia.json",
      "size" : 1909,
      "processes" : [
        {
          "activity" : "loadResources",
          "start" : 46,
          "length" : 5
        },
        {
          "activity" : "load",
          "start" : 47,
          "length" : 5
        },
        {
          "activity" : "generateSnapshots",
          "start" : 48,
          "length" : 23
        },
        {
          "activity" : "generateNarratives",
          "start" : 49,
          "length" : 15
        },
        {
          "activity" : "validate",
          "start" : 55,
          "length" : 59
        },
        {
          "activity" : "generate1",
          "start" : 64,
          "length" : 91
        },
        {
          "activity" : "generate2",
          "start" : 90,
          "length" : 558
        },
        {
          "activity" : "generateValidationPack",
          "start" : 169,
          "length" : 6
        }
      ]
    },
    {
      "name" : "fsh-generated/resources/StructureDefinition-co-pais.json",
      "size" : 1811,
      "processes" : [
        {
          "activity" : "loadResources",
          "start" : 46,
          "length" : 4
        },
        {
          "activity" : "load",
          "start" : 47,
          "length" : 5
        },
        {
          "activity" : "generateSnapshots",
          "start" : 48,
          "length" : 14
        },
        {
          "activity" : "generateNarratives",
          "start" : 49,
          "length" : 12
        },
        {
          "activity" : "validate",
          "start" : 55,
          "length" : 46
        },
        {
          "activity" : "scanForUsageStats",
          "start" : 56,
          "length" : 1
        },
        {
          "activity" : "generate1",
          "start" : 64,
          "length" : 93
        },
        {
          "activity" : "generate2",
          "start" : 91,
          "length" : 555
        },
        {
          "activity" : "generateValidationPack",
          "start" : 169,
          "length" : 3
        }
      ]
    },
    {
      "name" : "fsh-generated/resources/StructureDefinition-co-patient-comunidadetnica.json",
      "size" : 1723,
      "processes" : [
        {
          "activity" : "loadResources",
          "start" : 46,
          "length" : 3
        },
        {
          "activity" : "load",
          "start" : 47,
          "length" : 5
        },
        {
          "activity" : "generateSnapshots",
          "start" : 48,
          "length" : 13
        },
        {
          "activity" : "generateNarratives",
          "start" : 49,
          "length" : 16
        },
        {
          "activity" : "validate",
          "start" : 55,
          "length" : 44
        },
        {
          "activity" : "generate1",
          "start" : 64,
          "length" : 85
        },
        {
          "activity" : "generate2",
          "start" : 91,
          "length" : 585
        },
        {
          "activity" : "generateValidationPack",
          "start" : 169,
          "length" : 4
        }
      ]
    },
    {
      "name" : "fsh-generated/resources/StructureDefinition-co-patient-etnia.json",
      "size" : 1416,
      "processes" : [
        {
          "activity" : "loadResources",
          "start" : 46,
          "length" : 5
        },
        {
          "activity" : "load",
          "start" : 47,
          "length" : 3
        },
        {
          "activity" : "generateSnapshots",
          "start" : 48,
          "length" : 7
        },
        {
          "activity" : "generateNarratives",
          "start" : 50,
          "length" : 12
        },
        {
          "activity" : "validate",
          "start" : 55,
          "length" : 26
        },
        {
          "activity" : "generate1",
          "start" : 64,
          "length" : 66
        },
        {
          "activity" : "generate2",
          "start" : 92,
          "length" : 392
        },
        {
          "activity" : "generateValidationPack",
          "start" : 169,
          "length" : 2
        }
      ]
    },
    {
      "name" : "fsh-generated/resources/StructureDefinition-co-patient-nacionalidad.json",
      "size" : 1805,
      "processes" : [
        {
          "activity" : "loadResources",
          "start" : 46,
          "length" : 3
        },
        {
          "activity" : "load",
          "start" : 47,
          "length" : 5
        },
        {
          "activity" : "generateSnapshots",
          "start" : 48,
          "length" : 5
        },
        {
          "activity" : "generateNarratives",
          "start" : 50,
          "length" : 15
        },
        {
          "activity" : "validate",
          "start" : 55,
          "length" : 42
        },
        {
          "activity" : "generate1",
          "start" : 64,
          "length" : 99
        },
        {
          "activity" : "generate2",
          "start" : 92,
          "length" : 523
        },
        {
          "activity" : "generateValidationPack",
          "start" : 169,
          "length" : 4
        }
      ]
    },
    {
      "name" : "fsh-generated/resources/ValueSet-AlergiasVS.json",
      "size" : 660,
      "processes" : [
        {
          "activity" : "loadResources",
          "start" : 46,
          "length" : 4
        },
        {
          "activity" : "load",
          "start" : 47,
          "length" : 3
        },
        {
          "activity" : "generateNarratives",
          "start" : 50,
          "length" : 114
        },
        {
          "activity" : "validate",
          "start" : 50,
          "length" : 12
        },
        {
          "activity" : "generate1",
          "start" : 64,
          "length" : 28
        },
        {
          "activity" : "generate2",
          "start" : 93,
          "length" : 8768
        },
        {
          "activity" : "generateExampleZip",
          "start" : 168,
          "length" : 1
        },
        {
          "activity" : "generateValidationPack",
          "start" : 169,
          "length" : 1
        }
      ]
    },
    {
      "name" : "fsh-generated/resources/ValueSet-CIE10VS.json",
      "size" : 667,
      "processes" : [
        {
          "activity" : "loadResources",
          "start" : 46,
          "length" : 3
        },
        {
          "activity" : "load",
          "start" : 47,
          "length" : 3
        },
        {
          "activity" : "generateNarratives",
          "start" : 50,
          "length" : 5
        },
        {
          "activity" : "validate",
          "start" : 50,
          "length" : 6
        },
        {
          "activity" : "generate1",
          "start" : 64,
          "length" : 28
        },
        {
          "activity" : "generate2",
          "start" : 101,
          "length" : 5613
        }
      ]
    },
    {
      "name" : "fsh-generated/resources/ValueSet-CUMSVS.json",
      "size" : 666,
      "processes" : [
        {
          "activity" : "loadResources",
          "start" : 46,
          "length" : 2
        },
        {
          "activity" : "load",
          "start" : 47,
          "length" : 2
        },
        {
          "activity" : "generateNarratives",
          "start" : 50,
          "length" : 3
        },
        {
          "activity" : "validate",
          "start" : 50,
          "length" : 4
        },
        {
          "activity" : "generate1",
          "start" : 64,
          "length" : 22
        },
        {
          "activity" : "generate2",
          "start" : 107,
          "length" : 122
        },
        {
          "activity" : "generateValidationPack",
          "start" : 169,
          "length" : 1
        }
      ]
    },
    {
      "name" : "fsh-generated/resources/ValueSet-DiscapacidadVS.json",
      "size" : 688,
      "processes" : [
        {
          "activity" : "loadResources",
          "start" : 46,
          "length" : 2
        },
        {
          "activity" : "load-configure",
          "start" : 47,
          "length" : 1
        },
        {
          "activity" : "load",
          "start" : 47,
          "length" : 2
        },
        {
          "activity" : "generateNarratives",
          "start" : 50,
          "length" : 3
        },
        {
          "activity" : "validate",
          "start" : 50,
          "length" : 6
        },
        {
          "activity" : "generate1",
          "start" : 64,
          "length" : 30
        },
        {
          "activity" : "generate2",
          "start" : 107,
          "length" : 177
        }
      ]
    },
    {
      "name" : "fsh-generated/resources/ValueSet-EtniaVS.json",
      "size" : 663,
      "processes" : [
        {
          "activity" : "loadResources",
          "start" : 46,
          "length" : 1
        },
        {
          "activity" : "load",
          "start" : 47,
          "length" : 3
        },
        {
          "activity" : "generateNarratives",
          "start" : 50,
          "length" : 2
        },
        {
          "activity" : "validate",
          "start" : 50,
          "length" : 6
        },
        {
          "activity" : "generate1",
          "start" : 64,
          "length" : 31
        },
        {
          "activity" : "generate2",
          "start" : 107,
          "length" : 209
        }
      ]
    },
    {
      "name" : "fsh-generated/resources/ValueSet-IUMVS.json",
      "size" : 660,
      "processes" : [
        {
          "activity" : "loadResources",
          "start" : 46,
          "length" : 2
        },
        {
          "activity" : "load",
          "start" : 47,
          "length" : 2
        },
        {
          "activity" : "generateNarratives",
          "start" : 50,
          "length" : 5
        },
        {
          "activity" : "validate",
          "start" : 50,
          "length" : 4
        },
        {
          "activity" : "generate1",
          "start" : 64,
          "length" : 30
        },
        {
          "activity" : "generate2",
          "start" : 108,
          "length" : 88
        },
        {
          "activity" : "generateValidationPack",
          "start" : 169,
          "length" : 1
        }
      ]
    },
    {
      "name" : "fsh-generated/resources/ValueSet-IdentidadGeneroVS.json",
      "size" : 729,
      "processes" : [
        {
          "activity" : "loadResources",
          "start" : 46,
          "length" : 2
        },
        {
          "activity" : "load",
          "start" : 47,
          "length" : 2
        },
        {
          "activity" : "generateNarratives",
          "start" : 50,
          "length" : 3
        },
        {
          "activity" : "validate",
          "start" : 50,
          "length" : 5
        },
        {
          "activity" : "generate1",
          "start" : 64,
          "length" : 27
        },
        {
          "activity" : "generate2",
          "start" : 108,
          "length" : 163
        },
        {
          "activity" : "generateExampleZip",
          "start" : 168,
          "length" : 1
        }
      ]
    },
    {
      "name" : "fsh-generated/resources/ValueSet-IdentificadoresPersonaVS.json",
      "size" : 748,
      "processes" : [
        {
          "activity" : "loadResources",
          "start" : 46,
          "length" : 2
        },
        {
          "activity" : "load",
          "start" : 47,
          "length" : 2
        },
        {
          "activity" : "generateNarratives",
          "start" : 50,
          "length" : 3
        },
        {
          "activity" : "validate",
          "start" : 50,
          "length" : 9
        },
        {
          "activity" : "generate1",
          "start" : 64,
          "length" : 30
        },
        {
          "activity" : "generate2",
          "start" : 108,
          "length" : 193
        }
      ]
    },
    {
      "name" : "fsh-generated/resources/ValueSet-IdentificadoresProfesionalVS.json",
      "size" : 1286,
      "processes" : [
        {
          "activity" : "loadResources",
          "start" : 46,
          "length" : 4
        },
        {
          "activity" : "load",
          "start" : 47,
          "length" : 4
        },
        {
          "activity" : "generateNarratives",
          "start" : 50,
          "length" : 4
        },
        {
          "activity" : "validate",
          "start" : 50,
          "length" : 16
        },
        {
          "activity" : "generate1",
          "start" : 64,
          "length" : 34
        },
        {
          "activity" : "generate2",
          "start" : 108,
          "length" : 156
        },
        {
          "activity" : "generateValidationPack",
          "start" : 169,
          "length" : 1
        }
      ]
    },
    {
      "name" : "fsh-generated/resources/ValueSet-PaisesVS.json",
      "size" : 720,
      "processes" : [
        {
          "activity" : "loadResources",
          "start" : 46,
          "length" : 4
        },
        {
          "activity" : "load",
          "start" : 47,
          "length" : 3
        },
        {
          "activity" : "generateNarratives",
          "start" : 50,
          "length" : 2
        },
        {
          "activity" : "validate",
          "start" : 50,
          "length" : 12
        },
        {
          "activity" : "generate1",
          "start" : 64,
          "length" : 32
        },
        {
          "activity" : "generate2",
          "start" : 108,
          "length" : 1442
        }
      ]
    },
    {
      "name" : "fsh-generated/resources/ValueSet-ZonaResidenciaVS.json",
      "size" : 725,
      "processes" : [
        {
          "activity" : "loadResources",
          "start" : 46,
          "length" : 5
        },
        {
          "activity" : "load",
          "start" : 47,
          "length" : 3
        },
        {
          "activity" : "generateNarratives",
          "start" : 50,
          "length" : 2
        },
        {
          "activity" : "validate",
          "start" : 50,
          "length" : 10
        },
        {
          "activity" : "generate1",
          "start" : 64,
          "length" : 34
        },
        {
          "activity" : "generate2",
          "start" : 110,
          "length" : 88
        }
      ]
    },
    {
      "name" : "\\fsh-generated\\resources\\binary-modeloinstancia.json",
      "size" : 132,
      "processes" : [
        {
          "activity" : "load",
          "start" : 47,
          "length" : 1
        },
        {
          "activity" : "validate",
          "start" : 57,
          "length" : 13
        },
        {
          "activity" : "generate1",
          "start" : 64,
          "length" : 20
        },
        {
          "activity" : "generate2",
          "start" : 110,
          "length" : 43
        }
      ]
    }
  ]
}
