{
  "resourceType" : "ValueSet",
  "id" : "CIE10VS",
  "text" : {
    "status" : "generated",
    "div" : "<div xmlns=\"http://www.w3.org/1999/xhtml\"><p class=\"res-header-id\"><b>Generated Narrative: ValueSet CIE10VS</b></p><a name=\"CIE10VS\"> </a><a name=\"hcCIE10VS\"> </a><a name=\"CIE10VS-es-CO\"> </a><ul><li>Include all codes defined in <a href=\"http://terminology.hl7.org/6.0.2/CodeSystem-icd10.html\"><code>http://hl7.org/fhir/sid/icd-10</code></a></li></ul></div>"
  },
  "url" : "https://www.minsalud.gov.co/ihc/fhir/ValueSet/CIE10VS",
  "version" : "0.4.3",
  "name" : "CIE10VS",
  "title" : "Codificacion CIE10 ValueSet",
  "status" : "active",
  "experimental" : false,
  "date" : "2023-01-01T00:00:00-05:00",
  "publisher" : "MSP Colombia",
  "contact" : [{
    "name" : "MSP Colombia",
    "telecom" : [{
      "system" : "url",
      "value" : "https://www.minsalud.gov.co/"
    }]
  }],
  "description" : "Conjunto de Valores de Codificacion CIE10",
  "jurisdiction" : [{
    "coding" : [{
      "system" : "urn:iso:std:iso:3166",
      "code" : "CO",
      "display" : "Colombia"
    }]
  }],
  "compose" : {
    "include" : [{
      "system" : "http://hl7.org/fhir/sid/icd-10"
    }]
  }
}