<?xml version="1.0" encoding="UTF-8"?>

<ValueSet xmlns="http://hl7.org/fhir">
  <id value="CIE10VS"/>
  <text>
    <status value="generated"/><div xmlns="http://www.w3.org/1999/xhtml"><p class="res-header-id"><b>Generated Narrative: ValueSet CIE10VS</b></p><a name="CIE10VS"> </a><a name="hcCIE10VS"> </a><a name="CIE10VS-es-CO"> </a><ul><li>Include all codes defined in <a href="http://terminology.hl7.org/6.0.2/CodeSystem-icd10.html"><code>http://hl7.org/fhir/sid/icd-10</code></a></li></ul></div>
  </text>
  <url value="https://www.minsalud.gov.co/ihc/fhir/ValueSet/CIE10VS"/>
  <version value="0.4.3"/>
  <name value="CIE10VS"/>
  <title value="Codificacion CIE10 ValueSet"/>
  <status value="active"/>
  <experimental value="false"/>
  <date value="2023-01-01T00:00:00-05:00"/>
  <publisher value="MSP Colombia"/>
  <contact>
    <name value="MSP Colombia"/>
    <telecom>
      <system value="url"/>
      <value value="https://www.minsalud.gov.co/"/>
    </telecom>
  </contact>
  <description value="Conjunto de Valores de Codificacion CIE10"/>
  <jurisdiction>
    <coding>
      <system value="urn:iso:std:iso:3166"/>
      <code value="CO"/>
      <display value="Colombia"/>
    </coding>
  </jurisdiction>
  <compose>
    <include>
      <system value="http://hl7.org/fhir/sid/icd-10"/>
    </include>
  </compose>
</ValueSet>