{
  "resourceType" : "AllergyIntolerance",
  "id" : "AlergiaColombia3",
  "meta" : {
    "profile" : ["https://www.minsalud.gov.co/ihc/fhir/StructureDefinition/AlergiaCo"]
  },
  "text" : {
    "status" : "extensions",
    "div" : "<div xmlns=\"http://www.w3.org/1999/xhtml\"><p class=\"res-header-id\"><b>Generated Narrative: AllergyIntolerance AlergiaColombia3</b></p><a name=\"AlergiaColombia3\"> </a><a name=\"hcAlergiaColombia3\"> </a><a name=\"AlergiaColombia3-es-CO\"> </a><p><b>TipoAlergia</b>: <span title=\"Codes:{https://www.minsalud.gov.co/ihc/fhir/CodeSystem/AlergiasCS 01}\">Medicamento</span></p><p><b>clinicalStatus</b>: <span title=\"Codes:{http://terminology.hl7.org/CodeSystem/allergyintolerance-clinical active}\">Active</span></p><p><b>verificationStatus</b>: <span title=\"Codes:{http://terminology.hl7.org/CodeSystem/allergyintolerance-verification confirmed}\">Confirmed</span></p><p><b>code</b>: <span title=\"Codes:\">alergia a gluten</span></p><p><b>patient</b>: <a href=\"Bundle-BundleColombiaCo2.html#urn-uuid-2f8d6332-e339-457d-b5e8-1a140a1f3ea1\">Paciente Colombiano</a></p></div>"
  },
  "extension" : [{
    "url" : "https://www.minsalud.gov.co/ihc/fhir/StructureDefinition/co-AllergyIntolerance-tipo",
    "valueCodeableConcept" : {
      "coding" : [{
        "system" : "https://www.minsalud.gov.co/ihc/fhir/CodeSystem/AlergiasCS",
        "code" : "01"
      }]
    }
  }],
  "clinicalStatus" : {
    "coding" : [{
      "system" : "http://terminology.hl7.org/CodeSystem/allergyintolerance-clinical",
      "code" : "active"
    }]
  },
  "verificationStatus" : {
    "coding" : [{
      "system" : "http://terminology.hl7.org/CodeSystem/allergyintolerance-verification",
      "code" : "confirmed"
    }]
  },
  "code" : {
    "text" : "alergia a gluten"
  },
  "patient" : {
    "reference" : "urn:uuid:2f8d6332-e339-457d-b5e8-1a140a1f3ea1",
    "display" : "Paciente Colombiano"
  }
}