<?xml version="1.0" encoding="UTF-8"?>

<Composition xmlns="http://hl7.org/fhir">
  <id value="CompositionColombia2"/>
  <meta>
    <profile value="https://www.minsalud.gov.co/ihc/fhir/StructureDefinition/CompositionCo"/>
  </meta>
  <text>
    <status value="generated"/><div xmlns="http://www.w3.org/1999/xhtml"><p class="res-header-id"><b>Generated Narrative: Composition CompositionColombia2</b></p><a name="CompositionColombia2"> </a><a name="hcCompositionColombia2"> </a><a name="CompositionColombia2-es-CO"> </a><p><b>status</b>: Final</p><p><b>type</b>: <span title="Codes:{http://loinc.org 60591-5}">Patient Summary Document</span></p><p><b>date</b>: 2022-03-05 18:30:00+0100</p><p><b>author</b>: <a href="Bundle-BundleColombiaCo2.html#uuid-urn-149226c1-efcb-4b86-bb2c-ed8d95c986c3">Bundle: type = transaction; timestamp = 2022-03-03 10:30:00+0000</a></p><p><b>title</b>: Resumen de Paciente Colombia</p><p><b>custodian</b>: <a href="Organization-OrganizacionRegionEjemplo.html">Organization DIRECCION DEPARTAMENTAL DE CUNDINAMARCA</a></p></div>
  </text>
  <status value="final"/>
  <type>
    <coding>
      <system value="http://loinc.org"/>
      <code value="60591-5"/>
      <display value="Patient Summary Document"/>
    </coding>
  </type>
  <subject>
    <reference value="urn:uuid:2f8d6332-e339-457d-b5e8-1a140a1f3ea1"/>
  </subject>
  <date value="2022-03-05T18:30:00+01:00"/>
  <author>
    <reference value="uuid:urn:149226c1-efcb-4b86-bb2c-ed8d95c986c3"/>
  </author>
  <title value="Resumen de Paciente Colombia"/>
  <custodian>
    <reference value="Organization/OrganizacionRegionEjemplo"/>
  </custodian>
  <section>
    <title value="Condiciones del Paciente"/>
    <code>
      <coding>
        <system value="http://loinc.org"/>
        <code value="11450-4"/>
        <display value="Problem list Reported"/>
      </coding>
    </code>
    <text>
      <status value="generated"/><div xmlns="http://www.w3.org/1999/xhtml">CONDICIONES</div>
    </text>
    <entry>
      <reference value="uuid:urn:9d1a0c5e-b128-412b-b26d-77b563875e8f"/>
    </entry>
  </section>
  <section>
    <title value="Medicamentos"/>
    <code>
      <coding>
        <system value="http://loinc.org"/>
        <code value="10160-0"/>
        <display value="Hx of Medication use"/>
      </coding>
    </code>
    <text>
      <status value="generated"/><div xmlns="http://www.w3.org/1999/xhtml">MEDICAMENTOS</div>
    </text>
    <entry>
      <reference value="uuid:urn:0bb7532e-171a-4a0b-adc3-0a9c0c5cafe2"/>
    </entry>
  </section>
  <section>
    <title value="Alergias"/>
    <code>
      <coding>
        <system value="http://loinc.org"/>
        <code value="48765-2"/>
        <display value="Allergies and adverse reactions Document"/>
      </coding>
    </code>
    <text>
      <status value="generated"/><div xmlns="http://www.w3.org/1999/xhtml">ALERGIAS</div>
    </text>
    <entry>
      <reference value="uuid:urn:6da4367e-aa63-4637-b1ff-28eeae429137"/>
    </entry>
  </section>
</Composition>