{
  "resourceType" : "Condition",
  "id" : "ConditionColombia",
  "meta" : {
    "profile" : ["https://www.minsalud.gov.co/ihc/fhir/StructureDefinition/ConditionCo"]
  },
  "text" : {
    "status" : "generated",
    "div" : "<div xmlns=\"http://www.w3.org/1999/xhtml\"><p class=\"res-header-id\"><b>Generated Narrative: Condition ConditionColombia</b></p><a name=\"ConditionColombia\"> </a><a name=\"hcConditionColombia\"> </a><a name=\"ConditionColombia-es-CO\"> </a><p><b>code</b>: <span title=\"Codes:{http://hl7.org/fhir/sid/icd-10 E10.4}\">Diabetes Tipo 1, con complicaciones neurologicas</span></p><p><b>subject</b>: <a href=\"Patient-PacienteColombiano.html\">Miguel Angel López  Male, DoB: 1974-12-25 ( Cédula ciudadanía: 12345)</a></p></div>"
  },
  "code" : {
    "coding" : [{
      "system" : "http://hl7.org/fhir/sid/icd-10",
      "code" : "E10.4",
      "display" : "Type 1 diabetes mellitus : With neurological complications"
    }],
    "text" : "Diabetes Tipo 1, con complicaciones neurologicas"
  },
  "subject" : {
    "reference" : "Patient/PacienteColombiano"
  }
}