{
  "resourceType" : "Condition",
  "id" : "ConditionColombia2",
  "meta" : {
    "profile" : ["https://www.minsalud.gov.co/ihc/fhir/StructureDefinition/ConditionCo"]
  },
  "text" : {
    "status" : "generated",
    "div" : "<div xmlns=\"http://www.w3.org/1999/xhtml\"><p class=\"res-header-id\"><b>Generated Narrative: Condition ConditionColombia2</b></p><a name=\"ConditionColombia2\"> </a><a name=\"hcConditionColombia2\"> </a><a name=\"ConditionColombia2-es-CO\"> </a><p><b>code</b>: <span title=\"Codes:{http://hl7.org/fhir/sid/icd-10 E10.4}\">Diabetes Tipo 1, con complicaciones neurologicas</span></p><p><b>subject</b>: <a href=\"Bundle-BundleColombiaCo2.html#urn-uuid-2f8d6332-e339-457d-b5e8-1a140a1f3ea1\">Bundle: type = transaction; timestamp = 2022-03-03 10:30:00+0000</a></p></div>"
  },
  "code" : {
    "coding" : [{
      "system" : "http://hl7.org/fhir/sid/icd-10",
      "code" : "E10.4",
      "display" : "Type 1 diabetes mellitus : With neurological complications"
    }],
    "text" : "Diabetes Tipo 1, con complicaciones neurologicas"
  },
  "subject" : {
    "reference" : "urn:uuid:2f8d6332-e339-457d-b5e8-1a140a1f3ea1"
  }
}