{
  "resourceType" : "DocumentReference",
  "id" : "DocumentReferenceEmergencia",
  "meta" : {
    "profile" : ["https://www.minsalud.gov.co/ihc/fhir/StructureDefinition/DocumentReferenceCo"]
  },
  "text" : {
    "status" : "generated",
    "div" : "<div xmlns=\"http://www.w3.org/1999/xhtml\"><p class=\"res-header-id\"><b>Generated Narrative: DocumentReference DocumentReferenceEmergencia</b></p><a name=\"DocumentReferenceEmergencia\"> </a><a name=\"hcDocumentReferenceEmergencia\"> </a><a name=\"DocumentReferenceEmergencia-es-CO\"> </a><p><b>status</b>: Current</p><p><b>type</b>: <span title=\"Codes:{http://loinc.org 34115-6}\">Medical student Hospital History and physical note</span></p><p><b>subject</b>: <a href=\"Patient-PacienteColombianoMinimo.html\">Luis Alberto Sanchez  Male, DoB: 1974-12-25 ( Cédula ciudadanía: 98765)</a></p><p><b>date</b>: 2022-03-03 10:30:00+0000</p><p><b>author</b>: <a href=\"Organization/OrganizacionPrestadorEjemplo\">Organization/OrganizacionPrestadorEjemplo</a></p><p><b>custodian</b>: <a href=\"Organization-OrganizacionRegionEjemplo.html\">Organization DIRECCION DEPARTAMENTAL DE CUNDINAMARCA</a></p><blockquote><p><b>content</b></p><h3>Attachments</h3><table class=\"grid\"><tr><td style=\"display: none\">-</td><td><b>ContentType</b></td><td><b>Url</b></td></tr><tr><td style=\"display: none\">*</td><td>application/fhir+json</td><td><a href=\"Composition-CompositionColombiaEmergencia.html\">Composition Resumen de Paciente Colombia</a></td></tr></table></blockquote></div>"
  },
  "status" : "current",
  "type" : {
    "coding" : [{
      "system" : "http://loinc.org",
      "code" : "34115-6"
    }]
  },
  "subject" : {
    "reference" : "Patient/PacienteColombianoMinimo"
  },
  "date" : "2022-03-03T10:30:00Z",
  "author" : [{
    "reference" : "Organization/OrganizacionPrestadorEjemplo"
  }],
  "custodian" : {
    "reference" : "Organization/OrganizacionRegionEjemplo"
  },
  "content" : [{
    "attachment" : {
      "contentType" : "application/fhir+json",
      "url" : "Composition/CompositionColombiaEmergencia"
    }
  }]
}