<?xml version="1.0" encoding="UTF-8"?>

<Organization xmlns="http://hl7.org/fhir">
  <id value="OrganizacionRegionEjemplo"/>
  <meta>
    <profile value="https://www.minsalud.gov.co/ihc/fhir/StructureDefinition/OrganizacionCo"/>
  </meta>
  <text>
    <status value="generated"/><div xmlns="http://www.w3.org/1999/xhtml"><p class="res-header-id"><b>Generated Narrative: Organization OrganizacionRegionEjemplo</b></p><a name="OrganizacionRegionEjemplo"> </a><a name="hcOrganizacionRegionEjemplo"> </a><a name="OrganizacionRegionEjemplo-es-CO"> </a><p><b>identifier</b>: <code>https://www.minsalud.gov.co/ihc/DIVIPOLA</code>/25</p><p><b>active</b>: true</p><p><b>name</b>: DIRECCION DEPARTAMENTAL DE CUNDINAMARCA</p></div>
  </text>
  <identifier>
    <system value="https://www.minsalud.gov.co/ihc/DIVIPOLA"/>
    <value value="25"/>
  </identifier>
  <active value="true"/>
  <name value="DIRECCION DEPARTAMENTAL DE CUNDINAMARCA"/>
</Organization>