<?xml version="1.0" encoding="UTF-8"?>

<Patient xmlns="http://hl7.org/fhir">
  <id value="PacienteColombianoMinimo"/>
  <meta>
    <profile value="https://www.minsalud.gov.co/ihc/fhir/StructureDefinition/PacienteCo"/>
  </meta>
  <text>
    <status value="generated"/><div xmlns="http://www.w3.org/1999/xhtml"><p class="res-header-id"><b>Generated Narrative: Patient PacienteColombianoMinimo</b></p><a name="PacienteColombianoMinimo"> </a><a name="hcPacienteColombianoMinimo"> </a><a name="PacienteColombianoMinimo-es-CO"> </a><p style="border: 1px #661aff solid; background-color: #e6e6ff; padding: 10px;">Luis Alberto Sanchez  Male, DoB: 1974-12-25 ( Cédula ciudadanía: 98765)</p><hr/></div>
  </text>
  <identifier>
    <type>
      <extension url="https://www.minsalud.gov.co/ihc/fhir/StructureDefinition/co-pais">
        <valueCodeableConcept>
          <coding>
            <system value="https://www.minsalud.gov.co/ihc/fhir/CodeSystem/PaisesCS"/>
            <code value="170"/>
          </coding>
        </valueCodeableConcept>
      </extension>
      <coding>
        <system value="https://www.minsalud.gov.co/ihc/fhir/CodeSystem/IdspersonaColombia"/>
        <code value="CC"/>
        <display value="Cédula ciudadanía"/>
      </coding>
    </type>
    <value value="98765"/>
    <assigner>
      <display value="Registraduria Nacional"/>
    </assigner>
  </identifier>
  <name>
    <family value="Sanchez">
      <extension url="http://hl7.org/fhir/StructureDefinition/humanname-mothers-family">
        <valueString value="Martinez"/>
      </extension>
    </family>
    <given value="Luis"/>
    <given value="Alberto"/>
  </name>
  <gender value="male"/>
  <birthDate value="1974-12-25"/>
</Patient>