{
  "package": "hl7.fhir.co.CoreCO",
  "version": "0.4.3",
  "fhirVersion": "4.0.1",
  "jurisdiction": "CO",
  "extensions": [
    {
      "url": "https://www.minsalud.gov.co/ihc/fhir/StructureDefinition/co-AllergyIntolerance-tipo",
      "title": "TipoAlergia",
      "types": [
        "CodeableConcept",
        "string",
        "Extension",
        "Coding",
        "string",
        "Extension",
        "uri",
        "string",
        "code",
        "string",
        "boolean",
        "string"
      ]
    },
    {
      "url": "https://www.minsalud.gov.co/ihc/fhir/StructureDefinition/co-address-zonaResidencia",
      "title": "ZonaResidencia",
      "types": [
        "base64Binary",
        "boolean",
        "canonical",
        "code",
        "date",
        "dateTime",
        "decimal",
        "id",
        "instant",
        "integer",
        "markdown",
        "oid",
        "positiveInt",
        "string",
        "time",
        "unsignedInt",
        "uri",
        "url",
        "uuid",
        "Address",
        "Age",
        "Annotation",
        "Attachment",
        "CodeableConcept",
        "Coding",
        "ContactPoint",
        "Count",
        "Distance",
        "Duration",
        "HumanName",
        "Identifier",
        "Money",
        "Period",
        "Quantity",
        "Range",
        "Ratio",
        "Reference",
        "SampledData",
        "Signature",
        "Timing",
        "ContactDetail",
        "Contributor",
        "DataRequirement",
        "Expression",
        "ParameterDefinition",
        "RelatedArtifact",
        "TriggerDefinition",
        "UsageContext",
        "Dosage",
        "Meta",
        "CodeableConcept"
      ]
    },
    {
      "url": "https://www.minsalud.gov.co/ihc/fhir/StructureDefinition/co-pais",
      "title": "Pais",
      "types": [
        "base64Binary",
        "boolean",
        "canonical",
        "code",
        "date",
        "dateTime",
        "decimal",
        "id",
        "instant",
        "integer",
        "markdown",
        "oid",
        "positiveInt",
        "string",
        "time",
        "unsignedInt",
        "uri",
        "url",
        "uuid",
        "Address",
        "Age",
        "Annotation",
        "Attachment",
        "CodeableConcept",
        "Coding",
        "ContactPoint",
        "Count",
        "Distance",
        "Duration",
        "HumanName",
        "Identifier",
        "Money",
        "Period",
        "Quantity",
        "Range",
        "Ratio",
        "Reference",
        "SampledData",
        "Signature",
        "Timing",
        "ContactDetail",
        "Contributor",
        "DataRequirement",
        "Expression",
        "ParameterDefinition",
        "RelatedArtifact",
        "TriggerDefinition",
        "UsageContext",
        "Dosage",
        "Meta",
        "CodeableConcept"
      ]
    },
    {
      "url": "https://www.minsalud.gov.co/ihc/fhir/StructureDefinition/co-patient-comunidadetnica",
      "title": "ComunidadEtnica",
      "types": [
        "base64Binary",
        "boolean",
        "canonical",
        "code",
        "date",
        "dateTime",
        "decimal",
        "id",
        "instant",
        "integer",
        "markdown",
        "oid",
        "positiveInt",
        "string",
        "time",
        "unsignedInt",
        "uri",
        "url",
        "uuid",
        "Address",
        "Age",
        "Annotation",
        "Attachment",
        "CodeableConcept",
        "Coding",
        "ContactPoint",
        "Count",
        "Distance",
        "Duration",
        "HumanName",
        "Identifier",
        "Money",
        "Period",
        "Quantity",
        "Range",
        "Ratio",
        "Reference",
        "SampledData",
        "Signature",
        "Timing",
        "ContactDetail",
        "Contributor",
        "DataRequirement",
        "Expression",
        "ParameterDefinition",
        "RelatedArtifact",
        "TriggerDefinition",
        "UsageContext",
        "Dosage",
        "Meta",
        "string"
      ]
    },
    {
      "url": "https://www.minsalud.gov.co/ihc/fhir/StructureDefinition/co-patient-etnia",
      "title": "Etnia",
      "types": [
        "CodeableConcept"
      ]
    },
    {
      "url": "https://www.minsalud.gov.co/ihc/fhir/StructureDefinition/co-patient-nacionalidad",
      "title": "Nacionalidad",
      "types": [
        "base64Binary",
        "boolean",
        "canonical",
        "code",
        "date",
        "dateTime",
        "decimal",
        "id",
        "instant",
        "integer",
        "markdown",
        "oid",
        "positiveInt",
        "string",
        "time",
        "unsignedInt",
        "uri",
        "url",
        "uuid",
        "Address",
        "Age",
        "Annotation",
        "Attachment",
        "CodeableConcept",
        "Coding",
        "ContactPoint",
        "Count",
        "Distance",
        "Duration",
        "HumanName",
        "Identifier",
        "Money",
        "Period",
        "Quantity",
        "Range",
        "Ratio",
        "Reference",
        "SampledData",
        "Signature",
        "Timing",
        "ContactDetail",
        "Contributor",
        "DataRequirement",
        "Expression",
        "ParameterDefinition",
        "RelatedArtifact",
        "TriggerDefinition",
        "UsageContext",
        "Dosage",
        "Meta",
        "CodeableConcept"
      ]
    }
  ],
  "profiles": {
    "AllergyIntolerance": [
      {
        "url": "https://www.minsalud.gov.co/ihc/fhir/StructureDefinition/AlergiaCo",
        "title": "Alergias Co"
      }
    ],
    "Bundle": [
      {
        "url": "https://www.minsalud.gov.co/ihc/fhir/StructureDefinition/BundleCo",
        "title": "Bundle Co"
      }
    ],
    "Composition": [
      {
        "url": "https://www.minsalud.gov.co/ihc/fhir/StructureDefinition/CompositionCo",
        "title": "Documento Co"
      }
    ],
    "Condition": [
      {
        "url": "https://www.minsalud.gov.co/ihc/fhir/StructureDefinition/ConditionCo",
        "title": "Condition Co"
      }
    ],
    "DocumentReference": [
      {
        "url": "https://www.minsalud.gov.co/ihc/fhir/StructureDefinition/DocumentReferenceCo",
        "title": "Referencia de Documentos: V 0.43"
      }
    ],
    "MedicationStatement": [
      {
        "url": "https://www.minsalud.gov.co/ihc/fhir/StructureDefinition/MedicationStatementCo",
        "title": "Medication Statement Co"
      }
    ],
    "Organization": [
      {
        "url": "https://www.minsalud.gov.co/ihc/fhir/StructureDefinition/OrganizacionCo",
        "title": "Organizacion Co"
      }
    ],
    "Patient": [
      {
        "url": "https://www.minsalud.gov.co/ihc/fhir/StructureDefinition/PacienteCo",
        "title": "Paciente Co"
      }
    ],
    "Practitioner": [
      {
        "url": "https://www.minsalud.gov.co/ihc/fhir/StructureDefinition/PractitionerCo",
        "title": "Profesional Co"
      }
    ]
  },
  "usage": {
    "http://hl7.org/fhir/StructureDefinition/elementdefinition-bestpractice": [
      "StructureDefinition.snapshot.element.constraint"
    ],
    "http://hl7.org/fhir/StructureDefinition/elementdefinition-bestpractice-explanation": [
      "StructureDefinition.snapshot.element.constraint"
    ],
    "http://hl7.org/fhir/StructureDefinition/elementdefinition-bindingName": [
      "StructureDefinition.snapshot.element.binding"
    ],
    "http://hl7.org/fhir/StructureDefinition/elementdefinition-maxValueSet": [
      "StructureDefinition.snapshot.element.binding"
    ],
    "http://hl7.org/fhir/StructureDefinition/elementdefinition-translatable": [
      "StructureDefinition.snapshot.element"
    ],
    "http://hl7.org/fhir/StructureDefinition/humanname-mothers-family": [
      "Bundle.entry.resource.name.family",
      "Patient.name.family"
    ],
    "http://hl7.org/fhir/StructureDefinition/patient-birthTime": [
      "Patient.birthDate"
    ],
    "http://hl7.org/fhir/StructureDefinition/patient-disability": [
      "Patient"
    ],
    "http://hl7.org/fhir/StructureDefinition/patient-genderIdentity": [
      "Patient"
    ],
    "http://hl7.org/fhir/StructureDefinition/regex": [
      "StructureDefinition.snapshot.element.type"
    ],
    "http://hl7.org/fhir/StructureDefinition/structuredefinition-fhir-type": [
      "StructureDefinition.snapshot.element.type"
    ],
    "http://hl7.org/fhir/StructureDefinition/structuredefinition-hierarchy": [
      "StructureDefinition.snapshot.element.type"
    ],
    "http://hl7.org/fhir/tools/StructureDefinition/additional-binding": [
      "StructureDefinition.differential.element.binding",
      "StructureDefinition.snapshot.element.binding"
    ],
    "http://hl7.org/fhir/tools/StructureDefinition/ig-internal-dependency": [
      "ImplementationGuide.definition"
    ],
    "http://hl7.org/fhir/tools/StructureDefinition/ig-page-name": [
      "ImplementationGuide.definition.page",
      "ImplementationGuide.definition.page.page"
    ],
    "http://hl7.org/fhir/tools/StructureDefinition/ig-parameter": [
      "ImplementationGuide.definition"
    ],
    "http://hl7.org/fhir/tools/StructureDefinition/implementationguide-dependency-comment": [
      "ImplementationGuide.dependsOn"
    ],
    "http://hl7.org/fhir/tools/StructureDefinition/resource-information": [
      "ImplementationGuide.definition.resource"
    ],
    "http://hl7.org/fhir/tools/StructureDefinition/snapshot-base-version": [
      "StructureDefinition.snapshot"
    ],
    "https://www.minsalud.gov.co/ihc/fhir/StructureDefinition/co-AllergyIntolerance-tipo": [
      "AllergyIntolerance",
      "Bundle.entry.resource"
    ],
    "https://www.minsalud.gov.co/ihc/fhir/StructureDefinition/co-address-zonaResidencia": [
      "Patient.address"
    ],
    "https://www.minsalud.gov.co/ihc/fhir/StructureDefinition/co-pais": [
      "Bundle.entry.resource.identifier.type",
      "Patient.identifier.type",
      "Practitioner.identifier.type"
    ],
    "https://www.minsalud.gov.co/ihc/fhir/StructureDefinition/co-patient-comunidadetnica": [
      "Patient"
    ],
    "https://www.minsalud.gov.co/ihc/fhir/StructureDefinition/co-patient-etnia": [
      "Patient"
    ],
    "https://www.minsalud.gov.co/ihc/fhir/StructureDefinition/co-patient-nacionalidad": [
      "Patient"
    ]
  }
}