{
  "codeSystems" : [
    {
      "url" : "http://hl7.org/fhir/ValueSet/administrative-gender",
      "version" : "4.0.1",
      "status" : "active",
      "name" : "AdministrativeGender",
      "title" : "AdministrativeGender",
      "description" : "The gender of a person used for administrative purposes.",
      "systems" : ["http://hl7.org/fhir/administrative-gender"],
      "oids" : ["2.16.840.1.113883.4.642.3.1"],
      "sources" : ["2.16.840.1.113883.4.642.3.1"],
      "uses" : {
      },
      "StructureDefinition-PacienteCo.html" : "Paciente Co"
    },
    {
      "url" : "http://hl7.org/fhir/ValueSet/doc-section-codes",
      "version" : "4.0.1",
      "status" : "draft",
      "name" : "DocumentSectionCodes",
      "title" : "Document Section Codes",
      "description" : "Document section codes (LOINC codes used in CCDA sections).",
      "systems" : ["http://loinc.org"],
      "oids" : ["2.16.840.1.113883.4.642.3.237"],
      "sources" : ["2.16.840.1.113883.4.642.3.237"],
      "uses" : {
      },
      "StructureDefinition-CompositionCo.html" : "Documento Co"
    },
    {
      "url" : "https://www.minsalud.gov.co/ihc/fhir/ValueSet/AlergiasVS",
      "version" : "0.4.3",
      "status" : "active",
      "name" : "AlergiasVS",
      "title" : "Tipo Alergia",
      "description" : "Tipo Alergia",
      "systems" : ["https://www.minsalud.gov.co/ihc/fhir/CodeSystem/AlergiasCS"],
      "uses" : {
      },
      "StructureDefinition-co-AllergyIntolerance-tipo.html" : "TipoAlergia"
    },
    {
      "url" : "https://www.minsalud.gov.co/ihc/fhir/ValueSet/CIE10VS",
      "version" : "0.4.3",
      "status" : "active",
      "name" : "CIE10VS",
      "title" : "Codificacion CIE10 ValueSet",
      "description" : "Conjunto de Valores de Codificacion CIE10",
      "systems" : ["http://hl7.org/fhir/sid/icd-10"],
      "uses" : {
      },
      "StructureDefinition-ConditionCo.html" : "Condition Co"
    },
    {
      "url" : "https://www.minsalud.gov.co/ihc/fhir/ValueSet/CUMSVS",
      "version" : "0.4.3",
      "status" : "active",
      "name" : "CUMSVS",
      "title" : "Codificacion CUMS",
      "description" : "Conjunto de Valores de Codificacion CUMS",
      "systems" : ["https://www.minsalud.gov.co/CodeSystem/CUMS"],
      "uses" : {
      },
      "StructureDefinition-MedicationStatementCo.html" : "Medication Statement Co"
    },
    {
      "url" : "https://www.minsalud.gov.co/ihc/fhir/ValueSet/ConjuntoDocumentosVS",
      "version" : "0.4.3",
      "status" : "draft",
      "name" : "ConjuntoDocumentosVS",
      "title" : "ConjuntoDocumentosVS",
      "description" : "Conjunto de Valores de Documentos.",
      "systems" : ["http://loinc.org"],
      "uses" : {
      },
      "StructureDefinition-DocumentReferenceCo.html" : "Referencia de Documentos",
      "StructureDefinition-CompositionCo.html" : "Documento Co"
    },
    {
      "url" : "https://www.minsalud.gov.co/ihc/fhir/ValueSet/DiscapacidadVS",
      "version" : "0.4.3",
      "status" : "active",
      "name" : "DiscapacidadVS",
      "title" : "Discapacidad",
      "description" : "Códigos de Discapacidad",
      "systems" : [
        "https://www.minsalud.gov.co/ihc/fhir/CodeSystem/DiscapacidadCS"
      ],
      "uses" : {
      },
      "StructureDefinition-PacienteCo.html" : "Paciente Co"
    },
    {
      "url" : "https://www.minsalud.gov.co/ihc/fhir/ValueSet/EtniaVS",
      "version" : "0.4.3",
      "status" : "active",
      "name" : "EtniaVS",
      "title" : "Etnia",
      "description" : "Conjunto de valores para la Etnia.",
      "systems" : ["https://www.minsalud.gov.co/ihc/fhir/CodeSystem/EtniaCS"],
      "uses" : {
      },
      "StructureDefinition-co-patient-etnia.html" : "Etnia"
    },
    {
      "url" : "https://www.minsalud.gov.co/ihc/fhir/ValueSet/IUMVS",
      "version" : "0.4.3",
      "status" : "active",
      "name" : "IUMVS",
      "title" : "Codificacion IUM",
      "description" : "Conjunto de Valores de Codificacion IUM",
      "systems" : ["https://www.minsalud.gov.co/CodeSystem/IUM"],
      "uses" : {
      },
      "StructureDefinition-MedicationStatementCo.html" : "Medication Statement Co"
    },
    {
      "url" : "https://www.minsalud.gov.co/ihc/fhir/ValueSet/IdentidadGeneroVS",
      "version" : "0.4.3",
      "status" : "active",
      "name" : "IdentidadGeneroVS",
      "title" : "Identidad de Genero",
      "description" : "Conjunto de Valores para identidad de Género.",
      "systems" : [
        "https://www.minsalud.gov.co/ihc/fhir/CodeSystem/IdentidadGeneroCS"
      ],
      "uses" : {
      },
      "StructureDefinition-PacienteCo.html" : "Paciente Co"
    },
    {
      "url" : "https://www.minsalud.gov.co/ihc/fhir/ValueSet/IdentificadoresPersonaVS",
      "version" : "0.4.3",
      "status" : "active",
      "name" : "IdentificadoresPersonaVS",
      "title" : "Identificadores de Persona",
      "description" : "Identificadores de Persona Colombia.",
      "systems" : [
        "https://www.minsalud.gov.co/ihc/fhir/CodeSystem/IdspersonaColombia"
      ],
      "uses" : {
      },
      "StructureDefinition-PacienteCo.html" : "Paciente Co"
    },
    {
      "url" : "https://www.minsalud.gov.co/ihc/fhir/ValueSet/IdentificadoresProfesionalVS",
      "version" : "0.4.3",
      "status" : "active",
      "name" : "IdentificadoresProfesionalVS",
      "title" : "Identificadores de Profesional",
      "description" : "Identificadores de Profesional Colombia.",
      "systems" : [
        "https://www.minsalud.gov.co/ihc/fhir/CodeSystem/IdspersonaColombia"
      ],
      "uses" : {
      },
      "StructureDefinition-PractitionerCo.html" : "Profesional Co"
    },
    {
      "url" : "https://www.minsalud.gov.co/ihc/fhir/ValueSet/PaisesVS",
      "version" : "0.4.3",
      "status" : "active",
      "name" : "PaisesVS",
      "title" : "Códigos del País",
      "description" : "Codigos definidos para la identificación de países segun norma ISO3166-N",
      "systems" : ["https://www.minsalud.gov.co/ihc/fhir/CodeSystem/PaisesCS"],
      "uses" : {
      },
      "StructureDefinition-co-pais.html" : "Pais",
      "StructureDefinition-co-patient-nacionalidad.html" : "Nacionalidad"
    },
    {
      "url" : "https://www.minsalud.gov.co/ihc/fhir/ValueSet/ZonaResidenciaVS",
      "version" : "0.4.3",
      "status" : "active",
      "name" : "ZonaResidenciaVS",
      "title" : "Zona de residencia",
      "description" : "Conjunto de valores para la zona de residencia.",
      "systems" : [
        "https://www.minsalud.gov.co/ihc/fhir/CodeSystem/ZonaResidenciaCS"
      ],
      "uses" : {
      },
      "StructureDefinition-co-address-zonaResidencia.html" : "ZonaResidencia"
    }
  ]
}
