{
  "resourceType" : "ValueSet",
  "id" : "IUMVS",
  "text" : {
    "status" : "generated",
    "div" : "<div xmlns=\"http://www.w3.org/1999/xhtml\"><p class=\"res-header-id\"><b>Generated Narrative: ValueSet IUMVS</b></p><a name=\"IUMVS\"> </a><a name=\"hcIUMVS\"> </a><a name=\"IUMVS-es-CO\"> </a><ul><li>Include all codes defined in <code>https://www.minsalud.gov.co/CodeSystem/IUM</code></li></ul></div>"
  },
  "url" : "https://www.minsalud.gov.co/ihc/fhir/ValueSet/IUMVS",
  "version" : "0.4.3",
  "name" : "IUMVS",
  "title" : "Codificacion IUM",
  "status" : "active",
  "experimental" : false,
  "date" : "2023-01-01T00:00:00-05:00",
  "publisher" : "MSP Colombia",
  "contact" : [{
    "name" : "MSP Colombia",
    "telecom" : [{
      "system" : "url",
      "value" : "https://www.minsalud.gov.co/"
    }]
  }],
  "description" : "Conjunto de Valores de Codificacion IUM",
  "jurisdiction" : [{
    "coding" : [{
      "system" : "urn:iso:std:iso:3166",
      "code" : "CO",
      "display" : "Colombia"
    }]
  }],
  "compose" : {
    "include" : [{
      "system" : "https://www.minsalud.gov.co/CodeSystem/IUM"
    }]
  }
}