{
  "resourceType" : "ValueSet",
  "id" : "PaisesVS",
  "text" : {
    "status" : "generated",
    "div" : "<div xmlns=\"http://www.w3.org/1999/xhtml\"><p class=\"res-header-id\"><b>Generated Narrative: ValueSet PaisesVS</b></p><a name=\"PaisesVS\"> </a><a name=\"hcPaisesVS\"> </a><a name=\"PaisesVS-es-CO\"> </a><ul><li>Include all codes defined in <a href=\"CodeSystem-PaisesCS.html\"><code>https://www.minsalud.gov.co/ihc/fhir/CodeSystem/PaisesCS</code></a></li></ul></div>"
  },
  "url" : "https://www.minsalud.gov.co/ihc/fhir/ValueSet/PaisesVS",
  "version" : "0.4.3",
  "name" : "PaisesVS",
  "title" : "Códigos del País",
  "status" : "active",
  "experimental" : false,
  "date" : "2023-01-01T00:00:00-05:00",
  "publisher" : "MSP Colombia",
  "contact" : [{
    "name" : "MSP Colombia",
    "telecom" : [{
      "system" : "url",
      "value" : "https://www.minsalud.gov.co/"
    }]
  }],
  "description" : "Codigos definidos para la identificación de países segun norma ISO3166-N",
  "jurisdiction" : [{
    "coding" : [{
      "system" : "urn:iso:std:iso:3166",
      "code" : "CO",
      "display" : "Colombia"
    }]
  }],
  "compose" : {
    "include" : [{
      "system" : "https://www.minsalud.gov.co/ihc/fhir/CodeSystem/PaisesCS"
    }]
  }
}