[
  {
    "id" : "AlergiasCS",
    "type" : "CodeSystem",
    "url" : "https://www.minsalud.gov.co/ihc/fhir/CodeSystem/AlergiasCS",
    "version" : "0.4.3",
    "name" : "AlergiasCS"
  },
  {
    "id" : "DiscapacidadCS",
    "type" : "CodeSystem",
    "url" : "https://www.minsalud.gov.co/ihc/fhir/CodeSystem/DiscapacidadCS",
    "version" : "0.4.3",
    "name" : "DiscapacidadCS"
  },
  {
    "id" : "EtniaCS",
    "type" : "CodeSystem",
    "url" : "https://www.minsalud.gov.co/ihc/fhir/CodeSystem/EtniaCS",
    "version" : "0.4.3",
    "name" : "Etnia"
  },
  {
    "id" : "IdentidadGeneroCS",
    "type" : "CodeSystem",
    "url" : "https://www.minsalud.gov.co/ihc/fhir/CodeSystem/IdentidadGeneroCS",
    "version" : "0.4.3",
    "name" : "IdentidadGenero"
  },
  {
    "id" : "IdspersonaColombia",
    "type" : "CodeSystem",
    "url" : "https://www.minsalud.gov.co/ihc/fhir/CodeSystem/IdspersonaColombia",
    "version" : "0.4.3",
    "name" : "IdspersonaColombia"
  },
  {
    "id" : "PaisesCS",
    "type" : "CodeSystem",
    "url" : "https://www.minsalud.gov.co/ihc/fhir/CodeSystem/PaisesCS",
    "version" : "0.4.3",
    "name" : "PaisesCS"
  },
  {
    "id" : "ZonaResidenciaCS",
    "type" : "CodeSystem",
    "url" : "https://www.minsalud.gov.co/ihc/fhir/CodeSystem/ZonaResidenciaCS",
    "version" : "0.4.3",
    "name" : "ZonaResidencia"
  },
  {
    "id" : "hl7.fhir.co.CoreCO",
    "type" : "ImplementationGuide",
    "url" : "https://www.minsalud.gov.co/ihc/fhir/ImplementationGuide/hl7.fhir.co.CoreCO",
    "version" : "0.4.3",
    "name" : "CoreCOImplementationGuide"
  },
  {
    "id" : "identifier-country",
    "type" : "SearchParameter",
    "url" : "https://www.minsalud.gov.co/ihc/fhir/SearchParameter/identifier-country",
    "version" : "0.4.3",
    "name" : "IdentifierCountry"
  },
  {
    "id" : "identifier-type",
    "type" : "SearchParameter",
    "url" : "https://www.minsalud.gov.co/ihc/fhir/SearchParameter/identifier-type",
    "version" : "0.4.3",
    "name" : "IdentifierType"
  },
  {
    "id" : "AlergiaCo",
    "type" : "StructureDefinition",
    "url" : "https://www.minsalud.gov.co/ihc/fhir/StructureDefinition/AlergiaCo",
    "version" : "0.4.3",
    "name" : "AlergiaCo"
  },
  {
    "id" : "BundleCo",
    "type" : "StructureDefinition",
    "url" : "https://www.minsalud.gov.co/ihc/fhir/StructureDefinition/BundleCo",
    "version" : "0.4.3",
    "name" : "BundleCo"
  },
  {
    "id" : "CompositionCo",
    "type" : "StructureDefinition",
    "url" : "https://www.minsalud.gov.co/ihc/fhir/StructureDefinition/CompositionCo",
    "version" : "0.4.3",
    "name" : "CompositionCo"
  },
  {
    "id" : "ConditionCo",
    "type" : "StructureDefinition",
    "url" : "https://www.minsalud.gov.co/ihc/fhir/StructureDefinition/ConditionCo",
    "version" : "0.4.3",
    "name" : "ConditionCo"
  },
  {
    "id" : "DocumentReferenceCo",
    "type" : "StructureDefinition",
    "url" : "https://www.minsalud.gov.co/ihc/fhir/StructureDefinition/DocumentReferenceCo",
    "version" : "0.4.3",
    "name" : "DocumentReferenceCo"
  },
  {
    "id" : "MedicationStatementCo",
    "type" : "StructureDefinition",
    "url" : "https://www.minsalud.gov.co/ihc/fhir/StructureDefinition/MedicationStatementCo",
    "version" : "0.4.3",
    "name" : "MedicationStatementCo"
  },
  {
    "id" : "Model866",
    "type" : "StructureDefinition",
    "url" : "https://www.minsalud.gov.co/ihc/fhir/StructureDefinition/Model866",
    "version" : "0.4.3",
    "name" : "Model866"
  },
  {
    "id" : "OrganizacionCo",
    "type" : "StructureDefinition",
    "url" : "https://www.minsalud.gov.co/ihc/fhir/StructureDefinition/OrganizacionCo",
    "version" : "0.4.3",
    "name" : "OrganizacionCo"
  },
  {
    "id" : "PacienteCo",
    "type" : "StructureDefinition",
    "url" : "https://www.minsalud.gov.co/ihc/fhir/StructureDefinition/PacienteCo",
    "version" : "0.4.3",
    "name" : "PersonaColombia"
  },
  {
    "id" : "PractitionerCo",
    "type" : "StructureDefinition",
    "url" : "https://www.minsalud.gov.co/ihc/fhir/StructureDefinition/PractitionerCo",
    "version" : "0.4.3",
    "name" : "MedicoColombiano"
  },
  {
    "id" : "co-AllergyIntolerance-tipo",
    "type" : "StructureDefinition",
    "url" : "https://www.minsalud.gov.co/ihc/fhir/StructureDefinition/co-AllergyIntolerance-tipo",
    "version" : "0.4.3",
    "name" : "TipoAlergia"
  },
  {
    "id" : "co-address-zonaResidencia",
    "type" : "StructureDefinition",
    "url" : "https://www.minsalud.gov.co/ihc/fhir/StructureDefinition/co-address-zonaResidencia",
    "version" : "0.4.3",
    "name" : "ZonaResidencia"
  },
  {
    "id" : "co-pais",
    "type" : "StructureDefinition",
    "url" : "https://www.minsalud.gov.co/ihc/fhir/StructureDefinition/co-pais",
    "version" : "0.4.3",
    "name" : "Pais"
  },
  {
    "id" : "co-patient-comunidadetnica",
    "type" : "StructureDefinition",
    "url" : "https://www.minsalud.gov.co/ihc/fhir/StructureDefinition/co-patient-comunidadetnica",
    "version" : "0.4.3",
    "name" : "ComunidadEtnica"
  },
  {
    "id" : "co-patient-etnia",
    "type" : "StructureDefinition",
    "url" : "https://www.minsalud.gov.co/ihc/fhir/StructureDefinition/co-patient-etnia",
    "version" : "0.4.3",
    "name" : "Etnia"
  },
  {
    "id" : "co-patient-nacionalidad",
    "type" : "StructureDefinition",
    "url" : "https://www.minsalud.gov.co/ihc/fhir/StructureDefinition/co-patient-nacionalidad",
    "version" : "0.4.3",
    "name" : "Nacionalidad"
  },
  {
    "id" : "AlergiasVS",
    "type" : "ValueSet",
    "url" : "https://www.minsalud.gov.co/ihc/fhir/ValueSet/AlergiasVS",
    "version" : "0.4.3",
    "name" : "AlergiasVS"
  },
  {
    "id" : "CIE10VS",
    "type" : "ValueSet",
    "url" : "https://www.minsalud.gov.co/ihc/fhir/ValueSet/CIE10VS",
    "version" : "0.4.3",
    "name" : "CIE10VS"
  },
  {
    "id" : "CUMSVS",
    "type" : "ValueSet",
    "url" : "https://www.minsalud.gov.co/ihc/fhir/ValueSet/CUMSVS",
    "version" : "0.4.3",
    "name" : "CUMSVS"
  },
  {
    "id" : "DiscapacidadVS",
    "type" : "ValueSet",
    "url" : "https://www.minsalud.gov.co/ihc/fhir/ValueSet/DiscapacidadVS",
    "version" : "0.4.3",
    "name" : "DiscapacidadVS"
  },
  {
    "id" : "EtniaVS",
    "type" : "ValueSet",
    "url" : "https://www.minsalud.gov.co/ihc/fhir/ValueSet/EtniaVS",
    "version" : "0.4.3",
    "name" : "EtniaVS"
  },
  {
    "id" : "IUMVS",
    "type" : "ValueSet",
    "url" : "https://www.minsalud.gov.co/ihc/fhir/ValueSet/IUMVS",
    "version" : "0.4.3",
    "name" : "IUMVS"
  },
  {
    "id" : "IdentidadGeneroVS",
    "type" : "ValueSet",
    "url" : "https://www.minsalud.gov.co/ihc/fhir/ValueSet/IdentidadGeneroVS",
    "version" : "0.4.3",
    "name" : "IdentidadGeneroVS"
  },
  {
    "id" : "IdentificadoresPersonaVS",
    "type" : "ValueSet",
    "url" : "https://www.minsalud.gov.co/ihc/fhir/ValueSet/IdentificadoresPersonaVS",
    "version" : "0.4.3",
    "name" : "IdentificadoresPersonaVS"
  },
  {
    "id" : "IdentificadoresProfesionalVS",
    "type" : "ValueSet",
    "url" : "https://www.minsalud.gov.co/ihc/fhir/ValueSet/IdentificadoresProfesionalVS",
    "version" : "0.4.3",
    "name" : "IdentificadoresProfesionalVS"
  },
  {
    "id" : "PaisesVS",
    "type" : "ValueSet",
    "url" : "https://www.minsalud.gov.co/ihc/fhir/ValueSet/PaisesVS",
    "version" : "0.4.3",
    "name" : "PaisesVS"
  },
  {
    "id" : "ZonaResidenciaVS",
    "type" : "ValueSet",
    "url" : "https://www.minsalud.gov.co/ihc/fhir/ValueSet/ZonaResidenciaVS",
    "version" : "0.4.3",
    "name" : "ZonaResidenciaVS"
  }
]
