{
  "resourceType" : "CodeSystem",
  "id" : "IdspersonaColombia",
  "text" : {
    "status" : "generated",
    "div" : "<div xmlns=\"http://www.w3.org/1999/xhtml\"><p class=\"res-header-id\"><b>Generated Narrative: CodeSystem IdspersonaColombia</b></p><a name=\"IdspersonaColombia\"> </a><a name=\"hcIdspersonaColombia\"> </a><a name=\"IdspersonaColombia-es-CO\"> </a><p>This case-sensitive code system <code>https://www.minsalud.gov.co/ihc/fhir/CodeSystem/IdspersonaColombia</code> defines the following codes:</p><table class=\"codes\"><tr><td style=\"white-space:nowrap\"><b>Code</b></td><td><b>Display</b></td><td><b>Definition</b></td></tr><tr><td style=\"white-space:nowrap\">CC<a name=\"IdspersonaColombia-CC\"> </a></td><td>Cédula ciudadanía</td><td>Cédula ciudadanía del paciente.</td></tr><tr><td style=\"white-space:nowrap\">CE<a name=\"IdspersonaColombia-CE\"> </a></td><td>Cédula de extranjería</td><td>Cédula de extranjería</td></tr><tr><td style=\"white-space:nowrap\">CD<a name=\"IdspersonaColombia-CD\"> </a></td><td>Carné diplomático</td><td>Carné diplomático</td></tr><tr><td style=\"white-space:nowrap\">PA<a name=\"IdspersonaColombia-PA\"> </a></td><td>Pasaporte</td><td>Pasaporte</td></tr><tr><td style=\"white-space:nowrap\">SC<a name=\"IdspersonaColombia-SC\"> </a></td><td>Salvoconducto de permanencia</td><td>Salvoconducto de permanencia</td></tr><tr><td style=\"white-space:nowrap\">PT<a name=\"IdspersonaColombia-PT\"> </a></td><td>Permiso Temporal de Permanencia</td><td>Permiso Temporal de Permanencia</td></tr><tr><td style=\"white-space:nowrap\">PE<a name=\"IdspersonaColombia-PE\"> </a></td><td>Permiso Especial de Permanencia</td><td>Permiso Especial de Permanencia</td></tr><tr><td style=\"white-space:nowrap\">RC<a name=\"IdspersonaColombia-RC\"> </a></td><td>Registro civil</td><td>Registro civil</td></tr><tr><td style=\"white-space:nowrap\">TI<a name=\"IdspersonaColombia-TI\"> </a></td><td>Tarjeta de identidad</td><td>Tarjeta de identidad</td></tr><tr><td style=\"white-space:nowrap\">CN<a name=\"IdspersonaColombia-CN\"> </a></td><td>Certificado de nacido vivo</td><td>Certificado de nacido vivo</td></tr><tr><td style=\"white-space:nowrap\">DE<a name=\"IdspersonaColombia-DE\"> </a></td><td>Documento Extranjero</td><td>Documento Extranjero</td></tr></table></div>"
  },
  "url" : "https://www.minsalud.gov.co/ihc/fhir/CodeSystem/IdspersonaColombia",
  "version" : "0.4.3",
  "name" : "IdspersonaColombia",
  "title" : "Identificadores de Persona",
  "status" : "active",
  "experimental" : false,
  "date" : "2010-01-29",
  "publisher" : "MSP Colombia",
  "contact" : [{
    "name" : "MSP Colombia",
    "telecom" : [{
      "system" : "url",
      "value" : "https://www.minsalud.gov.co/"
    }]
  }],
  "description" : "Elemento de dato que contiene el nombre y número de identificación de una determinada persona para efectos de identidad e individualización",
  "jurisdiction" : [{
    "coding" : [{
      "system" : "urn:iso:std:iso:3166",
      "code" : "CO",
      "display" : "Colombia"
    }]
  }],
  "caseSensitive" : true,
  "content" : "complete",
  "count" : 11,
  "concept" : [{
    "code" : "CC",
    "display" : "Cédula ciudadanía",
    "definition" : "Cédula ciudadanía del paciente."
  },
  {
    "code" : "CE",
    "display" : "Cédula de extranjería",
    "definition" : "Cédula de extranjería"
  },
  {
    "code" : "CD",
    "display" : "Carné diplomático",
    "definition" : "Carné diplomático"
  },
  {
    "code" : "PA",
    "display" : "Pasaporte",
    "definition" : "Pasaporte"
  },
  {
    "code" : "SC",
    "display" : "Salvoconducto de permanencia",
    "definition" : "Salvoconducto de permanencia"
  },
  {
    "code" : "PT",
    "display" : "Permiso Temporal de Permanencia",
    "definition" : "Permiso Temporal de Permanencia"
  },
  {
    "code" : "PE",
    "display" : "Permiso Especial de Permanencia",
    "definition" : "Permiso Especial de Permanencia"
  },
  {
    "code" : "RC",
    "display" : "Registro civil",
    "definition" : "Registro civil"
  },
  {
    "code" : "TI",
    "display" : "Tarjeta de identidad",
    "definition" : "Tarjeta de identidad"
  },
  {
    "code" : "CN",
    "display" : "Certificado de nacido vivo",
    "definition" : "Certificado de nacido vivo"
  },
  {
    "code" : "DE",
    "display" : "Documento Extranjero",
    "definition" : "Documento Extranjero"
  }]
}