{
  "resourceType" : "DocumentReference",
  "id" : "DocumentReferenceColombia2",
  "meta" : {
    "profile" : ["https://www.minsalud.gov.co/ihc/fhir/StructureDefinition/DocumentReferenceCo"]
  },
  "text" : {
    "status" : "generated",
    "div" : "<div xmlns=\"http://www.w3.org/1999/xhtml\"><p class=\"res-header-id\"><b>Generated Narrative: DocumentReference DocumentReferenceColombia2</b></p><a name=\"DocumentReferenceColombia2\"> </a><a name=\"hcDocumentReferenceColombia2\"> </a><a name=\"DocumentReferenceColombia2-es-CO\"> </a><p><b>status</b>: Current</p><p><b>type</b>: <span title=\"Codes:{http://loinc.org 60591-5}\">Patient summary Document</span></p><p><b>subject</b>: <a href=\"Bundle-BundleColombiaCo2.html#urn-uuid-2f8d6332-e339-457d-b5e8-1a140a1f3ea1\">Bundle: type = transaction; timestamp = 2022-03-03 10:30:00+0000</a></p><p><b>date</b>: 2022-03-03 10:30:00+0000</p><p><b>author</b>: <a href=\"Organization/OrganizacionPrestadorEjemplo\">Organization/OrganizacionPrestadorEjemplo</a></p><p><b>custodian</b>: <a href=\"Organization-OrganizacionRegionEjemplo.html\">Organization DIRECCION DEPARTAMENTAL DE CUNDINAMARCA</a></p><blockquote><p><b>content</b></p><h3>Attachments</h3><table class=\"grid\"><tr><td style=\"display: none\">-</td><td><b>ContentType</b></td><td><b>Url</b></td></tr><tr><td style=\"display: none\">*</td><td>application/fhir+json</td><td><a href=\"Bundle-BundleColombiaCo2.html#urn-uuid-ae5a4562-f379-4e27-b5e6-3c49746812be\">Bundle: type = transaction; timestamp = 2022-03-03 10:30:00+0000</a></td></tr></table></blockquote></div>"
  },
  "status" : "current",
  "type" : {
    "coding" : [{
      "system" : "http://loinc.org",
      "code" : "60591-5"
    }]
  },
  "subject" : {
    "reference" : "urn:uuid:2f8d6332-e339-457d-b5e8-1a140a1f3ea1"
  },
  "date" : "2022-03-03T10:30:00Z",
  "author" : [{
    "reference" : "Organization/OrganizacionPrestadorEjemplo"
  }],
  "custodian" : {
    "reference" : "Organization/OrganizacionRegionEjemplo"
  },
  "content" : [{
    "attachment" : {
      "contentType" : "application/fhir+json",
      "url" : "urn:uuid:ae5a4562-f379-4e27-b5e6-3c49746812be"
    }
  }]
}