<?xml version="1.0" encoding="UTF-8"?>

<Patient xmlns="http://hl7.org/fhir">
  <id value="PacienteExtranjero"/>
  <meta>
    <versionId value="1"/>
    <lastUpdated value="2021-10-13T22:23:44.162Z"/>
    <profile value="https://www.minsalud.gov.co/ihc/fhir/StructureDefinition/PacienteCo"/>
  </meta>
  <text>
    <status value="generated"/><div xmlns="http://www.w3.org/1999/xhtml"><p class="res-header-id"><b>Generated Narrative: Patient PacienteExtranjero</b></p><a name="PacienteExtranjero"> </a><a name="hcPacienteExtranjero"> </a><a name="PacienteExtranjero-es-CO"> </a><div style="display: inline-block; background-color: #d9e0e7; padding: 6px; margin: 4px; border: 1px solid #8da1b4; border-radius: 5px; line-height: 60%"><p style="margin-bottom: 0px">version: versionId: id (PrimitiveType/Patient.meta.versionId): element = id -&gt; versionId=id[1]; Last updated: 2021-10-13 22:23:44+0000</p><p style="margin-bottom: 0px">Profile: <a href="StructureDefinition-PacienteCo.html">Paciente Co</a></p></div><p style="border: 1px #661aff solid; background-color: #e6e6ff; padding: 10px;">Ana Maria null  Female, DoB: 1974-12-25 ( Pasaporte: 9753)</p><hr/></div>
  </text>
  <identifier>
    <type>
      <extension url="https://www.minsalud.gov.co/ihc/fhir/StructureDefinition/co-pais">
        <valueCodeableConcept>
          <coding>
            <system value="https://www.minsalud.gov.co/ihc/fhir/CodeSystem/PaisesCS"/>
            <code value="032"/>
          </coding>
        </valueCodeableConcept>
      </extension>
      <coding>
        <system value="https://www.minsalud.gov.co/ihc/fhir/CodeSystem/IdspersonaColombia"/>
        <code value="PA"/>
        <display value="Pasaporte"/>
      </coding>
    </type>
    <value value="9753"/>
  </identifier>
  <name>
    <family>
      <extension url="http://hl7.org/fhir/StructureDefinition/humanname-mothers-family">
        <valueString value="Rivas"/>
      </extension>
    </family>
    <given value="Ana"/>
    <given value="Maria"/>
  </name>
  <gender value="female"/>
  <birthDate value="1974-12-25">
    <extension url="http://hl7.org/fhir/StructureDefinition/patient-birthTime">
      <valueDateTime value="1974-12-25T14:35:45-05:00"/>
    </extension>
  </birthDate>
</Patient>