Source File	Size	loadResources	load-configure	scan	loadDepInfo	loadInfo	load	generateSnapshots	checkR4R4B	generateNarratives	validate	loadLists	checkConformanceResources	checkConformanceResources2	checkConformanceResources3	generateLogicalMaps	validateExpressions	scanForUsageStats	checkURLsUnique	processProvenanceDetails	generate1	generate2	generateLogicals	makeDependencies	generateExampleZip	generateValidationPack	scanProfilesForR5	scanExamplesForR5
\fsh-generated\resources\ImplementationGuide-hl7.fhir.co.CoreCO.json	18355	-	0	0	0	0	0	0	9	86	0	0	0	0	0	0	0	0	0	0	218	199	0	0	0	15	0	2
fsh-generated/resources/AllergyIntolerance-AlergiaColombia.json	1039	3	0	0	0	0	0	0	0	39	0	0	0	0	0	0	0	0	0	0	48	59	0	0	0	0	0	0
fsh-generated/resources/AllergyIntolerance-AlergiaColombia2.json	1059	4	0	0	0	0	0	0	0	1	0	0	0	0	0	0	0	0	0	0	31	35	0	0	0	0	0	0
fsh-generated/resources/AllergyIntolerance-AlergiaColombia3.json	1059	4	0	0	0	0	0	0	0	1	0	0	0	0	0	0	0	0	0	0	43	44	0	0	1	0	0	0
fsh-generated/resources/Bundle-BundleColombiaCo.json	10876	6	1	0	0	0	53	0	1	412	0	0	0	0	0	0	0	1	0	0	79	87	0	0	0	0	0	1
fsh-generated/resources/Bundle-BundleColombiaCo2.json	13796	5	0	0	0	0	10	0	0	15	0	0	0	0	0	0	0	0	0	0	104	71	0	0	0	0	0	0
fsh-generated/resources/CodeSystem-AlergiasCS.json	778	2	0	0	0	0	0	0	1	9	0	0	0	0	0	0	0	0	0	0	60	2852	0	0	0	1	0	0
fsh-generated/resources/CodeSystem-DiscapacidadCS.json	1096	2	0	0	0	0	0	0	0	9	0	0	0	0	0	0	0	0	0	0	66	123	0	0	0	1	0	0
fsh-generated/resources/CodeSystem-EtniaCS.json	891	2	0	0	0	0	0	0	0	6	0	0	0	0	0	0	0	0	0	0	56	107	0	0	0	1	0	0
fsh-generated/resources/CodeSystem-IdentidadGeneroCS.json	689	3	0	0	0	0	0	0	0	5	0	0	0	0	0	0	0	0	0	0	47	94	0	0	0	0	0	0
fsh-generated/resources/CodeSystem-IdspersonaColombia.json	1908	1	0	0	0	0	0	0	0	4	0	0	0	0	0	0	0	0	0	0	50	108	0	0	0	1	0	0
fsh-generated/resources/CodeSystem-PaisesCS.json	16665	6	1	0	0	0	0	0	1	25	0	0	0	0	0	0	0	0	0	0	145	220	0	0	0	6	0	0
fsh-generated/resources/CodeSystem-ZonaResidenciaCS.json	507	2	0	0	0	0	0	0	0	6	0	0	0	0	0	0	0	0	0	0	36	111	0	0	0	1	0	0
fsh-generated/resources/Composition-CompositionColombia.json	2184	4	0	0	0	0	0	0	0	2	0	0	0	0	0	0	0	0	0	0	34	69	0	0	0	0	0	0
fsh-generated/resources/Composition-CompositionColombia2.json	2244	2	0	0	0	0	0	0	0	1	0	0	0	0	0	0	0	0	0	0	39	69	0	0	0	0	0	0
fsh-generated/resources/Condition-ConditionColombia.json	522	2	0	0	0	0	0	0	0	0	0	0	0	0	0	0	0	0	0	0	31	42	0	0	0	0	0	0
fsh-generated/resources/Condition-ConditionColombia2.json	542	2	0	0	0	0	0	0	0	1	0	0	0	0	0	0	0	0	0	0	37	59	0	0	0	0	0	0
fsh-generated/resources/DocumentReference-DocumentReferenceColombia.json	785	1	0	0	0	0	0	0	0	7	0	0	0	0	0	0	0	0	0	0	35	65	0	0	0	0	0	0
fsh-generated/resources/DocumentReference-DocumentReferenceColombia2.json	813	2	0	0	0	0	0	0	0	5	0	0	0	0	0	0	0	0	0	0	40	50	0	0	0	0	0	0
fsh-generated/resources/MedicationStatement-MedicationStatementColombia.json	544	3	0	0	0	0	0	0	0	1	0	0	0	0	0	0	0	0	0	0	35	42	0	0	0	0	0	0
fsh-generated/resources/MedicationStatement-MedicationStatementColombia2.json	564	1	0	0	0	0	0	0	0	1	0	0	0	0	0	0	0	0	0	0	38	28	0	0	0	0	0	0
fsh-generated/resources/Organization-OrganizacionPrestadorEjemplo2.json	384	3	1	0	0	0	0	0	0	1	0	0	0	0	0	0	0	0	0	0	32	32	0	0	0	0	0	0
fsh-generated/resources/Organization-OrganizacionRegionEjemplo.json	380	1	0	0	0	0	0	0	0	0	0	0	0	0	0	0	0	0	0	0	31	23	0	0	0	0	0	0
fsh-generated/resources/Patient-PacienteColombiano.json	3684	2	0	0	0	0	0	0	1	1	0	0	0	0	0	0	0	0	0	0	44	40	0	0	0	0	0	1
fsh-generated/resources/Patient-PacienteColombianoCompleto.json	3692	2	0	0	0	0	0	0	0	1	0	0	0	0	0	0	0	0	0	0	48	34	0	0	0	0	0	0
fsh-generated/resources/Patient-PacienteColombianoMinimo.json	1326	2	0	0	0	0	0	0	0	0	0	0	0	0	0	0	0	0	0	0	32	37	0	0	1	0	0	0
fsh-generated/resources/Patient-PacienteExtranjero.json	1467	3	0	0	0	0	0	0	0	2	0	0	0	0	0	0	0	0	0	0	36	43	0	0	0	0	0	0
fsh-generated/resources/Practitioner-ProfesionalColombia.json	956	3	0	0	0	0	0	0	0	0	0	0	0	0	0	0	0	0	0	0	30	32	0	0	0	0	0	0
fsh-generated/resources/Practitioner-ProfesionalColombia2.json	957	4	0	0	0	0	0	0	0	0	0	0	0	0	0	0	0	1	0	0	85	32	0	0	0	0	0	0
fsh-generated/resources/SearchParameter-identifier-country.json	1103	1	0	0	0	0	0	0	0	10	0	0	0	0	0	0	0	0	0	0	47	50	0	0	0	1	0	0
fsh-generated/resources/SearchParameter-identifier-type.json	930	3	0	0	0	0	0	0	0	5	0	0	0	0	0	0	0	0	0	0	40	43	0	0	0	0	0	0
fsh-generated/resources/StructureDefinition-AlergiaCo.json	2167	3	0	0	0	0	0	193	0	59	0	0	1	0	0	0	0	0	0	0	331	2913	0	2	0	21	1	1
fsh-generated/resources/StructureDefinition-BundleCo.json	6858	3	1	0	0	0	0	351	0	64	0	0	0	0	0	0	0	2	0	0	1276	3054	0	0	0	56	0	3
fsh-generated/resources/StructureDefinition-CompositionCo.json	8647	3	0	0	0	0	0	51	0	122	0	0	1	0	0	0	0	1	0	0	813	1300	0	0	0	23	0	2
fsh-generated/resources/StructureDefinition-ConditionCo.json	1858	2	0	0	0	0	0	36	0	15	0	0	0	0	0	0	0	0	0	0	428	670	0	0	0	12	0	0
fsh-generated/resources/StructureDefinition-DocumentReferenceCo.json	4327	3	0	0	0	0	0	46	0	22	0	0	0	0	0	0	0	1	0	0	401	972	0	0	0	21	1	1
fsh-generated/resources/StructureDefinition-MedicationStatementCo.json	2991	3	0	0	0	0	0	25	0	14	0	0	0	0	0	0	0	1	0	0	190	598	0	0	0	7	0	1
fsh-generated/resources/StructureDefinition-Model866.json	3020	2	0	0	0	0	0	19	0	7	0	0	0	0	0	0	0	0	0	0	74	339	0	0	0	1	0	0
fsh-generated/resources/StructureDefinition-OrganizacionCo.json	2604	2	0	0	0	0	0	28	0	11	0	0	0	0	0	0	0	0	0	0	182	772	0	0	0	9	0	0
fsh-generated/resources/StructureDefinition-PacienteCo.json	10785	3	0	0	0	0	0	70	0	52	0	0	0	0	0	0	0	1	0	0	540	1271	0	0	1	31	0	1
fsh-generated/resources/StructureDefinition-PractitionerCo.json	2907	3	0	0	0	0	0	32	0	20	0	0	0	0	0	0	0	0	0	0	194	581	0	0	0	11	0	1
fsh-generated/resources/StructureDefinition-co-AllergyIntolerance-tipo.json	2263	3	1	0	0	0	0	19	0	10	0	0	1	0	0	0	0	1	0	0	151	529	0	0	0	5	0	0
fsh-generated/resources/StructureDefinition-co-address-zonaResidencia.json	1909	3	0	0	0	0	0	16	1	47	0	0	0	0	0	0	0	0	0	0	100	509	0	0	0	4	0	0
fsh-generated/resources/StructureDefinition-co-pais.json	1811	3	0	0	0	0	0	19	0	11	0	0	0	0	0	0	0	0	0	0	86	391	0	0	0	2	0	0
fsh-generated/resources/StructureDefinition-co-patient-comunidadetnica.json	1735	3	0	0	0	0	0	18	0	9	0	0	0	0	0	0	0	0	0	0	86	453	0	0	0	2	1	1
fsh-generated/resources/StructureDefinition-co-patient-etnia.json	1416	2	0	0	0	0	0	13	0	7	0	0	0	0	0	0	0	0	0	0	63	354	0	0	0	1	0	0
fsh-generated/resources/StructureDefinition-co-patient-nacionalidad.json	1805	2	0	0	0	0	0	15	0	8	0	0	0	0	0	0	0	0	0	0	98	480	0	0	0	2	0	0
fsh-generated/resources/ValueSet-AlergiasVS.json	660	1	1	0	0	0	0	0	0	72	0	0	0	0	0	0	0	0	0	0	38	6126	0	0	0	0	0	0
fsh-generated/resources/ValueSet-CIE10VS.json	667	2	0	0	0	0	0	0	0	4	0	0	0	0	0	0	0	0	0	0	36	5123	0	0	0	0	0	0
fsh-generated/resources/ValueSet-CUMSVS.json	666	2	0	0	0	0	0	0	0	3	0	0	0	0	0	0	0	0	0	0	27	92	0	0	0	1	0	0
fsh-generated/resources/ValueSet-DiscapacidadVS.json	688	2	0	0	0	0	0	0	0	3	0	0	0	0	0	0	0	0	0	0	29	126	0	0	0	0	0	0
fsh-generated/resources/ValueSet-EtniaVS.json	663	3	0	0	0	0	0	0	0	2	0	0	0	0	0	0	0	0	0	0	31	122	0	0	0	0	0	0
fsh-generated/resources/ValueSet-IUMVS.json	660	4	0	0	0	0	0	0	0	2	0	0	0	0	0	0	0	0	0	0	32	78	0	0	1	0	0	0
fsh-generated/resources/ValueSet-IdentidadGeneroVS.json	729	4	1	0	0	0	0	0	0	2	0	0	0	0	0	0	0	0	0	0	30	113	0	0	0	1	0	0
fsh-generated/resources/ValueSet-IdentificadoresPersonaVS.json	748	5	0	0	0	0	0	0	0	3	0	0	0	0	0	0	0	0	0	0	31	150	0	0	0	0	0	0
fsh-generated/resources/ValueSet-IdentificadoresProfesionalVS.json	1286	5	0	0	0	0	0	0	0	5	0	0	0	0	0	0	0	0	0	0	33	126	0	0	0	0	0	0
fsh-generated/resources/ValueSet-PaisesVS.json	720	4	0	0	0	0	0	0	0	2	0	0	0	0	0	0	0	0	0	0	30	1368	0	0	0	0	0	0
fsh-generated/resources/ValueSet-ZonaResidenciaVS.json	725	3	0	0	0	0	0	0	0	4	0	0	0	0	0	0	0	0	0	0	30	99	0	0	0	1	0	0
\fsh-generated\resources\binary-modeloinstancia.json	132	-	0	0	0	0	0	0	0	0	0	0	0	0	0	0	0	0	0	0	21	33	0	0	0	0	0	0
