{
  "date" : "Sat, 17 Aug, 2024 11:39:41 -0300",
  "doco" : "For each file: start is seconds after start activity occurred. Length = milliseconds activity took",
  "files" : [
    {
      "name" : "\\fsh-generated\\resources\\ImplementationGuide-hl7.fhir.co.CoreCO.json",
      "size" : 18355,
      "processes" : [
        {
          "activity" : "load",
          "start" : 42,
          "length" : 13
        },
        {
          "activity" : "checkR4R4B",
          "start" : 43,
          "length" : 9
        },
        {
          "activity" : "generateNarratives",
          "start" : 43,
          "length" : 86
        },
        {
          "activity" : "validate",
          "start" : 49,
          "length" : 812
        },
        {
          "activity" : "generate1",
          "start" : 51,
          "length" : 218
        },
        {
          "activity" : "generate2",
          "start" : 64,
          "length" : 199
        },
        {
          "activity" : "generateExampleZip",
          "start" : 147,
          "length" : 1
        },
        {
          "activity" : "generateValidationPack",
          "start" : 148,
          "length" : 15
        },
        {
          "activity" : "scanExamplesForR5",
          "start" : 187,
          "length" : 2
        }
      ]
    },
    {
      "name" : "fsh-generated/resources/AllergyIntolerance-AlergiaColombia.json",
      "size" : 1039,
      "processes" : [
        {
          "activity" : "loadResources",
          "start" : 41,
          "length" : 3
        },
        {
          "activity" : "generateNarratives",
          "start" : 43,
          "length" : 39
        },
        {
          "activity" : "validate",
          "start" : 50,
          "length" : 15
        },
        {
          "activity" : "generate1",
          "start" : 51,
          "length" : 48
        },
        {
          "activity" : "generate2",
          "start" : 64,
          "length" : 59
        }
      ]
    },
    {
      "name" : "fsh-generated/resources/AllergyIntolerance-AlergiaColombia2.json",
      "size" : 1059,
      "processes" : [
        {
          "activity" : "loadResources",
          "start" : 41,
          "length" : 4
        },
        {
          "activity" : "generateNarratives",
          "start" : 43,
          "length" : 1
        },
        {
          "activity" : "validate",
          "start" : 50,
          "length" : 8
        },
        {
          "activity" : "generate1",
          "start" : 51,
          "length" : 31
        },
        {
          "activity" : "generate2",
          "start" : 64,
          "length" : 35
        }
      ]
    },
    {
      "name" : "fsh-generated/resources/AllergyIntolerance-AlergiaColombia3.json",
      "size" : 1059,
      "processes" : [
        {
          "activity" : "loadResources",
          "start" : 41,
          "length" : 4
        },
        {
          "activity" : "generateNarratives",
          "start" : 43,
          "length" : 1
        },
        {
          "activity" : "validate",
          "start" : 50,
          "length" : 4
        },
        {
          "activity" : "generate1",
          "start" : 51,
          "length" : 43
        },
        {
          "activity" : "generate2",
          "start" : 64,
          "length" : 44
        },
        {
          "activity" : "generateExampleZip",
          "start" : 146,
          "length" : 1
        }
      ]
    },
    {
      "name" : "fsh-generated/resources/Bundle-BundleColombiaCo.json",
      "size" : 10876,
      "processes" : [
        {
          "activity" : "loadResources",
          "start" : 41,
          "length" : 6
        },
        {
          "activity" : "load-configure",
          "start" : 42,
          "length" : 1
        },
        {
          "activity" : "load",
          "start" : 42,
          "length" : 53
        },
        {
          "activity" : "checkR4R4B",
          "start" : 43,
          "length" : 1
        },
        {
          "activity" : "generateNarratives",
          "start" : 43,
          "length" : 412
        },
        {
          "activity" : "scanForUsageStats",
          "start" : 50,
          "length" : 1
        },
        {
          "activity" : "validate",
          "start" : 50,
          "length" : 280
        },
        {
          "activity" : "generate1",
          "start" : 51,
          "length" : 79
        },
        {
          "activity" : "generate2",
          "start" : 64,
          "length" : 87
        },
        {
          "activity" : "generateExampleZip",
          "start" : 147,
          "length" : 1
        },
        {
          "activity" : "scanExamplesForR5",
          "start" : 187,
          "length" : 1
        }
      ]
    },
    {
      "name" : "fsh-generated/resources/Bundle-BundleColombiaCo2.json",
      "size" : 13796,
      "processes" : [
        {
          "activity" : "loadResources",
          "start" : 41,
          "length" : 5
        },
        {
          "activity" : "load",
          "start" : 42,
          "length" : 10
        },
        {
          "activity" : "load",
          "start" : 42,
          "length" : 1
        },
        {
          "activity" : "generateNarratives",
          "start" : 43,
          "length" : 15
        },
        {
          "activity" : "validate",
          "start" : 50,
          "length" : 134
        },
        {
          "activity" : "generate1",
          "start" : 51,
          "length" : 104
        },
        {
          "activity" : "generate2",
          "start" : 64,
          "length" : 71
        }
      ]
    },
    {
      "name" : "fsh-generated/resources/CodeSystem-AlergiasCS.json",
      "size" : 778,
      "processes" : [
        {
          "activity" : "loadResources",
          "start" : 41,
          "length" : 2
        },
        {
          "activity" : "load",
          "start" : 42,
          "length" : 14
        },
        {
          "activity" : "checkR4R4B",
          "start" : 43,
          "length" : 1
        },
        {
          "activity" : "generateNarratives",
          "start" : 43,
          "length" : 9
        },
        {
          "activity" : "validate",
          "start" : 44,
          "length" : 48
        },
        {
          "activity" : "generate1",
          "start" : 51,
          "length" : 60
        },
        {
          "activity" : "generate2",
          "start" : 64,
          "length" : 2852
        },
        {
          "activity" : "generateValidationPack",
          "start" : 148,
          "length" : 1
        }
      ]
    },
    {
      "name" : "fsh-generated/resources/CodeSystem-DiscapacidadCS.json",
      "size" : 1096,
      "processes" : [
        {
          "activity" : "loadResources",
          "start" : 41,
          "length" : 2
        },
        {
          "activity" : "load",
          "start" : 42,
          "length" : 5
        },
        {
          "activity" : "generateNarratives",
          "start" : 43,
          "length" : 9
        },
        {
          "activity" : "validate",
          "start" : 44,
          "length" : 13
        },
        {
          "activity" : "generate1",
          "start" : 51,
          "length" : 66
        },
        {
          "activity" : "generate2",
          "start" : 67,
          "length" : 123
        },
        {
          "activity" : "generateValidationPack",
          "start" : 148,
          "length" : 1
        }
      ]
    },
    {
      "name" : "fsh-generated/resources/CodeSystem-EtniaCS.json",
      "size" : 891,
      "processes" : [
        {
          "activity" : "loadResources",
          "start" : 41,
          "length" : 2
        },
        {
          "activity" : "load",
          "start" : 42,
          "length" : 5
        },
        {
          "activity" : "generateNarratives",
          "start" : 43,
          "length" : 6
        },
        {
          "activity" : "validate",
          "start" : 44,
          "length" : 11
        },
        {
          "activity" : "generate1",
          "start" : 51,
          "length" : 56
        },
        {
          "activity" : "generate2",
          "start" : 67,
          "length" : 107
        },
        {
          "activity" : "generateValidationPack",
          "start" : 148,
          "length" : 1
        }
      ]
    },
    {
      "name" : "fsh-generated/resources/CodeSystem-IdentidadGeneroCS.json",
      "size" : 689,
      "processes" : [
        {
          "activity" : "loadResources",
          "start" : 41,
          "length" : 3
        },
        {
          "activity" : "load",
          "start" : 42,
          "length" : 3
        },
        {
          "activity" : "generateNarratives",
          "start" : 43,
          "length" : 5
        },
        {
          "activity" : "validate",
          "start" : 44,
          "length" : 6
        },
        {
          "activity" : "generate1",
          "start" : 51,
          "length" : 47
        },
        {
          "activity" : "generate2",
          "start" : 67,
          "length" : 94
        }
      ]
    },
    {
      "name" : "fsh-generated/resources/CodeSystem-IdspersonaColombia.json",
      "size" : 1908,
      "processes" : [
        {
          "activity" : "loadResources",
          "start" : 41,
          "length" : 1
        },
        {
          "activity" : "load",
          "start" : 42,
          "length" : 5
        },
        {
          "activity" : "generateNarratives",
          "start" : 43,
          "length" : 4
        },
        {
          "activity" : "validate",
          "start" : 44,
          "length" : 8
        },
        {
          "activity" : "generate1",
          "start" : 51,
          "length" : 50
        },
        {
          "activity" : "generate2",
          "start" : 67,
          "length" : 108
        },
        {
          "activity" : "generateValidationPack",
          "start" : 148,
          "length" : 1
        }
      ]
    },
    {
      "name" : "fsh-generated/resources/CodeSystem-PaisesCS.json",
      "size" : 16665,
      "processes" : [
        {
          "activity" : "loadResources",
          "start" : 41,
          "length" : 6
        },
        {
          "activity" : "load-configure",
          "start" : 42,
          "length" : 1
        },
        {
          "activity" : "load",
          "start" : 42,
          "length" : 18
        },
        {
          "activity" : "checkR4R4B",
          "start" : 43,
          "length" : 1
        },
        {
          "activity" : "generateNarratives",
          "start" : 43,
          "length" : 25
        },
        {
          "activity" : "validate",
          "start" : 44,
          "length" : 105
        },
        {
          "activity" : "generate1",
          "start" : 52,
          "length" : 145
        },
        {
          "activity" : "generate2",
          "start" : 67,
          "length" : 220
        },
        {
          "activity" : "generateValidationPack",
          "start" : 148,
          "length" : 6
        }
      ]
    },
    {
      "name" : "fsh-generated/resources/CodeSystem-ZonaResidenciaCS.json",
      "size" : 507,
      "processes" : [
        {
          "activity" : "loadResources",
          "start" : 41,
          "length" : 2
        },
        {
          "activity" : "scan",
          "start" : 42,
          "length" : 1
        },
        {
          "activity" : "load",
          "start" : 42,
          "length" : 6
        },
        {
          "activity" : "generateNarratives",
          "start" : 43,
          "length" : 6
        },
        {
          "activity" : "validate",
          "start" : 44,
          "length" : 7
        },
        {
          "activity" : "generate1",
          "start" : 52,
          "length" : 36
        },
        {
          "activity" : "generate2",
          "start" : 68,
          "length" : 111
        },
        {
          "activity" : "generateValidationPack",
          "start" : 148,
          "length" : 1
        }
      ]
    },
    {
      "name" : "fsh-generated/resources/Composition-CompositionColombia.json",
      "size" : 2184,
      "processes" : [
        {
          "activity" : "loadResources",
          "start" : 41,
          "length" : 4
        },
        {
          "activity" : "generateNarratives",
          "start" : 43,
          "length" : 2
        },
        {
          "activity" : "validate",
          "start" : 50,
          "length" : 23
        },
        {
          "activity" : "generate1",
          "start" : 52,
          "length" : 34
        },
        {
          "activity" : "generate2",
          "start" : 68,
          "length" : 69
        }
      ]
    },
    {
      "name" : "fsh-generated/resources/Composition-CompositionColombia2.json",
      "size" : 2244,
      "processes" : [
        {
          "activity" : "loadResources",
          "start" : 41,
          "length" : 2
        },
        {
          "activity" : "generateNarratives",
          "start" : 43,
          "length" : 1
        },
        {
          "activity" : "validate",
          "start" : 50,
          "length" : 21
        },
        {
          "activity" : "generate1",
          "start" : 52,
          "length" : 39
        },
        {
          "activity" : "generate2",
          "start" : 68,
          "length" : 69
        }
      ]
    },
    {
      "name" : "fsh-generated/resources/Condition-ConditionColombia.json",
      "size" : 522,
      "processes" : [
        {
          "activity" : "loadResources",
          "start" : 41,
          "length" : 2
        },
        {
          "activity" : "validate",
          "start" : 50,
          "length" : 5
        },
        {
          "activity" : "generate1",
          "start" : 52,
          "length" : 31
        },
        {
          "activity" : "generate2",
          "start" : 68,
          "length" : 42
        }
      ]
    },
    {
      "name" : "fsh-generated/resources/Condition-ConditionColombia2.json",
      "size" : 542,
      "processes" : [
        {
          "activity" : "loadResources",
          "start" : 41,
          "length" : 2
        },
        {
          "activity" : "generateNarratives",
          "start" : 43,
          "length" : 1
        },
        {
          "activity" : "validate",
          "start" : 50,
          "length" : 5
        },
        {
          "activity" : "generate1",
          "start" : 52,
          "length" : 37
        },
        {
          "activity" : "generate2",
          "start" : 68,
          "length" : 59
        },
        {
          "activity" : "generateExampleZip",
          "start" : 147,
          "length" : 1
        }
      ]
    },
    {
      "name" : "fsh-generated/resources/DocumentReference-DocumentReferenceColombia.json",
      "size" : 785,
      "processes" : [
        {
          "activity" : "loadResources",
          "start" : 41,
          "length" : 1
        },
        {
          "activity" : "generateNarratives",
          "start" : 43,
          "length" : 7
        },
        {
          "activity" : "validate",
          "start" : 50,
          "length" : 16
        },
        {
          "activity" : "generate1",
          "start" : 52,
          "length" : 35
        },
        {
          "activity" : "generate2",
          "start" : 68,
          "length" : 65
        }
      ]
    },
    {
      "name" : "fsh-generated/resources/DocumentReference-DocumentReferenceColombia2.json",
      "size" : 813,
      "processes" : [
        {
          "activity" : "loadResources",
          "start" : 41,
          "length" : 2
        },
        {
          "activity" : "generateNarratives",
          "start" : 43,
          "length" : 5
        },
        {
          "activity" : "validate",
          "start" : 50,
          "length" : 19
        },
        {
          "activity" : "generate1",
          "start" : 52,
          "length" : 40
        },
        {
          "activity" : "generate2",
          "start" : 68,
          "length" : 50
        }
      ]
    },
    {
      "name" : "fsh-generated/resources/MedicationStatement-MedicationStatementColombia.json",
      "size" : 544,
      "processes" : [
        {
          "activity" : "loadResources",
          "start" : 41,
          "length" : 3
        },
        {
          "activity" : "generateNarratives",
          "start" : 43,
          "length" : 1
        },
        {
          "activity" : "validate",
          "start" : 50,
          "length" : 12
        },
        {
          "activity" : "generate1",
          "start" : 52,
          "length" : 35
        },
        {
          "activity" : "generate2",
          "start" : 68,
          "length" : 42
        },
        {
          "activity" : "generateExampleZip",
          "start" : 147,
          "length" : 1
        }
      ]
    },
    {
      "name" : "fsh-generated/resources/MedicationStatement-MedicationStatementColombia2.json",
      "size" : 564,
      "processes" : [
        {
          "activity" : "loadResources",
          "start" : 41,
          "length" : 1
        },
        {
          "activity" : "generateNarratives",
          "start" : 43,
          "length" : 1
        },
        {
          "activity" : "validate",
          "start" : 50,
          "length" : 9
        },
        {
          "activity" : "generate1",
          "start" : 52,
          "length" : 38
        },
        {
          "activity" : "generate2",
          "start" : 68,
          "length" : 28
        }
      ]
    },
    {
      "name" : "fsh-generated/resources/Organization-OrganizacionPrestadorEjemplo2.json",
      "size" : 384,
      "processes" : [
        {
          "activity" : "loadResources",
          "start" : 41,
          "length" : 3
        },
        {
          "activity" : "load-configure",
          "start" : 42,
          "length" : 1
        },
        {
          "activity" : "generateNarratives",
          "start" : 43,
          "length" : 1
        },
        {
          "activity" : "validate",
          "start" : 50,
          "length" : 7
        },
        {
          "activity" : "generate1",
          "start" : 52,
          "length" : 32
        },
        {
          "activity" : "generate2",
          "start" : 68,
          "length" : 32
        }
      ]
    },
    {
      "name" : "fsh-generated/resources/Organization-OrganizacionRegionEjemplo.json",
      "size" : 380,
      "processes" : [
        {
          "activity" : "loadResources",
          "start" : 41,
          "length" : 1
        },
        {
          "activity" : "validate",
          "start" : 50,
          "length" : 2
        },
        {
          "activity" : "generate1",
          "start" : 52,
          "length" : 31
        },
        {
          "activity" : "generate2",
          "start" : 68,
          "length" : 23
        }
      ]
    },
    {
      "name" : "fsh-generated/resources/Patient-PacienteColombiano.json",
      "size" : 3684,
      "processes" : [
        {
          "activity" : "loadResources",
          "start" : 41,
          "length" : 2
        },
        {
          "activity" : "checkR4R4B",
          "start" : 43,
          "length" : 1
        },
        {
          "activity" : "generateNarratives",
          "start" : 43,
          "length" : 1
        },
        {
          "activity" : "validate",
          "start" : 50,
          "length" : 53
        },
        {
          "activity" : "generate1",
          "start" : 52,
          "length" : 44
        },
        {
          "activity" : "generate2",
          "start" : 68,
          "length" : 40
        },
        {
          "activity" : "scanExamplesForR5",
          "start" : 187,
          "length" : 1
        }
      ]
    },
    {
      "name" : "fsh-generated/resources/Patient-PacienteColombianoCompleto.json",
      "size" : 3692,
      "processes" : [
        {
          "activity" : "loadResources",
          "start" : 41,
          "length" : 2
        },
        {
          "activity" : "generateNarratives",
          "start" : 43,
          "length" : 1
        },
        {
          "activity" : "validate",
          "start" : 50,
          "length" : 40
        },
        {
          "activity" : "generate1",
          "start" : 52,
          "length" : 48
        },
        {
          "activity" : "generate2",
          "start" : 68,
          "length" : 34
        }
      ]
    },
    {
      "name" : "fsh-generated/resources/Patient-PacienteColombianoMinimo.json",
      "size" : 1326,
      "processes" : [
        {
          "activity" : "loadResources",
          "start" : 41,
          "length" : 2
        },
        {
          "activity" : "validate",
          "start" : 50,
          "length" : 18
        },
        {
          "activity" : "generate1",
          "start" : 52,
          "length" : 32
        },
        {
          "activity" : "generate2",
          "start" : 68,
          "length" : 37
        },
        {
          "activity" : "generateExampleZip",
          "start" : 146,
          "length" : 1
        }
      ]
    },
    {
      "name" : "fsh-generated/resources/Patient-PacienteExtranjero.json",
      "size" : 1467,
      "processes" : [
        {
          "activity" : "loadResources",
          "start" : 41,
          "length" : 3
        },
        {
          "activity" : "generateNarratives",
          "start" : 43,
          "length" : 2
        },
        {
          "activity" : "validate",
          "start" : 50,
          "length" : 31
        },
        {
          "activity" : "generate1",
          "start" : 52,
          "length" : 36
        },
        {
          "activity" : "generate2",
          "start" : 68,
          "length" : 43
        }
      ]
    },
    {
      "name" : "fsh-generated/resources/Practitioner-ProfesionalColombia.json",
      "size" : 956,
      "processes" : [
        {
          "activity" : "loadResources",
          "start" : 41,
          "length" : 3
        },
        {
          "activity" : "validate",
          "start" : 50,
          "length" : 20
        },
        {
          "activity" : "generate1",
          "start" : 52,
          "length" : 30
        },
        {
          "activity" : "generate2",
          "start" : 68,
          "length" : 32
        }
      ]
    },
    {
      "name" : "fsh-generated/resources/Practitioner-ProfesionalColombia2.json",
      "size" : 957,
      "processes" : [
        {
          "activity" : "loadResources",
          "start" : 41,
          "length" : 4
        },
        {
          "activity" : "scanForUsageStats",
          "start" : 50,
          "length" : 1
        },
        {
          "activity" : "validate",
          "start" : 50,
          "length" : 18
        },
        {
          "activity" : "generate1",
          "start" : 52,
          "length" : 85
        },
        {
          "activity" : "generate2",
          "start" : 68,
          "length" : 32
        }
      ]
    },
    {
      "name" : "fsh-generated/resources/SearchParameter-identifier-country.json",
      "size" : 1103,
      "processes" : [
        {
          "activity" : "loadResources",
          "start" : 41,
          "length" : 1
        },
        {
          "activity" : "load",
          "start" : 42,
          "length" : 12
        },
        {
          "activity" : "load",
          "start" : 42,
          "length" : 2
        },
        {
          "activity" : "generateNarratives",
          "start" : 43,
          "length" : 10
        },
        {
          "activity" : "validate",
          "start" : 49,
          "length" : 16
        },
        {
          "activity" : "generate1",
          "start" : 52,
          "length" : 47
        },
        {
          "activity" : "generate2",
          "start" : 68,
          "length" : 50
        },
        {
          "activity" : "generateValidationPack",
          "start" : 148,
          "length" : 1
        }
      ]
    },
    {
      "name" : "fsh-generated/resources/SearchParameter-identifier-type.json",
      "size" : 930,
      "processes" : [
        {
          "activity" : "loadResources",
          "start" : 41,
          "length" : 3
        },
        {
          "activity" : "load",
          "start" : 42,
          "length" : 3
        },
        {
          "activity" : "load",
          "start" : 42,
          "length" : 3
        },
        {
          "activity" : "generateNarratives",
          "start" : 43,
          "length" : 5
        },
        {
          "activity" : "validate",
          "start" : 49,
          "length" : 5
        },
        {
          "activity" : "generate1",
          "start" : 52,
          "length" : 40
        },
        {
          "activity" : "generate2",
          "start" : 68,
          "length" : 43
        }
      ]
    },
    {
      "name" : "fsh-generated/resources/StructureDefinition-AlergiaCo.json",
      "size" : 2167,
      "processes" : [
        {
          "activity" : "loadResources",
          "start" : 41,
          "length" : 3
        },
        {
          "activity" : "load",
          "start" : 42,
          "length" : 8
        },
        {
          "activity" : "generateSnapshots",
          "start" : 42,
          "length" : 193
        },
        {
          "activity" : "generateNarratives",
          "start" : 43,
          "length" : 59
        },
        {
          "activity" : "validate",
          "start" : 44,
          "length" : 775
        },
        {
          "activity" : "checkConformanceResources",
          "start" : 50,
          "length" : 1
        },
        {
          "activity" : "generate1",
          "start" : 52,
          "length" : 331
        },
        {
          "activity" : "generate2",
          "start" : 69,
          "length" : 2913
        },
        {
          "activity" : "makeDependencies",
          "start" : 111,
          "length" : 2
        },
        {
          "activity" : "generateValidationPack",
          "start" : 148,
          "length" : 21
        },
        {
          "activity" : "scanProfilesForR5",
          "start" : 187,
          "length" : 1
        },
        {
          "activity" : "scanExamplesForR5",
          "start" : 187,
          "length" : 1
        }
      ]
    },
    {
      "name" : "fsh-generated/resources/StructureDefinition-BundleCo.json",
      "size" : 6858,
      "processes" : [
        {
          "activity" : "loadResources",
          "start" : 41,
          "length" : 3
        },
        {
          "activity" : "load-configure",
          "start" : 42,
          "length" : 1
        },
        {
          "activity" : "load",
          "start" : 42,
          "length" : 6
        },
        {
          "activity" : "generateSnapshots",
          "start" : 42,
          "length" : 351
        },
        {
          "activity" : "generateNarratives",
          "start" : 44,
          "length" : 64
        },
        {
          "activity" : "validate",
          "start" : 45,
          "length" : 1250
        },
        {
          "activity" : "scanForUsageStats",
          "start" : 50,
          "length" : 2
        },
        {
          "activity" : "generate1",
          "start" : 53,
          "length" : 1276
        },
        {
          "activity" : "generate2",
          "start" : 71,
          "length" : 3054
        },
        {
          "activity" : "generateValidationPack",
          "start" : 148,
          "length" : 56
        },
        {
          "activity" : "scanExamplesForR5",
          "start" : 187,
          "length" : 3
        }
      ]
    },
    {
      "name" : "fsh-generated/resources/StructureDefinition-CompositionCo.json",
      "size" : 8647,
      "processes" : [
        {
          "activity" : "loadResources",
          "start" : 41,
          "length" : 3
        },
        {
          "activity" : "load",
          "start" : 42,
          "length" : 6
        },
        {
          "activity" : "generateSnapshots",
          "start" : 42,
          "length" : 51
        },
        {
          "activity" : "generateNarratives",
          "start" : 44,
          "length" : 122
        },
        {
          "activity" : "validate",
          "start" : 46,
          "length" : 606
        },
        {
          "activity" : "checkConformanceResources",
          "start" : 50,
          "length" : 1
        },
        {
          "activity" : "scanForUsageStats",
          "start" : 50,
          "length" : 1
        },
        {
          "activity" : "generate1",
          "start" : 54,
          "length" : 813
        },
        {
          "activity" : "generate2",
          "start" : 74,
          "length" : 1300
        },
        {
          "activity" : "generateValidationPack",
          "start" : 148,
          "length" : 23
        },
        {
          "activity" : "scanExamplesForR5",
          "start" : 187,
          "length" : 2
        }
      ]
    },
    {
      "name" : "fsh-generated/resources/StructureDefinition-ConditionCo.json",
      "size" : 1858,
      "processes" : [
        {
          "activity" : "loadResources",
          "start" : 41,
          "length" : 2
        },
        {
          "activity" : "load",
          "start" : 42,
          "length" : 4
        },
        {
          "activity" : "generateSnapshots",
          "start" : 42,
          "length" : 36
        },
        {
          "activity" : "generateNarratives",
          "start" : 44,
          "length" : 15
        },
        {
          "activity" : "validate",
          "start" : 47,
          "length" : 278
        },
        {
          "activity" : "generate1",
          "start" : 55,
          "length" : 428
        },
        {
          "activity" : "generate2",
          "start" : 76,
          "length" : 670
        },
        {
          "activity" : "generateExampleZip",
          "start" : 147,
          "length" : 1
        },
        {
          "activity" : "generateValidationPack",
          "start" : 148,
          "length" : 12
        }
      ]
    },
    {
      "name" : "fsh-generated/resources/StructureDefinition-DocumentReferenceCo.json",
      "size" : 4327,
      "processes" : [
        {
          "activity" : "loadResources",
          "start" : 41,
          "length" : 3
        },
        {
          "activity" : "load",
          "start" : 42,
          "length" : 5
        },
        {
          "activity" : "generateSnapshots",
          "start" : 42,
          "length" : 46
        },
        {
          "activity" : "generateNarratives",
          "start" : 44,
          "length" : 22
        },
        {
          "activity" : "validate",
          "start" : 47,
          "length" : 288
        },
        {
          "activity" : "scanForUsageStats",
          "start" : 50,
          "length" : 1
        },
        {
          "activity" : "generate1",
          "start" : 55,
          "length" : 401
        },
        {
          "activity" : "generate2",
          "start" : 76,
          "length" : 972
        },
        {
          "activity" : "generateValidationPack",
          "start" : 148,
          "length" : 21
        },
        {
          "activity" : "scanProfilesForR5",
          "start" : 187,
          "length" : 1
        },
        {
          "activity" : "scanExamplesForR5",
          "start" : 187,
          "length" : 1
        }
      ]
    },
    {
      "name" : "fsh-generated/resources/StructureDefinition-MedicationStatementCo.json",
      "size" : 2991,
      "processes" : [
        {
          "activity" : "loadResources",
          "start" : 41,
          "length" : 3
        },
        {
          "activity" : "load",
          "start" : 42,
          "length" : 5
        },
        {
          "activity" : "generateSnapshots",
          "start" : 43,
          "length" : 25
        },
        {
          "activity" : "generateNarratives",
          "start" : 44,
          "length" : 14
        },
        {
          "activity" : "validate",
          "start" : 48,
          "length" : 167
        },
        {
          "activity" : "scanForUsageStats",
          "start" : 50,
          "length" : 1
        },
        {
          "activity" : "generate1",
          "start" : 56,
          "length" : 190
        },
        {
          "activity" : "generate2",
          "start" : 77,
          "length" : 598
        },
        {
          "activity" : "generateValidationPack",
          "start" : 148,
          "length" : 7
        },
        {
          "activity" : "scanExamplesForR5",
          "start" : 187,
          "length" : 1
        }
      ]
    },
    {
      "name" : "fsh-generated/resources/StructureDefinition-Model866.json",
      "size" : 3020,
      "processes" : [
        {
          "activity" : "loadResources",
          "start" : 41,
          "length" : 2
        },
        {
          "activity" : "load",
          "start" : 42,
          "length" : 4
        },
        {
          "activity" : "generateSnapshots",
          "start" : 43,
          "length" : 19
        },
        {
          "activity" : "generateNarratives",
          "start" : 44,
          "length" : 7
        },
        {
          "activity" : "validate",
          "start" : 48,
          "length" : 29
        },
        {
          "activity" : "generate1",
          "start" : 56,
          "length" : 74
        },
        {
          "activity" : "generate2",
          "start" : 78,
          "length" : 339
        },
        {
          "activity" : "generateValidationPack",
          "start" : 148,
          "length" : 1
        }
      ]
    },
    {
      "name" : "fsh-generated/resources/StructureDefinition-OrganizacionCo.json",
      "size" : 2604,
      "processes" : [
        {
          "activity" : "loadResources",
          "start" : 41,
          "length" : 2
        },
        {
          "activity" : "load",
          "start" : 42,
          "length" : 3
        },
        {
          "activity" : "generateSnapshots",
          "start" : 43,
          "length" : 28
        },
        {
          "activity" : "generateNarratives",
          "start" : 44,
          "length" : 11
        },
        {
          "activity" : "validate",
          "start" : 48,
          "length" : 133
        },
        {
          "activity" : "generate1",
          "start" : 56,
          "length" : 182
        },
        {
          "activity" : "generate2",
          "start" : 78,
          "length" : 772
        },
        {
          "activity" : "generateValidationPack",
          "start" : 148,
          "length" : 9
        }
      ]
    },
    {
      "name" : "fsh-generated/resources/StructureDefinition-PacienteCo.json",
      "size" : 10785,
      "processes" : [
        {
          "activity" : "loadResources",
          "start" : 41,
          "length" : 3
        },
        {
          "activity" : "load",
          "start" : 42,
          "length" : 6
        },
        {
          "activity" : "generateSnapshots",
          "start" : 43,
          "length" : 70
        },
        {
          "activity" : "generateNarratives",
          "start" : 44,
          "length" : 52
        },
        {
          "activity" : "validate",
          "start" : 48,
          "length" : 433
        },
        {
          "activity" : "scanForUsageStats",
          "start" : 50,
          "length" : 1
        },
        {
          "activity" : "generate1",
          "start" : 56,
          "length" : 540
        },
        {
          "activity" : "generate2",
          "start" : 79,
          "length" : 1271
        },
        {
          "activity" : "generateExampleZip",
          "start" : 146,
          "length" : 1
        },
        {
          "activity" : "generateValidationPack",
          "start" : 148,
          "length" : 31
        },
        {
          "activity" : "scanExamplesForR5",
          "start" : 187,
          "length" : 1
        }
      ]
    },
    {
      "name" : "fsh-generated/resources/StructureDefinition-PractitionerCo.json",
      "size" : 2907,
      "processes" : [
        {
          "activity" : "loadResources",
          "start" : 41,
          "length" : 3
        },
        {
          "activity" : "load",
          "start" : 42,
          "length" : 4
        },
        {
          "activity" : "generateSnapshots",
          "start" : 43,
          "length" : 32
        },
        {
          "activity" : "generateNarratives",
          "start" : 44,
          "length" : 20
        },
        {
          "activity" : "validate",
          "start" : 48,
          "length" : 173
        },
        {
          "activity" : "generate1",
          "start" : 57,
          "length" : 194
        },
        {
          "activity" : "generate2",
          "start" : 80,
          "length" : 581
        },
        {
          "activity" : "generateValidationPack",
          "start" : 148,
          "length" : 11
        },
        {
          "activity" : "scanExamplesForR5",
          "start" : 187,
          "length" : 1
        }
      ]
    },
    {
      "name" : "fsh-generated/resources/StructureDefinition-co-AllergyIntolerance-tipo.json",
      "size" : 2263,
      "processes" : [
        {
          "activity" : "loadResources",
          "start" : 41,
          "length" : 3
        },
        {
          "activity" : "load-configure",
          "start" : 42,
          "length" : 1
        },
        {
          "activity" : "load",
          "start" : 42,
          "length" : 3
        },
        {
          "activity" : "generateSnapshots",
          "start" : 43,
          "length" : 19
        },
        {
          "activity" : "generateNarratives",
          "start" : 44,
          "length" : 10
        },
        {
          "activity" : "validate",
          "start" : 48,
          "length" : 64
        },
        {
          "activity" : "checkConformanceResources",
          "start" : 50,
          "length" : 1
        },
        {
          "activity" : "scanForUsageStats",
          "start" : 50,
          "length" : 1
        },
        {
          "activity" : "generate1",
          "start" : 57,
          "length" : 151
        },
        {
          "activity" : "generate2",
          "start" : 81,
          "length" : 529
        },
        {
          "activity" : "generateValidationPack",
          "start" : 148,
          "length" : 5
        }
      ]
    },
    {
      "name" : "fsh-generated/resources/StructureDefinition-co-address-zonaResidencia.json",
      "size" : 1909,
      "processes" : [
        {
          "activity" : "loadResources",
          "start" : 41,
          "length" : 3
        },
        {
          "activity" : "load",
          "start" : 42,
          "length" : 3
        },
        {
          "activity" : "generateSnapshots",
          "start" : 43,
          "length" : 16
        },
        {
          "activity" : "checkR4R4B",
          "start" : 43,
          "length" : 1
        },
        {
          "activity" : "generateNarratives",
          "start" : 44,
          "length" : 47
        },
        {
          "activity" : "validate",
          "start" : 49,
          "length" : 56
        },
        {
          "activity" : "generate1",
          "start" : 57,
          "length" : 100
        },
        {
          "activity" : "generate2",
          "start" : 82,
          "length" : 509
        },
        {
          "activity" : "generateValidationPack",
          "start" : 148,
          "length" : 4
        }
      ]
    },
    {
      "name" : "fsh-generated/resources/StructureDefinition-co-pais.json",
      "size" : 1811,
      "processes" : [
        {
          "activity" : "loadResources",
          "start" : 41,
          "length" : 3
        },
        {
          "activity" : "load",
          "start" : 42,
          "length" : 3
        },
        {
          "activity" : "generateSnapshots",
          "start" : 43,
          "length" : 19
        },
        {
          "activity" : "generateNarratives",
          "start" : 44,
          "length" : 11
        },
        {
          "activity" : "validate",
          "start" : 49,
          "length" : 40
        },
        {
          "activity" : "generate1",
          "start" : 57,
          "length" : 86
        },
        {
          "activity" : "generate2",
          "start" : 82,
          "length" : 391
        },
        {
          "activity" : "generateExampleZip",
          "start" : 147,
          "length" : 1
        },
        {
          "activity" : "generateValidationPack",
          "start" : 148,
          "length" : 2
        }
      ]
    },
    {
      "name" : "fsh-generated/resources/StructureDefinition-co-patient-comunidadetnica.json",
      "size" : 1735,
      "processes" : [
        {
          "activity" : "loadResources",
          "start" : 41,
          "length" : 3
        },
        {
          "activity" : "load",
          "start" : 42,
          "length" : 3
        },
        {
          "activity" : "generateSnapshots",
          "start" : 43,
          "length" : 18
        },
        {
          "activity" : "generateNarratives",
          "start" : 44,
          "length" : 9
        },
        {
          "activity" : "validate",
          "start" : 49,
          "length" : 47
        },
        {
          "activity" : "generate1",
          "start" : 57,
          "length" : 86
        },
        {
          "activity" : "generate2",
          "start" : 82,
          "length" : 453
        },
        {
          "activity" : "generateValidationPack",
          "start" : 148,
          "length" : 2
        },
        {
          "activity" : "scanProfilesForR5",
          "start" : 187,
          "length" : 1
        },
        {
          "activity" : "scanExamplesForR5",
          "start" : 187,
          "length" : 1
        }
      ]
    },
    {
      "name" : "fsh-generated/resources/StructureDefinition-co-patient-etnia.json",
      "size" : 1416,
      "processes" : [
        {
          "activity" : "loadResources",
          "start" : 41,
          "length" : 2
        },
        {
          "activity" : "load",
          "start" : 42,
          "length" : 3
        },
        {
          "activity" : "generateSnapshots",
          "start" : 43,
          "length" : 13
        },
        {
          "activity" : "generateNarratives",
          "start" : 44,
          "length" : 7
        },
        {
          "activity" : "validate",
          "start" : 49,
          "length" : 27
        },
        {
          "activity" : "generate1",
          "start" : 57,
          "length" : 63
        },
        {
          "activity" : "generate2",
          "start" : 83,
          "length" : 354
        },
        {
          "activity" : "generateValidationPack",
          "start" : 148,
          "length" : 1
        }
      ]
    },
    {
      "name" : "fsh-generated/resources/StructureDefinition-co-patient-nacionalidad.json",
      "size" : 1805,
      "processes" : [
        {
          "activity" : "loadResources",
          "start" : 41,
          "length" : 2
        },
        {
          "activity" : "load",
          "start" : 42,
          "length" : 3
        },
        {
          "activity" : "generateSnapshots",
          "start" : 43,
          "length" : 15
        },
        {
          "activity" : "generateNarratives",
          "start" : 44,
          "length" : 8
        },
        {
          "activity" : "validate",
          "start" : 49,
          "length" : 49
        },
        {
          "activity" : "generate1",
          "start" : 57,
          "length" : 98
        },
        {
          "activity" : "generate2",
          "start" : 83,
          "length" : 480
        },
        {
          "activity" : "generateValidationPack",
          "start" : 148,
          "length" : 2
        }
      ]
    },
    {
      "name" : "fsh-generated/resources/ValueSet-AlergiasVS.json",
      "size" : 660,
      "processes" : [
        {
          "activity" : "loadResources",
          "start" : 41,
          "length" : 1
        },
        {
          "activity" : "load-configure",
          "start" : 42,
          "length" : 1
        },
        {
          "activity" : "load",
          "start" : 42,
          "length" : 6
        },
        {
          "activity" : "generateNarratives",
          "start" : 44,
          "length" : 72
        },
        {
          "activity" : "validate",
          "start" : 44,
          "length" : 15
        },
        {
          "activity" : "generate1",
          "start" : 57,
          "length" : 38
        },
        {
          "activity" : "generate2",
          "start" : 84,
          "length" : 6126
        }
      ]
    },
    {
      "name" : "fsh-generated/resources/ValueSet-CIE10VS.json",
      "size" : 667,
      "processes" : [
        {
          "activity" : "loadResources",
          "start" : 41,
          "length" : 2
        },
        {
          "activity" : "load",
          "start" : 42,
          "length" : 3
        },
        {
          "activity" : "generateNarratives",
          "start" : 44,
          "length" : 4
        },
        {
          "activity" : "validate",
          "start" : 44,
          "length" : 6
        },
        {
          "activity" : "generate1",
          "start" : 57,
          "length" : 36
        },
        {
          "activity" : "generate2",
          "start" : 90,
          "length" : 5123
        }
      ]
    },
    {
      "name" : "fsh-generated/resources/ValueSet-CUMSVS.json",
      "size" : 666,
      "processes" : [
        {
          "activity" : "loadResources",
          "start" : 41,
          "length" : 2
        },
        {
          "activity" : "load",
          "start" : 42,
          "length" : 3
        },
        {
          "activity" : "generateNarratives",
          "start" : 44,
          "length" : 3
        },
        {
          "activity" : "validate",
          "start" : 44,
          "length" : 5
        },
        {
          "activity" : "generate1",
          "start" : 57,
          "length" : 27
        },
        {
          "activity" : "generate2",
          "start" : 95,
          "length" : 92
        },
        {
          "activity" : "generateValidationPack",
          "start" : 148,
          "length" : 1
        }
      ]
    },
    {
      "name" : "fsh-generated/resources/ValueSet-DiscapacidadVS.json",
      "size" : 688,
      "processes" : [
        {
          "activity" : "loadResources",
          "start" : 41,
          "length" : 2
        },
        {
          "activity" : "load",
          "start" : 42,
          "length" : 2
        },
        {
          "activity" : "generateNarratives",
          "start" : 44,
          "length" : 3
        },
        {
          "activity" : "validate",
          "start" : 44,
          "length" : 9
        },
        {
          "activity" : "generate1",
          "start" : 58,
          "length" : 29
        },
        {
          "activity" : "generate2",
          "start" : 95,
          "length" : 126
        },
        {
          "activity" : "generateExampleZip",
          "start" : 147,
          "length" : 1
        }
      ]
    },
    {
      "name" : "fsh-generated/resources/ValueSet-EtniaVS.json",
      "size" : 663,
      "processes" : [
        {
          "activity" : "loadResources",
          "start" : 41,
          "length" : 3
        },
        {
          "activity" : "load",
          "start" : 42,
          "length" : 3
        },
        {
          "activity" : "generateNarratives",
          "start" : 44,
          "length" : 2
        },
        {
          "activity" : "validate",
          "start" : 44,
          "length" : 9
        },
        {
          "activity" : "generate1",
          "start" : 58,
          "length" : 31
        },
        {
          "activity" : "generate2",
          "start" : 95,
          "length" : 122
        }
      ]
    },
    {
      "name" : "fsh-generated/resources/ValueSet-IUMVS.json",
      "size" : 660,
      "processes" : [
        {
          "activity" : "loadResources",
          "start" : 41,
          "length" : 4
        },
        {
          "activity" : "load",
          "start" : 42,
          "length" : 3
        },
        {
          "activity" : "generateNarratives",
          "start" : 44,
          "length" : 2
        },
        {
          "activity" : "validate",
          "start" : 44,
          "length" : 5
        },
        {
          "activity" : "generate1",
          "start" : 58,
          "length" : 32
        },
        {
          "activity" : "generate2",
          "start" : 95,
          "length" : 78
        },
        {
          "activity" : "generateExampleZip",
          "start" : 146,
          "length" : 1
        }
      ]
    },
    {
      "name" : "fsh-generated/resources/ValueSet-IdentidadGeneroVS.json",
      "size" : 729,
      "processes" : [
        {
          "activity" : "loadResources",
          "start" : 41,
          "length" : 4
        },
        {
          "activity" : "load-configure",
          "start" : 42,
          "length" : 1
        },
        {
          "activity" : "load",
          "start" : 42,
          "length" : 2
        },
        {
          "activity" : "generateNarratives",
          "start" : 44,
          "length" : 2
        },
        {
          "activity" : "validate",
          "start" : 44,
          "length" : 6
        },
        {
          "activity" : "generate1",
          "start" : 58,
          "length" : 30
        },
        {
          "activity" : "generate2",
          "start" : 95,
          "length" : 113
        },
        {
          "activity" : "generateValidationPack",
          "start" : 148,
          "length" : 1
        }
      ]
    },
    {
      "name" : "fsh-generated/resources/ValueSet-IdentificadoresPersonaVS.json",
      "size" : 748,
      "processes" : [
        {
          "activity" : "loadResources",
          "start" : 41,
          "length" : 5
        },
        {
          "activity" : "load",
          "start" : 42,
          "length" : 2
        },
        {
          "activity" : "generateNarratives",
          "start" : 44,
          "length" : 3
        },
        {
          "activity" : "validate",
          "start" : 44,
          "length" : 7
        },
        {
          "activity" : "generate1",
          "start" : 58,
          "length" : 31
        },
        {
          "activity" : "generate2",
          "start" : 95,
          "length" : 150
        }
      ]
    },
    {
      "name" : "fsh-generated/resources/ValueSet-IdentificadoresProfesionalVS.json",
      "size" : 1286,
      "processes" : [
        {
          "activity" : "loadResources",
          "start" : 41,
          "length" : 5
        },
        {
          "activity" : "load",
          "start" : 42,
          "length" : 3
        },
        {
          "activity" : "generateNarratives",
          "start" : 44,
          "length" : 5
        },
        {
          "activity" : "validate",
          "start" : 44,
          "length" : 9
        },
        {
          "activity" : "generate1",
          "start" : 58,
          "length" : 33
        },
        {
          "activity" : "generate2",
          "start" : 96,
          "length" : 126
        }
      ]
    },
    {
      "name" : "fsh-generated/resources/ValueSet-PaisesVS.json",
      "size" : 720,
      "processes" : [
        {
          "activity" : "loadResources",
          "start" : 41,
          "length" : 4
        },
        {
          "activity" : "load",
          "start" : 42,
          "length" : 2
        },
        {
          "activity" : "generateNarratives",
          "start" : 44,
          "length" : 2
        },
        {
          "activity" : "validate",
          "start" : 44,
          "length" : 7
        },
        {
          "activity" : "generate1",
          "start" : 58,
          "length" : 30
        },
        {
          "activity" : "generate2",
          "start" : 96,
          "length" : 1368
        }
      ]
    },
    {
      "name" : "fsh-generated/resources/ValueSet-ZonaResidenciaVS.json",
      "size" : 725,
      "processes" : [
        {
          "activity" : "loadResources",
          "start" : 41,
          "length" : 3
        },
        {
          "activity" : "load",
          "start" : 42,
          "length" : 2
        },
        {
          "activity" : "generateNarratives",
          "start" : 44,
          "length" : 4
        },
        {
          "activity" : "validate",
          "start" : 44,
          "length" : 7
        },
        {
          "activity" : "generate1",
          "start" : 58,
          "length" : 30
        },
        {
          "activity" : "generate2",
          "start" : 97,
          "length" : 99
        },
        {
          "activity" : "generateValidationPack",
          "start" : 148,
          "length" : 1
        }
      ]
    },
    {
      "name" : "\\fsh-generated\\resources\\binary-modeloinstancia.json",
      "size" : 132,
      "processes" : [
        {
          "activity" : "validate",
          "start" : 50,
          "length" : 9
        },
        {
          "activity" : "generate1",
          "start" : 58,
          "length" : 21
        },
        {
          "activity" : "generate2",
          "start" : 97,
          "length" : 33
        }
      ]
    }
  ]
}
