{
  "url" : "https://www.minsalud.gov.co/ihc/fhir/ImplementationGuide/hl7.fhir.co.CoreCO",
  "name" : "CoreCOImplementationGuide",
  "title" : "GUIA EN DESARROLLO - Colombia (v 0.4.3)",
  "description" : "Ministerio de Salud Colombia - Interoperabilidad de Historia Clínica IHC -",
  "status" : "draft",
  "package-id" : "hl7.fhir.co.CoreCO",
  "ig-ver" : "0.4.3",
  "date" : "Sat, 17 Aug, 2024 11:39:41 -0300",
  "dateISO8601" : "2024-08-17T11:39:41-03:00",
  "errs" : 18,
  "warnings" : 52,
  "hints" : 29,
  "suppressed-hints" : 0,
  "suppressed-warnings" : 0,
  "version" : "4.0.1",
  "tool" : "5.0.0 (3)",
  "maxMemory" : 1967672816
}
