"Id","Path","Slice Name","Alias(s)","Label","Min","Max","Must Support?","Is Modifier?","Is Summary?","Type(s)","Short","Definition","Comments","Requirements","Default Value","Meaning When Missing","Fixed Value","Pattern","Example","Minimum Value","Maximum Value","Maximum Length","Binding Strength","Binding Description","Binding Value Set","Code","Slicing Discriminator","Slicing Description","Slicing Ordered","Slicing Rules","Base Path","Base Min","Base Max","Condition(s)","Constraint(s)"
"Model866","Model866","","","",0,*,"","","","null {[]} {[]}
","DVC","Data elements for Digital Vaccination Certificate.","","","","","","","","","",,,,,"",,,,"Base",0,*,"",""
"Model866.name","Model866.name","","","",1,1,"","","","string {[]} {[]}
","Name","The full name of the client","","","","","","","","","",,,,,"",,,,"Model866.name",1,1,"",""
"Model866.dob","Model866.dob","","","",1,1,"","","","date {[]} {[]}
","Date of Birth","Date of Birth","","","","","","","","","",,,,,"",,,,"Model866.dob",1,1,"",""
"Model866.sex","Model866.sex","","","",0,1,"","","","code {[]} {[]}
","Sex","Sex","","","","","","","","","",,,,,"",,,,"Model866.sex",0,1,"",""
"Model866.nationality","Model866.nationality","","","",0,1,"","","","code {[]} {[]}
","Nationality","Nationality","","","","","","","","","",,,,,"",,,,"Model866.nationality",0,1,"",""
"Model866.nid","Model866.nid","","","",0,1,"","","","string {[]} {[]}
","National Identification Document","National Identification Document","","","","","","","","","",,,,,"",,,,"Model866.nid",0,1,"",""
"Model866.guardian","Model866.guardian","","","",0,1,"","","","string {[]} {[]}
","Parent/Guardian","Name of Parent or Guardian","","","","","","","","","",,,,,"",,,,"Model866.guardian",0,1,"",""
