<?xml version="1.0" encoding="UTF-8"?>

<DocumentReference xmlns="http://hl7.org/fhir">
  <id value="DocumentReferenceColombia2"/>
  <meta>
    <profile value="https://www.minsalud.gov.co/ihc/fhir/StructureDefinition/DocumentReferenceCo"/>
  </meta>
  <text>
    <status value="generated"/><div xmlns="http://www.w3.org/1999/xhtml"><p class="res-header-id"><b>Generated Narrative: DocumentReference DocumentReferenceColombia2</b></p><a name="DocumentReferenceColombia2"> </a><a name="hcDocumentReferenceColombia2"> </a><a name="DocumentReferenceColombia2-es-CO"> </a><p><b>status</b>: Current</p><p><b>type</b>: <span title="Codes:{http://loinc.org 60591-5}">Patient summary Document</span></p><p><b>subject</b>: <a href="Bundle-BundleColombiaCo2.html#urn-uuid-2f8d6332-e339-457d-b5e8-1a140a1f3ea1">Bundle: type = transaction; timestamp = 2022-03-03 10:30:00+0000</a></p><p><b>date</b>: 2022-03-03 10:30:00+0000</p><p><b>author</b>: <a href="Organization/OrganizacionPrestadorEjemplo">Organization/OrganizacionPrestadorEjemplo</a></p><p><b>custodian</b>: <a href="Organization-OrganizacionRegionEjemplo.html">Organization DIRECCION DEPARTAMENTAL DE CUNDINAMARCA</a></p><blockquote><p><b>content</b></p><h3>Attachments</h3><table class="grid"><tr><td style="display: none">-</td><td><b>ContentType</b></td><td><b>Url</b></td></tr><tr><td style="display: none">*</td><td>application/fhir+json</td><td><a href="Bundle-BundleColombiaCo2.html#urn-uuid-ae5a4562-f379-4e27-b5e6-3c49746812be">Bundle: type = transaction; timestamp = 2022-03-03 10:30:00+0000</a></td></tr></table></blockquote></div>
  </text>
  <status value="current"/>
  <type>
    <coding>
      <system value="http://loinc.org"/>
      <code value="60591-5"/>
    </coding>
  </type>
  <subject>
    <reference value="urn:uuid:2f8d6332-e339-457d-b5e8-1a140a1f3ea1"/>
  </subject>
  <date value="2022-03-03T10:30:00Z"/>
  <author>
    <reference value="Organization/OrganizacionPrestadorEjemplo"/>
  </author>
  <custodian>
    <reference value="Organization/OrganizacionRegionEjemplo"/>
  </custodian>
  <content>
    <attachment>
      <contentType value="application/fhir+json"/>
      <url value="urn:uuid:ae5a4562-f379-4e27-b5e6-3c49746812be"/>
    </attachment>
  </content>
</DocumentReference>