{
  "resourceType" : "Organization",
  "id" : "OrganizacionRegionEjemplo",
  "meta" : {
    "profile" : ["https://www.minsalud.gov.co/ihc/fhir/StructureDefinition/OrganizacionCo"]
  },
  "text" : {
    "status" : "generated",
    "div" : "<div xmlns=\"http://www.w3.org/1999/xhtml\"><p class=\"res-header-id\"><b>Generated Narrative: Organization OrganizacionRegionEjemplo</b></p><a name=\"OrganizacionRegionEjemplo\"> </a><a name=\"hcOrganizacionRegionEjemplo\"> </a><a name=\"OrganizacionRegionEjemplo-es-CO\"> </a><p><b>identifier</b>: <code>https://www.minsalud.gov.co/ihc/DIVIPOLA</code>/25</p><p><b>active</b>: true</p><p><b>name</b>: DIRECCION DEPARTAMENTAL DE CUNDINAMARCA</p></div>"
  },
  "identifier" : [{
    "system" : "https://www.minsalud.gov.co/ihc/DIVIPOLA",
    "value" : "25"
  }],
  "active" : true,
  "name" : "DIRECCION DEPARTAMENTAL DE CUNDINAMARCA"
}