<?xml version="1.0" encoding="UTF-8"?>

<MedicationStatement xmlns="http://hl7.org/fhir">
  <id value="MedicationStatementColombia2"/>
  <meta>
    <profile value="https://www.minsalud.gov.co/ihc/fhir/StructureDefinition/MedicationStatementCo"/>
  </meta>
  <text>
    <status value="generated"/><div xmlns="http://www.w3.org/1999/xhtml"><p class="res-header-id"><b>Generated Narrative: MedicationStatement MedicationStatementColombia2</b></p><a name="MedicationStatementColombia2"> </a><a name="hcMedicationStatementColombia2"> </a><a name="MedicationStatementColombia2-es-CO"> </a><p><b>status</b>: Active</p><p><b>medication</b>: <span title="Codes:{https://www.minsalud.gov.co/CodeSystem/CUMS 20038383}">10.4 MG DE MONTELUKAST SODICO EQUIVALENTE A MONTELUKAST</span></p><p><b>subject</b>: <a href="Bundle-BundleColombiaCo2.html#urn-uuid-2f8d6332-e339-457d-b5e8-1a140a1f3ea1">Bundle: type = transaction; timestamp = 2022-03-03 10:30:00+0000</a></p></div>
  </text>
  <status value="active"/>
  <medicationCodeableConcept>
    <coding>
      <system value="https://www.minsalud.gov.co/CodeSystem/CUMS"/>
      <code value="20038383"/>
      <display value="10.4 MG DE MONTELUKAST SODICO EQUIVALENTE A MONTELUKAST"/>
    </coding>
  </medicationCodeableConcept>
  <subject>
    <reference value="urn:uuid:2f8d6332-e339-457d-b5e8-1a140a1f3ea1"/>
  </subject>
</MedicationStatement>