<?xml version="1.0" encoding="UTF-8"?><CodeSystem xmlns="http://hl7.org/fhir"><id value="PaisesCS"/><text><status value="generated"/><div xmlns="http://www.w3.org/1999/xhtml"><p class="res-header-id"><b>Generated Narrative: CodeSystem PaisesCS</b></p><a name="PaisesCS"> </a><a name="hcPaisesCS"> </a><a name="PaisesCS-es-CO"> </a><p>This case-sensitive code system <code>https://www.minsalud.gov.co/ihc/fhir/CodeSystem/PaisesCS</code> defines the following codes:</p><table class="codes"><tr><td style="white-space:nowrap"><b>Code</b></td><td><b>Display</b></td></tr><tr><td style="white-space:nowrap">004<a name="PaisesCS-004"> </a></td><td>Afghanistan</td></tr><tr><td style="white-space:nowrap">008<a name="PaisesCS-008"> </a></td><td>Albania</td></tr><tr><td style="white-space:nowrap">010<a name="PaisesCS-010"> </a></td><td>Antarctica</td></tr><tr><td style="white-space:nowrap">012<a name="PaisesCS-012"> </a></td><td>Algeria</td></tr><tr><td style="white-space:nowrap">016<a name="PaisesCS-016"> </a></td><td>American Samoa</td></tr><tr><td style="white-space:nowrap">020<a name="PaisesCS-020"> </a></td><td>Andorra</td></tr><tr><td style="white-space:nowrap">024<a name="PaisesCS-024"> </a></td><td>Angola</td></tr><tr><td style="white-space:nowrap">028<a name="PaisesCS-028"> </a></td><td>Antigua and Barbuda</td></tr><tr><td style="white-space:nowrap">031<a name="PaisesCS-031"> </a></td><td>Azerbaijan</td></tr><tr><td style="white-space:nowrap">032<a name="PaisesCS-032"> </a></td><td>Argentina</td></tr><tr><td style="white-space:nowrap">036<a name="PaisesCS-036"> </a></td><td>Australia</td></tr><tr><td style="white-space:nowrap">040<a name="PaisesCS-040"> </a></td><td>Austria</td></tr><tr><td style="white-space:nowrap">044<a name="PaisesCS-044"> </a></td><td>Bahamas</td></tr><tr><td style="white-space:nowrap">048<a name="PaisesCS-048"> </a></td><td>Bahrain</td></tr><tr><td style="white-space:nowrap">050<a name="PaisesCS-050"> </a></td><td>Bangladesh</td></tr><tr><td style="white-space:nowrap">051<a name="PaisesCS-051"> </a></td><td>Armenia</td></tr><tr><td style="white-space:nowrap">052<a name="PaisesCS-052"> </a></td><td>Barbados</td></tr><tr><td style="white-space:nowrap">056<a name="PaisesCS-056"> </a></td><td>Belgium</td></tr><tr><td style="white-space:nowrap">060<a name="PaisesCS-060"> </a></td><td>Bermuda</td></tr><tr><td style="white-space:nowrap">064<a name="PaisesCS-064"> </a></td><td>Bhutan</td></tr><tr><td style="white-space:nowrap">068<a name="PaisesCS-068"> </a></td><td>Bolivia, Plurinational State of</td></tr><tr><td style="white-space:nowrap">070<a name="PaisesCS-070"> </a></td><td>Bosnia and Herzegovina</td></tr><tr><td style="white-space:nowrap">072<a name="PaisesCS-072"> </a></td><td>Botswana</td></tr><tr><td style="white-space:nowrap">074<a name="PaisesCS-074"> </a></td><td>Bouvet Island</td></tr><tr><td style="white-space:nowrap">076<a name="PaisesCS-076"> </a></td><td>Brazil</td></tr><tr><td style="white-space:nowrap">084<a name="PaisesCS-084"> </a></td><td>Belize</td></tr><tr><td style="white-space:nowrap">086<a name="PaisesCS-086"> </a></td><td>British Indian Ocean Territory</td></tr><tr><td style="white-space:nowrap">090<a name="PaisesCS-090"> </a></td><td>Solomon Islands</td></tr><tr><td style="white-space:nowrap">092<a name="PaisesCS-092"> </a></td><td>Virgin Islands, British</td></tr><tr><td style="white-space:nowrap">096<a name="PaisesCS-096"> </a></td><td>Brunei Darussalam</td></tr><tr><td style="white-space:nowrap">100<a name="PaisesCS-100"> </a></td><td>Bulgaria</td></tr><tr><td style="white-space:nowrap">104<a name="PaisesCS-104"> </a></td><td>Myanmar</td></tr><tr><td style="white-space:nowrap">108<a name="PaisesCS-108"> </a></td><td>Burundi</td></tr><tr><td style="white-space:nowrap">112<a name="PaisesCS-112"> </a></td><td>Belarus</td></tr><tr><td style="white-space:nowrap">116<a name="PaisesCS-116"> </a></td><td>Cambodia</td></tr><tr><td style="white-space:nowrap">120<a name="PaisesCS-120"> </a></td><td>Cameroon</td></tr><tr><td style="white-space:nowrap">124<a name="PaisesCS-124"> </a></td><td>Canada</td></tr><tr><td style="white-space:nowrap">132<a name="PaisesCS-132"> </a></td><td>Cabo Verde</td></tr><tr><td style="white-space:nowrap">136<a name="PaisesCS-136"> </a></td><td>Cayman Islands</td></tr><tr><td style="white-space:nowrap">140<a name="PaisesCS-140"> </a></td><td>Central African Republic</td></tr><tr><td style="white-space:nowrap">144<a name="PaisesCS-144"> </a></td><td>Sri Lanka</td></tr><tr><td style="white-space:nowrap">148<a name="PaisesCS-148"> </a></td><td>Chad</td></tr><tr><td style="white-space:nowrap">152<a name="PaisesCS-152"> </a></td><td>Chile</td></tr><tr><td style="white-space:nowrap">156<a name="PaisesCS-156"> </a></td><td>China</td></tr><tr><td style="white-space:nowrap">158<a name="PaisesCS-158"> </a></td><td>Taiwan, Province of China</td></tr><tr><td style="white-space:nowrap">162<a name="PaisesCS-162"> </a></td><td>Christmas Island</td></tr><tr><td style="white-space:nowrap">166<a name="PaisesCS-166"> </a></td><td>Cocos (Keeling) Islands</td></tr><tr><td style="white-space:nowrap">170<a name="PaisesCS-170"> </a></td><td>Colombia</td></tr><tr><td style="white-space:nowrap">174<a name="PaisesCS-174"> </a></td><td>Comoros</td></tr><tr><td style="white-space:nowrap">175<a name="PaisesCS-175"> </a></td><td>Mayotte</td></tr><tr><td style="white-space:nowrap">178<a name="PaisesCS-178"> </a></td><td>Congo</td></tr><tr><td style="white-space:nowrap">180<a name="PaisesCS-180"> </a></td><td>Congo, the Democratic Republic of the</td></tr><tr><td style="white-space:nowrap">184<a name="PaisesCS-184"> </a></td><td>Cook Islands</td></tr><tr><td style="white-space:nowrap">188<a name="PaisesCS-188"> </a></td><td>Costa Rica</td></tr><tr><td style="white-space:nowrap">191<a name="PaisesCS-191"> </a></td><td>Croatia</td></tr><tr><td style="white-space:nowrap">192<a name="PaisesCS-192"> </a></td><td>Cuba</td></tr><tr><td style="white-space:nowrap">196<a name="PaisesCS-196"> </a></td><td>Cyprus</td></tr><tr><td style="white-space:nowrap">203<a name="PaisesCS-203"> </a></td><td>Czechia</td></tr><tr><td style="white-space:nowrap">204<a name="PaisesCS-204"> </a></td><td>Benin</td></tr><tr><td style="white-space:nowrap">208<a name="PaisesCS-208"> </a></td><td>Denmark</td></tr><tr><td style="white-space:nowrap">212<a name="PaisesCS-212"> </a></td><td>Dominica</td></tr><tr><td style="white-space:nowrap">214<a name="PaisesCS-214"> </a></td><td>Dominican Republic</td></tr><tr><td style="white-space:nowrap">218<a name="PaisesCS-218"> </a></td><td>Ecuador</td></tr><tr><td style="white-space:nowrap">222<a name="PaisesCS-222"> </a></td><td>El Salvador</td></tr><tr><td style="white-space:nowrap">226<a name="PaisesCS-226"> </a></td><td>Equatorial Guinea</td></tr><tr><td style="white-space:nowrap">231<a name="PaisesCS-231"> </a></td><td>Ethiopia</td></tr><tr><td style="white-space:nowrap">232<a name="PaisesCS-232"> </a></td><td>Eritrea</td></tr><tr><td style="white-space:nowrap">233<a name="PaisesCS-233"> </a></td><td>Estonia</td></tr><tr><td style="white-space:nowrap">234<a name="PaisesCS-234"> </a></td><td>Faroe Islands</td></tr><tr><td style="white-space:nowrap">238<a name="PaisesCS-238"> </a></td><td>Falkland Islands (Malvinas)</td></tr><tr><td style="white-space:nowrap">239<a name="PaisesCS-239"> </a></td><td>South Georgia and the South Sandwich Islands</td></tr><tr><td style="white-space:nowrap">242<a name="PaisesCS-242"> </a></td><td>Fiji</td></tr><tr><td style="white-space:nowrap">246<a name="PaisesCS-246"> </a></td><td>Finland</td></tr><tr><td style="white-space:nowrap">248<a name="PaisesCS-248"> </a></td><td>Eland Islands</td></tr><tr><td style="white-space:nowrap">250<a name="PaisesCS-250"> </a></td><td>France</td></tr><tr><td style="white-space:nowrap">254<a name="PaisesCS-254"> </a></td><td>French Guiana</td></tr><tr><td style="white-space:nowrap">258<a name="PaisesCS-258"> </a></td><td>French Polynesia</td></tr><tr><td style="white-space:nowrap">260<a name="PaisesCS-260"> </a></td><td>French Southern Territories</td></tr><tr><td style="white-space:nowrap">262<a name="PaisesCS-262"> </a></td><td>Djibouti</td></tr><tr><td style="white-space:nowrap">266<a name="PaisesCS-266"> </a></td><td>Gabon</td></tr><tr><td style="white-space:nowrap">268<a name="PaisesCS-268"> </a></td><td>Georgia</td></tr><tr><td style="white-space:nowrap">270<a name="PaisesCS-270"> </a></td><td>Gambia</td></tr><tr><td style="white-space:nowrap">275<a name="PaisesCS-275"> </a></td><td>Palestine, State of</td></tr><tr><td style="white-space:nowrap">276<a name="PaisesCS-276"> </a></td><td>Germany</td></tr><tr><td style="white-space:nowrap">288<a name="PaisesCS-288"> </a></td><td>Ghana</td></tr><tr><td style="white-space:nowrap">292<a name="PaisesCS-292"> </a></td><td>Gibraltar</td></tr><tr><td style="white-space:nowrap">296<a name="PaisesCS-296"> </a></td><td>Kiribati</td></tr><tr><td style="white-space:nowrap">300<a name="PaisesCS-300"> </a></td><td>Greece</td></tr><tr><td style="white-space:nowrap">304<a name="PaisesCS-304"> </a></td><td>Greenland</td></tr><tr><td style="white-space:nowrap">308<a name="PaisesCS-308"> </a></td><td>Grenada</td></tr><tr><td style="white-space:nowrap">312<a name="PaisesCS-312"> </a></td><td>Guadeloupe</td></tr><tr><td style="white-space:nowrap">316<a name="PaisesCS-316"> </a></td><td>Guam</td></tr><tr><td style="white-space:nowrap">320<a name="PaisesCS-320"> </a></td><td>Guatemala</td></tr><tr><td style="white-space:nowrap">324<a name="PaisesCS-324"> </a></td><td>Guinea</td></tr><tr><td style="white-space:nowrap">328<a name="PaisesCS-328"> </a></td><td>Guyana</td></tr><tr><td style="white-space:nowrap">332<a name="PaisesCS-332"> </a></td><td>Haiti</td></tr><tr><td style="white-space:nowrap">334<a name="PaisesCS-334"> </a></td><td>Heard Island and McDonald Islands</td></tr><tr><td style="white-space:nowrap">336<a name="PaisesCS-336"> </a></td><td>Holy See</td></tr><tr><td style="white-space:nowrap">340<a name="PaisesCS-340"> </a></td><td>Honduras</td></tr><tr><td style="white-space:nowrap">344<a name="PaisesCS-344"> </a></td><td>Hong Kong</td></tr><tr><td style="white-space:nowrap">348<a name="PaisesCS-348"> </a></td><td>Hungary</td></tr><tr><td style="white-space:nowrap">352<a name="PaisesCS-352"> </a></td><td>Iceland</td></tr><tr><td style="white-space:nowrap">356<a name="PaisesCS-356"> </a></td><td>India</td></tr><tr><td style="white-space:nowrap">360<a name="PaisesCS-360"> </a></td><td>Indonesia</td></tr><tr><td style="white-space:nowrap">364<a name="PaisesCS-364"> </a></td><td>Iran, Islamic Republic of</td></tr><tr><td style="white-space:nowrap">368<a name="PaisesCS-368"> </a></td><td>Iraq</td></tr><tr><td style="white-space:nowrap">372<a name="PaisesCS-372"> </a></td><td>Ireland</td></tr><tr><td style="white-space:nowrap">376<a name="PaisesCS-376"> </a></td><td>Israel</td></tr><tr><td style="white-space:nowrap">380<a name="PaisesCS-380"> </a></td><td>Italy</td></tr><tr><td style="white-space:nowrap">384<a name="PaisesCS-384"> </a></td><td>Ctte d'Ivoire</td></tr><tr><td style="white-space:nowrap">388<a name="PaisesCS-388"> </a></td><td>Jamaica</td></tr><tr><td style="white-space:nowrap">392<a name="PaisesCS-392"> </a></td><td>Japan</td></tr><tr><td style="white-space:nowrap">398<a name="PaisesCS-398"> </a></td><td>Kazakhstan</td></tr><tr><td style="white-space:nowrap">400<a name="PaisesCS-400"> </a></td><td>Jordan</td></tr><tr><td style="white-space:nowrap">404<a name="PaisesCS-404"> </a></td><td>Kenya</td></tr><tr><td style="white-space:nowrap">408<a name="PaisesCS-408"> </a></td><td>Korea, Democratic People's Republic of</td></tr><tr><td style="white-space:nowrap">410<a name="PaisesCS-410"> </a></td><td>Korea, Republic of</td></tr><tr><td style="white-space:nowrap">414<a name="PaisesCS-414"> </a></td><td>Kuwait</td></tr><tr><td style="white-space:nowrap">417<a name="PaisesCS-417"> </a></td><td>Kyrgyzstan</td></tr><tr><td style="white-space:nowrap">418<a name="PaisesCS-418"> </a></td><td>Lao People's Democratic Republic</td></tr><tr><td style="white-space:nowrap">422<a name="PaisesCS-422"> </a></td><td>Lebanon</td></tr><tr><td style="white-space:nowrap">426<a name="PaisesCS-426"> </a></td><td>Lesotho</td></tr><tr><td style="white-space:nowrap">428<a name="PaisesCS-428"> </a></td><td>Latvia</td></tr><tr><td style="white-space:nowrap">430<a name="PaisesCS-430"> </a></td><td>Liberia</td></tr><tr><td style="white-space:nowrap">434<a name="PaisesCS-434"> </a></td><td>Libya</td></tr><tr><td style="white-space:nowrap">438<a name="PaisesCS-438"> </a></td><td>Liechtenstein</td></tr><tr><td style="white-space:nowrap">440<a name="PaisesCS-440"> </a></td><td>Lithuania</td></tr><tr><td style="white-space:nowrap">442<a name="PaisesCS-442"> </a></td><td>Luxembourg</td></tr><tr><td style="white-space:nowrap">446<a name="PaisesCS-446"> </a></td><td>Macao</td></tr><tr><td style="white-space:nowrap">450<a name="PaisesCS-450"> </a></td><td>Madagascar</td></tr><tr><td style="white-space:nowrap">454<a name="PaisesCS-454"> </a></td><td>Malawi</td></tr><tr><td style="white-space:nowrap">458<a name="PaisesCS-458"> </a></td><td>Malaysia</td></tr><tr><td style="white-space:nowrap">462<a name="PaisesCS-462"> </a></td><td>Maldives</td></tr><tr><td style="white-space:nowrap">466<a name="PaisesCS-466"> </a></td><td>Mali</td></tr><tr><td style="white-space:nowrap">470<a name="PaisesCS-470"> </a></td><td>Malta</td></tr><tr><td style="white-space:nowrap">474<a name="PaisesCS-474"> </a></td><td>Martinique</td></tr><tr><td style="white-space:nowrap">478<a name="PaisesCS-478"> </a></td><td>Mauritania</td></tr><tr><td style="white-space:nowrap">480<a name="PaisesCS-480"> </a></td><td>Mauritius</td></tr><tr><td style="white-space:nowrap">484<a name="PaisesCS-484"> </a></td><td>Mexico</td></tr><tr><td style="white-space:nowrap">492<a name="PaisesCS-492"> </a></td><td>Monaco</td></tr><tr><td style="white-space:nowrap">496<a name="PaisesCS-496"> </a></td><td>Mongolia</td></tr><tr><td style="white-space:nowrap">498<a name="PaisesCS-498"> </a></td><td>Moldova, Republic of</td></tr><tr><td style="white-space:nowrap">499<a name="PaisesCS-499"> </a></td><td>Montenegro</td></tr><tr><td style="white-space:nowrap">500<a name="PaisesCS-500"> </a></td><td>Montserrat</td></tr><tr><td style="white-space:nowrap">504<a name="PaisesCS-504"> </a></td><td>Morocco</td></tr><tr><td style="white-space:nowrap">508<a name="PaisesCS-508"> </a></td><td>Mozambique</td></tr><tr><td style="white-space:nowrap">512<a name="PaisesCS-512"> </a></td><td>Oman</td></tr><tr><td style="white-space:nowrap">516<a name="PaisesCS-516"> </a></td><td>Namibia</td></tr><tr><td style="white-space:nowrap">520<a name="PaisesCS-520"> </a></td><td>Nauru</td></tr><tr><td style="white-space:nowrap">524<a name="PaisesCS-524"> </a></td><td>Nepal</td></tr><tr><td style="white-space:nowrap">528<a name="PaisesCS-528"> </a></td><td>Netherlands</td></tr><tr><td style="white-space:nowrap">531<a name="PaisesCS-531"> </a></td><td>Curagao</td></tr><tr><td style="white-space:nowrap">533<a name="PaisesCS-533"> </a></td><td>Aruba</td></tr><tr><td style="white-space:nowrap">534<a name="PaisesCS-534"> </a></td><td>Sint Maarten (Dutch part)</td></tr><tr><td style="white-space:nowrap">535<a name="PaisesCS-535"> </a></td><td>Bonaire, Sint Eustatius and Saba</td></tr><tr><td style="white-space:nowrap">540<a name="PaisesCS-540"> </a></td><td>New Caledonia</td></tr><tr><td style="white-space:nowrap">548<a name="PaisesCS-548"> </a></td><td>Vanuatu</td></tr><tr><td style="white-space:nowrap">554<a name="PaisesCS-554"> </a></td><td>New Zealand</td></tr><tr><td style="white-space:nowrap">558<a name="PaisesCS-558"> </a></td><td>Nicaragua</td></tr><tr><td style="white-space:nowrap">562<a name="PaisesCS-562"> </a></td><td>Niger</td></tr><tr><td style="white-space:nowrap">566<a name="PaisesCS-566"> </a></td><td>Nigeria</td></tr><tr><td style="white-space:nowrap">570<a name="PaisesCS-570"> </a></td><td>Niue</td></tr><tr><td style="white-space:nowrap">574<a name="PaisesCS-574"> </a></td><td>Norfolk Island</td></tr><tr><td style="white-space:nowrap">578<a name="PaisesCS-578"> </a></td><td>Norway</td></tr><tr><td style="white-space:nowrap">580<a name="PaisesCS-580"> </a></td><td>Northern Mariana Islands</td></tr><tr><td style="white-space:nowrap">581<a name="PaisesCS-581"> </a></td><td>United States Minor Outlying Islands</td></tr><tr><td style="white-space:nowrap">583<a name="PaisesCS-583"> </a></td><td>Micronesia, Federated States of</td></tr><tr><td style="white-space:nowrap">584<a name="PaisesCS-584"> </a></td><td>Marshall Islands</td></tr><tr><td style="white-space:nowrap">585<a name="PaisesCS-585"> </a></td><td>Palau</td></tr><tr><td style="white-space:nowrap">586<a name="PaisesCS-586"> </a></td><td>Pakistan</td></tr><tr><td style="white-space:nowrap">591<a name="PaisesCS-591"> </a></td><td>Panama</td></tr><tr><td style="white-space:nowrap">598<a name="PaisesCS-598"> </a></td><td>Papua New Guinea</td></tr><tr><td style="white-space:nowrap">600<a name="PaisesCS-600"> </a></td><td>Paraguay</td></tr><tr><td style="white-space:nowrap">604<a name="PaisesCS-604"> </a></td><td>Peru</td></tr><tr><td style="white-space:nowrap">608<a name="PaisesCS-608"> </a></td><td>Philippines</td></tr><tr><td style="white-space:nowrap">612<a name="PaisesCS-612"> </a></td><td>Pitcairn</td></tr><tr><td style="white-space:nowrap">616<a name="PaisesCS-616"> </a></td><td>Poland</td></tr><tr><td style="white-space:nowrap">620<a name="PaisesCS-620"> </a></td><td>Portugal</td></tr><tr><td style="white-space:nowrap">624<a name="PaisesCS-624"> </a></td><td>Guinea-Bissau</td></tr><tr><td style="white-space:nowrap">626<a name="PaisesCS-626"> </a></td><td>Timor-Leste</td></tr><tr><td style="white-space:nowrap">630<a name="PaisesCS-630"> </a></td><td>Puerto Rico</td></tr><tr><td style="white-space:nowrap">634<a name="PaisesCS-634"> </a></td><td>Qatar</td></tr><tr><td style="white-space:nowrap">638<a name="PaisesCS-638"> </a></td><td>Riunion</td></tr><tr><td style="white-space:nowrap">642<a name="PaisesCS-642"> </a></td><td>Romania</td></tr><tr><td style="white-space:nowrap">643<a name="PaisesCS-643"> </a></td><td>Russian Federation</td></tr><tr><td style="white-space:nowrap">646<a name="PaisesCS-646"> </a></td><td>Rwanda</td></tr><tr><td style="white-space:nowrap">652<a name="PaisesCS-652"> </a></td><td>Saint Barthilemy</td></tr><tr><td style="white-space:nowrap">654<a name="PaisesCS-654"> </a></td><td>Saint Helena, Ascension and Tristan da Cunha</td></tr><tr><td style="white-space:nowrap">659<a name="PaisesCS-659"> </a></td><td>Saint Kitts and Nevis</td></tr><tr><td style="white-space:nowrap">660<a name="PaisesCS-660"> </a></td><td>Anguilla</td></tr><tr><td style="white-space:nowrap">662<a name="PaisesCS-662"> </a></td><td>Saint Lucia</td></tr><tr><td style="white-space:nowrap">663<a name="PaisesCS-663"> </a></td><td>Saint Martin (French part)</td></tr><tr><td style="white-space:nowrap">666<a name="PaisesCS-666"> </a></td><td>Saint Pierre and Miquelon</td></tr><tr><td style="white-space:nowrap">670<a name="PaisesCS-670"> </a></td><td>Saint Vincent and the Grenadines</td></tr><tr><td style="white-space:nowrap">674<a name="PaisesCS-674"> </a></td><td>San Marino</td></tr><tr><td style="white-space:nowrap">678<a name="PaisesCS-678"> </a></td><td>Sao Tome and Principe</td></tr><tr><td style="white-space:nowrap">682<a name="PaisesCS-682"> </a></td><td>Saudi Arabia</td></tr><tr><td style="white-space:nowrap">686<a name="PaisesCS-686"> </a></td><td>Senegal</td></tr><tr><td style="white-space:nowrap">688<a name="PaisesCS-688"> </a></td><td>Serbia</td></tr><tr><td style="white-space:nowrap">690<a name="PaisesCS-690"> </a></td><td>Seychelles</td></tr><tr><td style="white-space:nowrap">694<a name="PaisesCS-694"> </a></td><td>Sierra Leone</td></tr><tr><td style="white-space:nowrap">702<a name="PaisesCS-702"> </a></td><td>Singapore</td></tr><tr><td style="white-space:nowrap">703<a name="PaisesCS-703"> </a></td><td>Slovakia</td></tr><tr><td style="white-space:nowrap">704<a name="PaisesCS-704"> </a></td><td>Viet Nam</td></tr><tr><td style="white-space:nowrap">705<a name="PaisesCS-705"> </a></td><td>Slovenia</td></tr><tr><td style="white-space:nowrap">706<a name="PaisesCS-706"> </a></td><td>Somalia</td></tr><tr><td style="white-space:nowrap">710<a name="PaisesCS-710"> </a></td><td>South Africa</td></tr><tr><td style="white-space:nowrap">716<a name="PaisesCS-716"> </a></td><td>Zimbabwe</td></tr><tr><td style="white-space:nowrap">724<a name="PaisesCS-724"> </a></td><td>Spain</td></tr><tr><td style="white-space:nowrap">728<a name="PaisesCS-728"> </a></td><td>South Sudan</td></tr><tr><td style="white-space:nowrap">729<a name="PaisesCS-729"> </a></td><td>Sudan</td></tr><tr><td style="white-space:nowrap">732<a name="PaisesCS-732"> </a></td><td>Western Sahara</td></tr><tr><td style="white-space:nowrap">740<a name="PaisesCS-740"> </a></td><td>Suriname</td></tr><tr><td style="white-space:nowrap">744<a name="PaisesCS-744"> </a></td><td>Svalbard and Jan Mayen</td></tr><tr><td style="white-space:nowrap">748<a name="PaisesCS-748"> </a></td><td>Swaziland</td></tr><tr><td style="white-space:nowrap">752<a name="PaisesCS-752"> </a></td><td>Sweden</td></tr><tr><td style="white-space:nowrap">756<a name="PaisesCS-756"> </a></td><td>Switzerland</td></tr><tr><td style="white-space:nowrap">760<a name="PaisesCS-760"> </a></td><td>Syrian Arab Republic</td></tr><tr><td style="white-space:nowrap">762<a name="PaisesCS-762"> </a></td><td>Tajikistan</td></tr><tr><td style="white-space:nowrap">764<a name="PaisesCS-764"> </a></td><td>Thailand</td></tr><tr><td style="white-space:nowrap">768<a name="PaisesCS-768"> </a></td><td>Togo</td></tr><tr><td style="white-space:nowrap">772<a name="PaisesCS-772"> </a></td><td>Tokelau</td></tr><tr><td style="white-space:nowrap">776<a name="PaisesCS-776"> </a></td><td>Tonga</td></tr><tr><td style="white-space:nowrap">780<a name="PaisesCS-780"> </a></td><td>Trinidad and Tobago</td></tr><tr><td style="white-space:nowrap">784<a name="PaisesCS-784"> </a></td><td>United Arab Emirates</td></tr><tr><td style="white-space:nowrap">788<a name="PaisesCS-788"> </a></td><td>Tunisia</td></tr><tr><td style="white-space:nowrap">792<a name="PaisesCS-792"> </a></td><td>Turkey</td></tr><tr><td style="white-space:nowrap">795<a name="PaisesCS-795"> </a></td><td>Turkmenistan</td></tr><tr><td style="white-space:nowrap">796<a name="PaisesCS-796"> </a></td><td>Turks and Caicos Islands</td></tr><tr><td style="white-space:nowrap">798<a name="PaisesCS-798"> </a></td><td>Tuvalu</td></tr><tr><td style="white-space:nowrap">800<a name="PaisesCS-800"> </a></td><td>Uganda</td></tr><tr><td style="white-space:nowrap">804<a name="PaisesCS-804"> </a></td><td>Ukraine</td></tr><tr><td style="white-space:nowrap">807<a name="PaisesCS-807"> </a></td><td>Macedonia, the former Yugoslav Republic of</td></tr><tr><td style="white-space:nowrap">818<a name="PaisesCS-818"> </a></td><td>Egypt</td></tr><tr><td style="white-space:nowrap">826<a name="PaisesCS-826"> </a></td><td>United Kingdom</td></tr><tr><td style="white-space:nowrap">831<a name="PaisesCS-831"> </a></td><td>Guernsey</td></tr><tr><td style="white-space:nowrap">832<a name="PaisesCS-832"> </a></td><td>Jersey</td></tr><tr><td style="white-space:nowrap">833<a name="PaisesCS-833"> </a></td><td>Isle of Man</td></tr><tr><td style="white-space:nowrap">834<a name="PaisesCS-834"> </a></td><td>Tanzania, United Republic of</td></tr><tr><td style="white-space:nowrap">840<a name="PaisesCS-840"> </a></td><td>United States of America</td></tr><tr><td style="white-space:nowrap">850<a name="PaisesCS-850"> </a></td><td>Virgin Islands, U.S.</td></tr><tr><td style="white-space:nowrap">854<a name="PaisesCS-854"> </a></td><td>Burkina Faso</td></tr><tr><td style="white-space:nowrap">858<a name="PaisesCS-858"> </a></td><td>Uruguay</td></tr><tr><td style="white-space:nowrap">860<a name="PaisesCS-860"> </a></td><td>Uzbekistan</td></tr><tr><td style="white-space:nowrap">862<a name="PaisesCS-862"> </a></td><td>Venezuela, Bolivarian Republic of</td></tr><tr><td style="white-space:nowrap">876<a name="PaisesCS-876"> </a></td><td>Wallis and Futuna</td></tr><tr><td style="white-space:nowrap">882<a name="PaisesCS-882"> </a></td><td>Samoa</td></tr><tr><td style="white-space:nowrap">887<a name="PaisesCS-887"> </a></td><td>Yemen</td></tr><tr><td style="white-space:nowrap">894<a name="PaisesCS-894"> </a></td><td>Zambia</td></tr></table></div></text><url value="https://www.minsalud.gov.co/ihc/fhir/CodeSystem/PaisesCS"/><version value="0.4.3"/><name value="PaisesCS"/><title value="Códigos del País CS"/><status value="active"/><experimental value="false"/><date value="2025-04-08T16:57:34-03:00"/><publisher value="MSP Colombia"/><contact><name value="MSP Colombia"/><telecom><system value="url"/><value value="https://www.minsalud.gov.co/"/></telecom></contact><description value="Codigos definidos para la identificación de países segun norma ISO3166-N"/><jurisdiction><coding><system value="urn:iso:std:iso:3166"/><code value="CO"/></coding></jurisdiction><caseSensitive value="true"/><content value="complete"/><count value="249"/><concept><code value="004"/><display value="Afghanistan"/><designation><use><system value="http://terminology.hl7.org/CodeSystem/designation-usage"/><code value="display"/></use><value value="Afghanistan"/></designation></concept><concept><code value="008"/><display value="Albania"/><designation><use><system value="http://terminology.hl7.org/CodeSystem/designation-usage"/><code value="display"/></use><value value="Albania"/></designation></concept><concept><code value="010"/><display value="Antarctica"/><designation><use><system value="http://terminology.hl7.org/CodeSystem/designation-usage"/><code value="display"/></use><value value="Antarctica"/></designation></concept><concept><code value="012"/><display value="Algeria"/><designation><use><system value="http://terminology.hl7.org/CodeSystem/designation-usage"/><code value="display"/></use><value value="Algeria"/></designation></concept><concept><code value="016"/><display value="American Samoa"/><designation><use><system value="http://terminology.hl7.org/CodeSystem/designation-usage"/><code value="display"/></use><value value="American Samoa"/></designation></concept><concept><code value="020"/><display value="Andorra"/><designation><use><system value="http://terminology.hl7.org/CodeSystem/designation-usage"/><code value="display"/></use><value value="Andorra"/></designation></concept><concept><code value="024"/><display value="Angola"/><designation><use><system value="http://terminology.hl7.org/CodeSystem/designation-usage"/><code value="display"/></use><value value="Angola"/></designation></concept><concept><code value="028"/><display value="Antigua and Barbuda"/><designation><use><system value="http://terminology.hl7.org/CodeSystem/designation-usage"/><code value="display"/></use><value value="Antigua and Barbuda"/></designation></concept><concept><code value="031"/><display value="Azerbaijan"/><designation><use><system value="http://terminology.hl7.org/CodeSystem/designation-usage"/><code value="display"/></use><value value="Azerbaijan"/></designation></concept><concept><code value="032"/><display value="Argentina"/><designation><use><system value="http://terminology.hl7.org/CodeSystem/designation-usage"/><code value="display"/></use><value value="Argentina"/></designation></concept><concept><code value="036"/><display value="Australia"/><designation><use><system value="http://terminology.hl7.org/CodeSystem/designation-usage"/><code value="display"/></use><value value="Australia"/></designation></concept><concept><code value="040"/><display value="Austria"/><designation><use><system value="http://terminology.hl7.org/CodeSystem/designation-usage"/><code value="display"/></use><value value="Austria"/></designation></concept><concept><code value="044"/><display value="Bahamas"/><designation><use><system value="http://terminology.hl7.org/CodeSystem/designation-usage"/><code value="display"/></use><value value="Bahamas"/></designation></concept><concept><code value="048"/><display value="Bahrain"/><designation><use><system value="http://terminology.hl7.org/CodeSystem/designation-usage"/><code value="display"/></use><value value="Bahrain"/></designation></concept><concept><code value="050"/><display value="Bangladesh"/><designation><use><system value="http://terminology.hl7.org/CodeSystem/designation-usage"/><code value="display"/></use><value value="Bangladesh"/></designation></concept><concept><code value="051"/><display value="Armenia"/><designation><use><system value="http://terminology.hl7.org/CodeSystem/designation-usage"/><code value="display"/></use><value value="Armenia"/></designation></concept><concept><code value="052"/><display value="Barbados"/><designation><use><system value="http://terminology.hl7.org/CodeSystem/designation-usage"/><code value="display"/></use><value value="Barbados"/></designation></concept><concept><code value="056"/><display value="Belgium"/><designation><use><system value="http://terminology.hl7.org/CodeSystem/designation-usage"/><code value="display"/></use><value value="Belgium"/></designation></concept><concept><code value="060"/><display value="Bermuda"/><designation><use><system value="http://terminology.hl7.org/CodeSystem/designation-usage"/><code value="display"/></use><value value="Bermuda"/></designation></concept><concept><code value="064"/><display value="Bhutan"/><designation><use><system value="http://terminology.hl7.org/CodeSystem/designation-usage"/><code value="display"/></use><value value="Bhutan"/></designation></concept><concept><code value="068"/><display value="Bolivia, Plurinational State of"/><designation><use><system value="http://terminology.hl7.org/CodeSystem/designation-usage"/><code value="display"/></use><value value="Bolivia, Plurinational State of"/></designation></concept><concept><code value="070"/><display value="Bosnia and Herzegovina"/><designation><use><system value="http://terminology.hl7.org/CodeSystem/designation-usage"/><code value="display"/></use><value value="Bosnia and Herzegovina"/></designation></concept><concept><code value="072"/><display value="Botswana"/><designation><use><system value="http://terminology.hl7.org/CodeSystem/designation-usage"/><code value="display"/></use><value value="Botswana"/></designation></concept><concept><code value="074"/><display value="Bouvet Island"/><designation><use><system value="http://terminology.hl7.org/CodeSystem/designation-usage"/><code value="display"/></use><value value="Bouvet Island"/></designation></concept><concept><code value="076"/><display value="Brazil"/><designation><use><system value="http://terminology.hl7.org/CodeSystem/designation-usage"/><code value="display"/></use><value value="Brazil"/></designation></concept><concept><code value="084"/><display value="Belize"/><designation><use><system value="http://terminology.hl7.org/CodeSystem/designation-usage"/><code value="display"/></use><value value="Belize"/></designation></concept><concept><code value="086"/><display value="British Indian Ocean Territory"/><designation><use><system value="http://terminology.hl7.org/CodeSystem/designation-usage"/><code value="display"/></use><value value="British Indian Ocean Territory"/></designation></concept><concept><code value="090"/><display value="Solomon Islands"/><designation><use><system value="http://terminology.hl7.org/CodeSystem/designation-usage"/><code value="display"/></use><value value="Solomon Islands"/></designation></concept><concept><code value="092"/><display value="Virgin Islands, British"/><designation><use><system value="http://terminology.hl7.org/CodeSystem/designation-usage"/><code value="display"/></use><value value="Virgin Islands, British"/></designation></concept><concept><code value="096"/><display value="Brunei Darussalam"/><designation><use><system value="http://terminology.hl7.org/CodeSystem/designation-usage"/><code value="display"/></use><value value="Brunei Darussalam"/></designation></concept><concept><code value="100"/><display value="Bulgaria"/><designation><use><system value="http://terminology.hl7.org/CodeSystem/designation-usage"/><code value="display"/></use><value value="Bulgaria"/></designation></concept><concept><code value="104"/><display value="Myanmar"/><designation><use><system value="http://terminology.hl7.org/CodeSystem/designation-usage"/><code value="display"/></use><value value="Myanmar"/></designation></concept><concept><code value="108"/><display value="Burundi"/><designation><use><system value="http://terminology.hl7.org/CodeSystem/designation-usage"/><code value="display"/></use><value value="Burundi"/></designation></concept><concept><code value="112"/><display value="Belarus"/><designation><use><system value="http://terminology.hl7.org/CodeSystem/designation-usage"/><code value="display"/></use><value value="Belarus"/></designation></concept><concept><code value="116"/><display value="Cambodia"/><designation><use><system value="http://terminology.hl7.org/CodeSystem/designation-usage"/><code value="display"/></use><value value="Cambodia"/></designation></concept><concept><code value="120"/><display value="Cameroon"/><designation><use><system value="http://terminology.hl7.org/CodeSystem/designation-usage"/><code value="display"/></use><value value="Cameroon"/></designation></concept><concept><code value="124"/><display value="Canada"/><designation><use><system value="http://terminology.hl7.org/CodeSystem/designation-usage"/><code value="display"/></use><value value="Canada"/></designation></concept><concept><code value="132"/><display value="Cabo Verde"/><designation><use><system value="http://terminology.hl7.org/CodeSystem/designation-usage"/><code value="display"/></use><value value="Cabo Verde"/></designation></concept><concept><code value="136"/><display value="Cayman Islands"/><designation><use><system value="http://terminology.hl7.org/CodeSystem/designation-usage"/><code value="display"/></use><value value="Cayman Islands"/></designation></concept><concept><code value="140"/><display value="Central African Republic"/><designation><use><system value="http://terminology.hl7.org/CodeSystem/designation-usage"/><code value="display"/></use><value value="Central African Republic"/></designation></concept><concept><code value="144"/><display value="Sri Lanka"/><designation><use><system value="http://terminology.hl7.org/CodeSystem/designation-usage"/><code value="display"/></use><value value="Sri Lanka"/></designation></concept><concept><code value="148"/><display value="Chad"/><designation><use><system value="http://terminology.hl7.org/CodeSystem/designation-usage"/><code value="display"/></use><value value="Chad"/></designation></concept><concept><code value="152"/><display value="Chile"/><designation><use><system value="http://terminology.hl7.org/CodeSystem/designation-usage"/><code value="display"/></use><value value="Chile"/></designation></concept><concept><code value="156"/><display value="China"/><designation><use><system value="http://terminology.hl7.org/CodeSystem/designation-usage"/><code value="display"/></use><value value="China"/></designation></concept><concept><code value="158"/><display value="Taiwan, Province of China"/><designation><use><system value="http://terminology.hl7.org/CodeSystem/designation-usage"/><code value="display"/></use><value value="Taiwan, Province of China"/></designation></concept><concept><code value="162"/><display value="Christmas Island"/><designation><use><system value="http://terminology.hl7.org/CodeSystem/designation-usage"/><code value="display"/></use><value value="Christmas Island"/></designation></concept><concept><code value="166"/><display value="Cocos (Keeling) Islands"/><designation><use><system value="http://terminology.hl7.org/CodeSystem/designation-usage"/><code value="display"/></use><value value="Cocos (Keeling) Islands"/></designation></concept><concept><code value="170"/><display value="Colombia"/><designation><use><system value="http://terminology.hl7.org/CodeSystem/designation-usage"/><code value="display"/></use><value value="Colombia"/></designation></concept><concept><code value="174"/><display value="Comoros"/><designation><use><system value="http://terminology.hl7.org/CodeSystem/designation-usage"/><code value="display"/></use><value value="Comoros"/></designation></concept><concept><code value="175"/><display value="Mayotte"/><designation><use><system value="http://terminology.hl7.org/CodeSystem/designation-usage"/><code value="display"/></use><value value="Mayotte"/></designation></concept><concept><code value="178"/><display value="Congo"/><designation><use><system value="http://terminology.hl7.org/CodeSystem/designation-usage"/><code value="display"/></use><value value="Congo"/></designation></concept><concept><code value="180"/><display value="Congo, the Democratic Republic of the"/><designation><use><system value="http://terminology.hl7.org/CodeSystem/designation-usage"/><code value="display"/></use><value value="Congo, the Democratic Republic of the"/></designation></concept><concept><code value="184"/><display value="Cook Islands"/><designation><use><system value="http://terminology.hl7.org/CodeSystem/designation-usage"/><code value="display"/></use><value value="Cook Islands"/></designation></concept><concept><code value="188"/><display value="Costa Rica"/><designation><use><system value="http://terminology.hl7.org/CodeSystem/designation-usage"/><code value="display"/></use><value value="Costa Rica"/></designation></concept><concept><code value="191"/><display value="Croatia"/><designation><use><system value="http://terminology.hl7.org/CodeSystem/designation-usage"/><code value="display"/></use><value value="Croatia"/></designation></concept><concept><code value="192"/><display value="Cuba"/><designation><use><system value="http://terminology.hl7.org/CodeSystem/designation-usage"/><code value="display"/></use><value value="Cuba"/></designation></concept><concept><code value="196"/><display value="Cyprus"/><designation><use><system value="http://terminology.hl7.org/CodeSystem/designation-usage"/><code value="display"/></use><value value="Cyprus"/></designation></concept><concept><code value="203"/><display value="Czechia"/><designation><use><system value="http://terminology.hl7.org/CodeSystem/designation-usage"/><code value="display"/></use><value value="Czechia"/></designation></concept><concept><code value="204"/><display value="Benin"/><designation><use><system value="http://terminology.hl7.org/CodeSystem/designation-usage"/><code value="display"/></use><value value="Benin"/></designation></concept><concept><code value="208"/><display value="Denmark"/><designation><use><system value="http://terminology.hl7.org/CodeSystem/designation-usage"/><code value="display"/></use><value value="Denmark"/></designation></concept><concept><code value="212"/><display value="Dominica"/><designation><use><system value="http://terminology.hl7.org/CodeSystem/designation-usage"/><code value="display"/></use><value value="Dominica"/></designation></concept><concept><code value="214"/><display value="Dominican Republic"/><designation><use><system value="http://terminology.hl7.org/CodeSystem/designation-usage"/><code value="display"/></use><value value="Dominican Republic"/></designation></concept><concept><code value="218"/><display value="Ecuador"/><designation><use><system value="http://terminology.hl7.org/CodeSystem/designation-usage"/><code value="display"/></use><value value="Ecuador"/></designation></concept><concept><code value="222"/><display value="El Salvador"/><designation><use><system value="http://terminology.hl7.org/CodeSystem/designation-usage"/><code value="display"/></use><value value="El Salvador"/></designation></concept><concept><code value="226"/><display value="Equatorial Guinea"/><designation><use><system value="http://terminology.hl7.org/CodeSystem/designation-usage"/><code value="display"/></use><value value="Equatorial Guinea"/></designation></concept><concept><code value="231"/><display value="Ethiopia"/><designation><use><system value="http://terminology.hl7.org/CodeSystem/designation-usage"/><code value="display"/></use><value value="Ethiopia"/></designation></concept><concept><code value="232"/><display value="Eritrea"/><designation><use><system value="http://terminology.hl7.org/CodeSystem/designation-usage"/><code value="display"/></use><value value="Eritrea"/></designation></concept><concept><code value="233"/><display value="Estonia"/><designation><use><system value="http://terminology.hl7.org/CodeSystem/designation-usage"/><code value="display"/></use><value value="Estonia"/></designation></concept><concept><code value="234"/><display value="Faroe Islands"/><designation><use><system value="http://terminology.hl7.org/CodeSystem/designation-usage"/><code value="display"/></use><value value="Faroe Islands"/></designation></concept><concept><code value="238"/><display value="Falkland Islands (Malvinas)"/><designation><use><system value="http://terminology.hl7.org/CodeSystem/designation-usage"/><code value="display"/></use><value value="Falkland Islands (Malvinas)"/></designation></concept><concept><code value="239"/><display value="South Georgia and the South Sandwich Islands"/><designation><use><system value="http://terminology.hl7.org/CodeSystem/designation-usage"/><code value="display"/></use><value value="South Georgia and the South Sandwich Islands"/></designation></concept><concept><code value="242"/><display value="Fiji"/><designation><use><system value="http://terminology.hl7.org/CodeSystem/designation-usage"/><code value="display"/></use><value value="Fiji"/></designation></concept><concept><code value="246"/><display value="Finland"/><designation><use><system value="http://terminology.hl7.org/CodeSystem/designation-usage"/><code value="display"/></use><value value="Finland"/></designation></concept><concept><code value="248"/><display value="Eland Islands"/><designation><use><system value="http://terminology.hl7.org/CodeSystem/designation-usage"/><code value="display"/></use><value value="Eland Islands"/></designation></concept><concept><code value="250"/><display value="France"/><designation><use><system value="http://terminology.hl7.org/CodeSystem/designation-usage"/><code value="display"/></use><value value="France"/></designation></concept><concept><code value="254"/><display value="French Guiana"/><designation><use><system value="http://terminology.hl7.org/CodeSystem/designation-usage"/><code value="display"/></use><value value="French Guiana"/></designation></concept><concept><code value="258"/><display value="French Polynesia"/><designation><use><system value="http://terminology.hl7.org/CodeSystem/designation-usage"/><code value="display"/></use><value value="French Polynesia"/></designation></concept><concept><code value="260"/><display value="French Southern Territories"/><designation><use><system value="http://terminology.hl7.org/CodeSystem/designation-usage"/><code value="display"/></use><value value="French Southern Territories"/></designation></concept><concept><code value="262"/><display value="Djibouti"/><designation><use><system value="http://terminology.hl7.org/CodeSystem/designation-usage"/><code value="display"/></use><value value="Djibouti"/></designation></concept><concept><code value="266"/><display value="Gabon"/><designation><use><system value="http://terminology.hl7.org/CodeSystem/designation-usage"/><code value="display"/></use><value value="Gabon"/></designation></concept><concept><code value="268"/><display value="Georgia"/><designation><use><system value="http://terminology.hl7.org/CodeSystem/designation-usage"/><code value="display"/></use><value value="Georgia"/></designation></concept><concept><code value="270"/><display value="Gambia"/><designation><use><system value="http://terminology.hl7.org/CodeSystem/designation-usage"/><code value="display"/></use><value value="Gambia"/></designation></concept><concept><code value="275"/><display value="Palestine, State of"/><designation><use><system value="http://terminology.hl7.org/CodeSystem/designation-usage"/><code value="display"/></use><value value="Palestine, State of"/></designation></concept><concept><code value="276"/><display value="Germany"/><designation><use><system value="http://terminology.hl7.org/CodeSystem/designation-usage"/><code value="display"/></use><value value="Germany"/></designation></concept><concept><code value="288"/><display value="Ghana"/><designation><use><system value="http://terminology.hl7.org/CodeSystem/designation-usage"/><code value="display"/></use><value value="Ghana"/></designation></concept><concept><code value="292"/><display value="Gibraltar"/><designation><use><system value="http://terminology.hl7.org/CodeSystem/designation-usage"/><code value="display"/></use><value value="Gibraltar"/></designation></concept><concept><code value="296"/><display value="Kiribati"/><designation><use><system value="http://terminology.hl7.org/CodeSystem/designation-usage"/><code value="display"/></use><value value="Kiribati"/></designation></concept><concept><code value="300"/><display value="Greece"/><designation><use><system value="http://terminology.hl7.org/CodeSystem/designation-usage"/><code value="display"/></use><value value="Greece"/></designation></concept><concept><code value="304"/><display value="Greenland"/><designation><use><system value="http://terminology.hl7.org/CodeSystem/designation-usage"/><code value="display"/></use><value value="Greenland"/></designation></concept><concept><code value="308"/><display value="Grenada"/><designation><use><system value="http://terminology.hl7.org/CodeSystem/designation-usage"/><code value="display"/></use><value value="Grenada"/></designation></concept><concept><code value="312"/><display value="Guadeloupe"/><designation><use><system value="http://terminology.hl7.org/CodeSystem/designation-usage"/><code value="display"/></use><value value="Guadeloupe"/></designation></concept><concept><code value="316"/><display value="Guam"/><designation><use><system value="http://terminology.hl7.org/CodeSystem/designation-usage"/><code value="display"/></use><value value="Guam"/></designation></concept><concept><code value="320"/><display value="Guatemala"/><designation><use><system value="http://terminology.hl7.org/CodeSystem/designation-usage"/><code value="display"/></use><value value="Guatemala"/></designation></concept><concept><code value="324"/><display value="Guinea"/><designation><use><system value="http://terminology.hl7.org/CodeSystem/designation-usage"/><code value="display"/></use><value value="Guinea"/></designation></concept><concept><code value="328"/><display value="Guyana"/><designation><use><system value="http://terminology.hl7.org/CodeSystem/designation-usage"/><code value="display"/></use><value value="Guyana"/></designation></concept><concept><code value="332"/><display value="Haiti"/><designation><use><system value="http://terminology.hl7.org/CodeSystem/designation-usage"/><code value="display"/></use><value value="Haiti"/></designation></concept><concept><code value="334"/><display value="Heard Island and McDonald Islands"/><designation><use><system value="http://terminology.hl7.org/CodeSystem/designation-usage"/><code value="display"/></use><value value="Heard Island and McDonald Islands"/></designation></concept><concept><code value="336"/><display value="Holy See"/><designation><use><system value="http://terminology.hl7.org/CodeSystem/designation-usage"/><code value="display"/></use><value value="Holy See"/></designation></concept><concept><code value="340"/><display value="Honduras"/><designation><use><system value="http://terminology.hl7.org/CodeSystem/designation-usage"/><code value="display"/></use><value value="Honduras"/></designation></concept><concept><code value="344"/><display value="Hong Kong"/><designation><use><system value="http://terminology.hl7.org/CodeSystem/designation-usage"/><code value="display"/></use><value value="Hong Kong"/></designation></concept><concept><code value="348"/><display value="Hungary"/><designation><use><system value="http://terminology.hl7.org/CodeSystem/designation-usage"/><code value="display"/></use><value value="Hungary"/></designation></concept><concept><code value="352"/><display value="Iceland"/><designation><use><system value="http://terminology.hl7.org/CodeSystem/designation-usage"/><code value="display"/></use><value value="Iceland"/></designation></concept><concept><code value="356"/><display value="India"/><designation><use><system value="http://terminology.hl7.org/CodeSystem/designation-usage"/><code value="display"/></use><value value="India"/></designation></concept><concept><code value="360"/><display value="Indonesia"/><designation><use><system value="http://terminology.hl7.org/CodeSystem/designation-usage"/><code value="display"/></use><value value="Indonesia"/></designation></concept><concept><code value="364"/><display value="Iran, Islamic Republic of"/><designation><use><system value="http://terminology.hl7.org/CodeSystem/designation-usage"/><code value="display"/></use><value value="Iran, Islamic Republic of"/></designation></concept><concept><code value="368"/><display value="Iraq"/><designation><use><system value="http://terminology.hl7.org/CodeSystem/designation-usage"/><code value="display"/></use><value value="Iraq"/></designation></concept><concept><code value="372"/><display value="Ireland"/><designation><use><system value="http://terminology.hl7.org/CodeSystem/designation-usage"/><code value="display"/></use><value value="Ireland"/></designation></concept><concept><code value="376"/><display value="Israel"/><designation><use><system value="http://terminology.hl7.org/CodeSystem/designation-usage"/><code value="display"/></use><value value="Israel"/></designation></concept><concept><code value="380"/><display value="Italy"/><designation><use><system value="http://terminology.hl7.org/CodeSystem/designation-usage"/><code value="display"/></use><value value="Italy"/></designation></concept><concept><code value="384"/><display value="Ctte d'Ivoire"/><designation><use><system value="http://terminology.hl7.org/CodeSystem/designation-usage"/><code value="display"/></use><value value="Ctte d'Ivoire"/></designation></concept><concept><code value="388"/><display value="Jamaica"/><designation><use><system value="http://terminology.hl7.org/CodeSystem/designation-usage"/><code value="display"/></use><value value="Jamaica"/></designation></concept><concept><code value="392"/><display value="Japan"/><designation><use><system value="http://terminology.hl7.org/CodeSystem/designation-usage"/><code value="display"/></use><value value="Japan"/></designation></concept><concept><code value="398"/><display value="Kazakhstan"/><designation><use><system value="http://terminology.hl7.org/CodeSystem/designation-usage"/><code value="display"/></use><value value="Kazakhstan"/></designation></concept><concept><code value="400"/><display value="Jordan"/><designation><use><system value="http://terminology.hl7.org/CodeSystem/designation-usage"/><code value="display"/></use><value value="Jordan"/></designation></concept><concept><code value="404"/><display value="Kenya"/><designation><use><system value="http://terminology.hl7.org/CodeSystem/designation-usage"/><code value="display"/></use><value value="Kenya"/></designation></concept><concept><code value="408"/><display value="Korea, Democratic People's Republic of"/><designation><use><system value="http://terminology.hl7.org/CodeSystem/designation-usage"/><code value="display"/></use><value value="Korea, Democratic People's Republic of"/></designation></concept><concept><code value="410"/><display value="Korea, Republic of"/><designation><use><system value="http://terminology.hl7.org/CodeSystem/designation-usage"/><code value="display"/></use><value value="Korea, Republic of"/></designation></concept><concept><code value="414"/><display value="Kuwait"/><designation><use><system value="http://terminology.hl7.org/CodeSystem/designation-usage"/><code value="display"/></use><value value="Kuwait"/></designation></concept><concept><code value="417"/><display value="Kyrgyzstan"/><designation><use><system value="http://terminology.hl7.org/CodeSystem/designation-usage"/><code value="display"/></use><value value="Kyrgyzstan"/></designation></concept><concept><code value="418"/><display value="Lao People's Democratic Republic"/><designation><use><system value="http://terminology.hl7.org/CodeSystem/designation-usage"/><code value="display"/></use><value value="Lao People's Democratic Republic"/></designation></concept><concept><code value="422"/><display value="Lebanon"/><designation><use><system value="http://terminology.hl7.org/CodeSystem/designation-usage"/><code value="display"/></use><value value="Lebanon"/></designation></concept><concept><code value="426"/><display value="Lesotho"/><designation><use><system value="http://terminology.hl7.org/CodeSystem/designation-usage"/><code value="display"/></use><value value="Lesotho"/></designation></concept><concept><code value="428"/><display value="Latvia"/><designation><use><system value="http://terminology.hl7.org/CodeSystem/designation-usage"/><code value="display"/></use><value value="Latvia"/></designation></concept><concept><code value="430"/><display value="Liberia"/><designation><use><system value="http://terminology.hl7.org/CodeSystem/designation-usage"/><code value="display"/></use><value value="Liberia"/></designation></concept><concept><code value="434"/><display value="Libya"/><designation><use><system value="http://terminology.hl7.org/CodeSystem/designation-usage"/><code value="display"/></use><value value="Libya"/></designation></concept><concept><code value="438"/><display value="Liechtenstein"/><designation><use><system value="http://terminology.hl7.org/CodeSystem/designation-usage"/><code value="display"/></use><value value="Liechtenstein"/></designation></concept><concept><code value="440"/><display value="Lithuania"/><designation><use><system value="http://terminology.hl7.org/CodeSystem/designation-usage"/><code value="display"/></use><value value="Lithuania"/></designation></concept><concept><code value="442"/><display value="Luxembourg"/><designation><use><system value="http://terminology.hl7.org/CodeSystem/designation-usage"/><code value="display"/></use><value value="Luxembourg"/></designation></concept><concept><code value="446"/><display value="Macao"/><designation><use><system value="http://terminology.hl7.org/CodeSystem/designation-usage"/><code value="display"/></use><value value="Macao"/></designation></concept><concept><code value="450"/><display value="Madagascar"/><designation><use><system value="http://terminology.hl7.org/CodeSystem/designation-usage"/><code value="display"/></use><value value="Madagascar"/></designation></concept><concept><code value="454"/><display value="Malawi"/><designation><use><system value="http://terminology.hl7.org/CodeSystem/designation-usage"/><code value="display"/></use><value value="Malawi"/></designation></concept><concept><code value="458"/><display value="Malaysia"/><designation><use><system value="http://terminology.hl7.org/CodeSystem/designation-usage"/><code value="display"/></use><value value="Malaysia"/></designation></concept><concept><code value="462"/><display value="Maldives"/><designation><use><system value="http://terminology.hl7.org/CodeSystem/designation-usage"/><code value="display"/></use><value value="Maldives"/></designation></concept><concept><code value="466"/><display value="Mali"/><designation><use><system value="http://terminology.hl7.org/CodeSystem/designation-usage"/><code value="display"/></use><value value="Mali"/></designation></concept><concept><code value="470"/><display value="Malta"/><designation><use><system value="http://terminology.hl7.org/CodeSystem/designation-usage"/><code value="display"/></use><value value="Malta"/></designation></concept><concept><code value="474"/><display value="Martinique"/><designation><use><system value="http://terminology.hl7.org/CodeSystem/designation-usage"/><code value="display"/></use><value value="Martinique"/></designation></concept><concept><code value="478"/><display value="Mauritania"/><designation><use><system value="http://terminology.hl7.org/CodeSystem/designation-usage"/><code value="display"/></use><value value="Mauritania"/></designation></concept><concept><code value="480"/><display value="Mauritius"/><designation><use><system value="http://terminology.hl7.org/CodeSystem/designation-usage"/><code value="display"/></use><value value="Mauritius"/></designation></concept><concept><code value="484"/><display value="Mexico"/><designation><use><system value="http://terminology.hl7.org/CodeSystem/designation-usage"/><code value="display"/></use><value value="Mexico"/></designation></concept><concept><code value="492"/><display value="Monaco"/><designation><use><system value="http://terminology.hl7.org/CodeSystem/designation-usage"/><code value="display"/></use><value value="Monaco"/></designation></concept><concept><code value="496"/><display value="Mongolia"/><designation><use><system value="http://terminology.hl7.org/CodeSystem/designation-usage"/><code value="display"/></use><value value="Mongolia"/></designation></concept><concept><code value="498"/><display value="Moldova, Republic of"/><designation><use><system value="http://terminology.hl7.org/CodeSystem/designation-usage"/><code value="display"/></use><value value="Moldova, Republic of"/></designation></concept><concept><code value="499"/><display value="Montenegro"/><designation><use><system value="http://terminology.hl7.org/CodeSystem/designation-usage"/><code value="display"/></use><value value="Montenegro"/></designation></concept><concept><code value="500"/><display value="Montserrat"/><designation><use><system value="http://terminology.hl7.org/CodeSystem/designation-usage"/><code value="display"/></use><value value="Montserrat"/></designation></concept><concept><code value="504"/><display value="Morocco"/><designation><use><system value="http://terminology.hl7.org/CodeSystem/designation-usage"/><code value="display"/></use><value value="Morocco"/></designation></concept><concept><code value="508"/><display value="Mozambique"/><designation><use><system value="http://terminology.hl7.org/CodeSystem/designation-usage"/><code value="display"/></use><value value="Mozambique"/></designation></concept><concept><code value="512"/><display value="Oman"/><designation><use><system value="http://terminology.hl7.org/CodeSystem/designation-usage"/><code value="display"/></use><value value="Oman"/></designation></concept><concept><code value="516"/><display value="Namibia"/><designation><use><system value="http://terminology.hl7.org/CodeSystem/designation-usage"/><code value="display"/></use><value value="Namibia"/></designation></concept><concept><code value="520"/><display value="Nauru"/><designation><use><system value="http://terminology.hl7.org/CodeSystem/designation-usage"/><code value="display"/></use><value value="Nauru"/></designation></concept><concept><code value="524"/><display value="Nepal"/><designation><use><system value="http://terminology.hl7.org/CodeSystem/designation-usage"/><code value="display"/></use><value value="Nepal"/></designation></concept><concept><code value="528"/><display value="Netherlands"/><designation><use><system value="http://terminology.hl7.org/CodeSystem/designation-usage"/><code value="display"/></use><value value="Netherlands"/></designation></concept><concept><code value="531"/><display value="Curagao"/><designation><use><system value="http://terminology.hl7.org/CodeSystem/designation-usage"/><code value="display"/></use><value value="Curagao"/></designation></concept><concept><code value="533"/><display value="Aruba"/><designation><use><system value="http://terminology.hl7.org/CodeSystem/designation-usage"/><code value="display"/></use><value value="Aruba"/></designation></concept><concept><code value="534"/><display value="Sint Maarten (Dutch part)"/><designation><use><system value="http://terminology.hl7.org/CodeSystem/designation-usage"/><code value="display"/></use><value value="Sint Maarten (Dutch part)"/></designation></concept><concept><code value="535"/><display value="Bonaire, Sint Eustatius and Saba"/><designation><use><system value="http://terminology.hl7.org/CodeSystem/designation-usage"/><code value="display"/></use><value value="Bonaire, Sint Eustatius and Saba"/></designation></concept><concept><code value="540"/><display value="New Caledonia"/><designation><use><system value="http://terminology.hl7.org/CodeSystem/designation-usage"/><code value="display"/></use><value value="New Caledonia"/></designation></concept><concept><code value="548"/><display value="Vanuatu"/><designation><use><system value="http://terminology.hl7.org/CodeSystem/designation-usage"/><code value="display"/></use><value value="Vanuatu"/></designation></concept><concept><code value="554"/><display value="New Zealand"/><designation><use><system value="http://terminology.hl7.org/CodeSystem/designation-usage"/><code value="display"/></use><value value="New Zealand"/></designation></concept><concept><code value="558"/><display value="Nicaragua"/><designation><use><system value="http://terminology.hl7.org/CodeSystem/designation-usage"/><code value="display"/></use><value value="Nicaragua"/></designation></concept><concept><code value="562"/><display value="Niger"/><designation><use><system value="http://terminology.hl7.org/CodeSystem/designation-usage"/><code value="display"/></use><value value="Niger"/></designation></concept><concept><code value="566"/><display value="Nigeria"/><designation><use><system value="http://terminology.hl7.org/CodeSystem/designation-usage"/><code value="display"/></use><value value="Nigeria"/></designation></concept><concept><code value="570"/><display value="Niue"/><designation><use><system value="http://terminology.hl7.org/CodeSystem/designation-usage"/><code value="display"/></use><value value="Niue"/></designation></concept><concept><code value="574"/><display value="Norfolk Island"/><designation><use><system value="http://terminology.hl7.org/CodeSystem/designation-usage"/><code value="display"/></use><value value="Norfolk Island"/></designation></concept><concept><code value="578"/><display value="Norway"/><designation><use><system value="http://terminology.hl7.org/CodeSystem/designation-usage"/><code value="display"/></use><value value="Norway"/></designation></concept><concept><code value="580"/><display value="Northern Mariana Islands"/><designation><use><system value="http://terminology.hl7.org/CodeSystem/designation-usage"/><code value="display"/></use><value value="Northern Mariana Islands"/></designation></concept><concept><code value="581"/><display value="United States Minor Outlying Islands"/><designation><use><system value="http://terminology.hl7.org/CodeSystem/designation-usage"/><code value="display"/></use><value value="United States Minor Outlying Islands"/></designation></concept><concept><code value="583"/><display value="Micronesia, Federated States of"/><designation><use><system value="http://terminology.hl7.org/CodeSystem/designation-usage"/><code value="display"/></use><value value="Micronesia, Federated States of"/></designation></concept><concept><code value="584"/><display value="Marshall Islands"/><designation><use><system value="http://terminology.hl7.org/CodeSystem/designation-usage"/><code value="display"/></use><value value="Marshall Islands"/></designation></concept><concept><code value="585"/><display value="Palau"/><designation><use><system value="http://terminology.hl7.org/CodeSystem/designation-usage"/><code value="display"/></use><value value="Palau"/></designation></concept><concept><code value="586"/><display value="Pakistan"/><designation><use><system value="http://terminology.hl7.org/CodeSystem/designation-usage"/><code value="display"/></use><value value="Pakistan"/></designation></concept><concept><code value="591"/><display value="Panama"/><designation><use><system value="http://terminology.hl7.org/CodeSystem/designation-usage"/><code value="display"/></use><value value="Panama"/></designation></concept><concept><code value="598"/><display value="Papua New Guinea"/><designation><use><system value="http://terminology.hl7.org/CodeSystem/designation-usage"/><code value="display"/></use><value value="Papua New Guinea"/></designation></concept><concept><code value="600"/><display value="Paraguay"/><designation><use><system value="http://terminology.hl7.org/CodeSystem/designation-usage"/><code value="display"/></use><value value="Paraguay"/></designation></concept><concept><code value="604"/><display value="Peru"/><designation><use><system value="http://terminology.hl7.org/CodeSystem/designation-usage"/><code value="display"/></use><value value="Peru"/></designation></concept><concept><code value="608"/><display value="Philippines"/><designation><use><system value="http://terminology.hl7.org/CodeSystem/designation-usage"/><code value="display"/></use><value value="Philippines"/></designation></concept><concept><code value="612"/><display value="Pitcairn"/><designation><use><system value="http://terminology.hl7.org/CodeSystem/designation-usage"/><code value="display"/></use><value value="Pitcairn"/></designation></concept><concept><code value="616"/><display value="Poland"/><designation><use><system value="http://terminology.hl7.org/CodeSystem/designation-usage"/><code value="display"/></use><value value="Poland"/></designation></concept><concept><code value="620"/><display value="Portugal"/><designation><use><system value="http://terminology.hl7.org/CodeSystem/designation-usage"/><code value="display"/></use><value value="Portugal"/></designation></concept><concept><code value="624"/><display value="Guinea-Bissau"/><designation><use><system value="http://terminology.hl7.org/CodeSystem/designation-usage"/><code value="display"/></use><value value="Guinea-Bissau"/></designation></concept><concept><code value="626"/><display value="Timor-Leste"/><designation><use><system value="http://terminology.hl7.org/CodeSystem/designation-usage"/><code value="display"/></use><value value="Timor-Leste"/></designation></concept><concept><code value="630"/><display value="Puerto Rico"/><designation><use><system value="http://terminology.hl7.org/CodeSystem/designation-usage"/><code value="display"/></use><value value="Puerto Rico"/></designation></concept><concept><code value="634"/><display value="Qatar"/><designation><use><system value="http://terminology.hl7.org/CodeSystem/designation-usage"/><code value="display"/></use><value value="Qatar"/></designation></concept><concept><code value="638"/><display value="Riunion"/><designation><use><system value="http://terminology.hl7.org/CodeSystem/designation-usage"/><code value="display"/></use><value value="Riunion"/></designation></concept><concept><code value="642"/><display value="Romania"/><designation><use><system value="http://terminology.hl7.org/CodeSystem/designation-usage"/><code value="display"/></use><value value="Romania"/></designation></concept><concept><code value="643"/><display value="Russian Federation"/><designation><use><system value="http://terminology.hl7.org/CodeSystem/designation-usage"/><code value="display"/></use><value value="Russian Federation"/></designation></concept><concept><code value="646"/><display value="Rwanda"/><designation><use><system value="http://terminology.hl7.org/CodeSystem/designation-usage"/><code value="display"/></use><value value="Rwanda"/></designation></concept><concept><code value="652"/><display value="Saint Barthilemy"/><designation><use><system value="http://terminology.hl7.org/CodeSystem/designation-usage"/><code value="display"/></use><value value="Saint Barthilemy"/></designation></concept><concept><code value="654"/><display value="Saint Helena, Ascension and Tristan da Cunha"/><designation><use><system value="http://terminology.hl7.org/CodeSystem/designation-usage"/><code value="display"/></use><value value="Saint Helena, Ascension and Tristan da Cunha"/></designation></concept><concept><code value="659"/><display value="Saint Kitts and Nevis"/><designation><use><system value="http://terminology.hl7.org/CodeSystem/designation-usage"/><code value="display"/></use><value value="Saint Kitts and Nevis"/></designation></concept><concept><code value="660"/><display value="Anguilla"/><designation><use><system value="http://terminology.hl7.org/CodeSystem/designation-usage"/><code value="display"/></use><value value="Anguilla"/></designation></concept><concept><code value="662"/><display value="Saint Lucia"/><designation><use><system value="http://terminology.hl7.org/CodeSystem/designation-usage"/><code value="display"/></use><value value="Saint Lucia"/></designation></concept><concept><code value="663"/><display value="Saint Martin (French part)"/><designation><use><system value="http://terminology.hl7.org/CodeSystem/designation-usage"/><code value="display"/></use><value value="Saint Martin (French part)"/></designation></concept><concept><code value="666"/><display value="Saint Pierre and Miquelon"/><designation><use><system value="http://terminology.hl7.org/CodeSystem/designation-usage"/><code value="display"/></use><value value="Saint Pierre and Miquelon"/></designation></concept><concept><code value="670"/><display value="Saint Vincent and the Grenadines"/><designation><use><system value="http://terminology.hl7.org/CodeSystem/designation-usage"/><code value="display"/></use><value value="Saint Vincent and the Grenadines"/></designation></concept><concept><code value="674"/><display value="San Marino"/><designation><use><system value="http://terminology.hl7.org/CodeSystem/designation-usage"/><code value="display"/></use><value value="San Marino"/></designation></concept><concept><code value="678"/><display value="Sao Tome and Principe"/><designation><use><system value="http://terminology.hl7.org/CodeSystem/designation-usage"/><code value="display"/></use><value value="Sao Tome and Principe"/></designation></concept><concept><code value="682"/><display value="Saudi Arabia"/><designation><use><system value="http://terminology.hl7.org/CodeSystem/designation-usage"/><code value="display"/></use><value value="Saudi Arabia"/></designation></concept><concept><code value="686"/><display value="Senegal"/><designation><use><system value="http://terminology.hl7.org/CodeSystem/designation-usage"/><code value="display"/></use><value value="Senegal"/></designation></concept><concept><code value="688"/><display value="Serbia"/><designation><use><system value="http://terminology.hl7.org/CodeSystem/designation-usage"/><code value="display"/></use><value value="Serbia"/></designation></concept><concept><code value="690"/><display value="Seychelles"/><designation><use><system value="http://terminology.hl7.org/CodeSystem/designation-usage"/><code value="display"/></use><value value="Seychelles"/></designation></concept><concept><code value="694"/><display value="Sierra Leone"/><designation><use><system value="http://terminology.hl7.org/CodeSystem/designation-usage"/><code value="display"/></use><value value="Sierra Leone"/></designation></concept><concept><code value="702"/><display value="Singapore"/><designation><use><system value="http://terminology.hl7.org/CodeSystem/designation-usage"/><code value="display"/></use><value value="Singapore"/></designation></concept><concept><code value="703"/><display value="Slovakia"/><designation><use><system value="http://terminology.hl7.org/CodeSystem/designation-usage"/><code value="display"/></use><value value="Slovakia"/></designation></concept><concept><code value="704"/><display value="Viet Nam"/><designation><use><system value="http://terminology.hl7.org/CodeSystem/designation-usage"/><code value="display"/></use><value value="Viet Nam"/></designation></concept><concept><code value="705"/><display value="Slovenia"/><designation><use><system value="http://terminology.hl7.org/CodeSystem/designation-usage"/><code value="display"/></use><value value="Slovenia"/></designation></concept><concept><code value="706"/><display value="Somalia"/><designation><use><system value="http://terminology.hl7.org/CodeSystem/designation-usage"/><code value="display"/></use><value value="Somalia"/></designation></concept><concept><code value="710"/><display value="South Africa"/><designation><use><system value="http://terminology.hl7.org/CodeSystem/designation-usage"/><code value="display"/></use><value value="South Africa"/></designation></concept><concept><code value="716"/><display value="Zimbabwe"/><designation><use><system value="http://terminology.hl7.org/CodeSystem/designation-usage"/><code value="display"/></use><value value="Zimbabwe"/></designation></concept><concept><code value="724"/><display value="Spain"/><designation><use><system value="http://terminology.hl7.org/CodeSystem/designation-usage"/><code value="display"/></use><value value="Spain"/></designation></concept><concept><code value="728"/><display value="South Sudan"/><designation><use><system value="http://terminology.hl7.org/CodeSystem/designation-usage"/><code value="display"/></use><value value="South Sudan"/></designation></concept><concept><code value="729"/><display value="Sudan"/><designation><use><system value="http://terminology.hl7.org/CodeSystem/designation-usage"/><code value="display"/></use><value value="Sudan"/></designation></concept><concept><code value="732"/><display value="Western Sahara"/><designation><use><system value="http://terminology.hl7.org/CodeSystem/designation-usage"/><code value="display"/></use><value value="Western Sahara"/></designation></concept><concept><code value="740"/><display value="Suriname"/><designation><use><system value="http://terminology.hl7.org/CodeSystem/designation-usage"/><code value="display"/></use><value value="Suriname"/></designation></concept><concept><code value="744"/><display value="Svalbard and Jan Mayen"/><designation><use><system value="http://terminology.hl7.org/CodeSystem/designation-usage"/><code value="display"/></use><value value="Svalbard and Jan Mayen"/></designation></concept><concept><code value="748"/><display value="Swaziland"/><designation><use><system value="http://terminology.hl7.org/CodeSystem/designation-usage"/><code value="display"/></use><value value="Swaziland"/></designation></concept><concept><code value="752"/><display value="Sweden"/><designation><use><system value="http://terminology.hl7.org/CodeSystem/designation-usage"/><code value="display"/></use><value value="Sweden"/></designation></concept><concept><code value="756"/><display value="Switzerland"/><designation><use><system value="http://terminology.hl7.org/CodeSystem/designation-usage"/><code value="display"/></use><value value="Switzerland"/></designation></concept><concept><code value="760"/><display value="Syrian Arab Republic"/><designation><use><system value="http://terminology.hl7.org/CodeSystem/designation-usage"/><code value="display"/></use><value value="Syrian Arab Republic"/></designation></concept><concept><code value="762"/><display value="Tajikistan"/><designation><use><system value="http://terminology.hl7.org/CodeSystem/designation-usage"/><code value="display"/></use><value value="Tajikistan"/></designation></concept><concept><code value="764"/><display value="Thailand"/><designation><use><system value="http://terminology.hl7.org/CodeSystem/designation-usage"/><code value="display"/></use><value value="Thailand"/></designation></concept><concept><code value="768"/><display value="Togo"/><designation><use><system value="http://terminology.hl7.org/CodeSystem/designation-usage"/><code value="display"/></use><value value="Togo"/></designation></concept><concept><code value="772"/><display value="Tokelau"/><designation><use><system value="http://terminology.hl7.org/CodeSystem/designation-usage"/><code value="display"/></use><value value="Tokelau"/></designation></concept><concept><code value="776"/><display value="Tonga"/><designation><use><system value="http://terminology.hl7.org/CodeSystem/designation-usage"/><code value="display"/></use><value value="Tonga"/></designation></concept><concept><code value="780"/><display value="Trinidad and Tobago"/><designation><use><system value="http://terminology.hl7.org/CodeSystem/designation-usage"/><code value="display"/></use><value value="Trinidad and Tobago"/></designation></concept><concept><code value="784"/><display value="United Arab Emirates"/><designation><use><system value="http://terminology.hl7.org/CodeSystem/designation-usage"/><code value="display"/></use><value value="United Arab Emirates"/></designation></concept><concept><code value="788"/><display value="Tunisia"/><designation><use><system value="http://terminology.hl7.org/CodeSystem/designation-usage"/><code value="display"/></use><value value="Tunisia"/></designation></concept><concept><code value="792"/><display value="Turkey"/><designation><use><system value="http://terminology.hl7.org/CodeSystem/designation-usage"/><code value="display"/></use><value value="Turkey"/></designation></concept><concept><code value="795"/><display value="Turkmenistan"/><designation><use><system value="http://terminology.hl7.org/CodeSystem/designation-usage"/><code value="display"/></use><value value="Turkmenistan"/></designation></concept><concept><code value="796"/><display value="Turks and Caicos Islands"/><designation><use><system value="http://terminology.hl7.org/CodeSystem/designation-usage"/><code value="display"/></use><value value="Turks and Caicos Islands"/></designation></concept><concept><code value="798"/><display value="Tuvalu"/><designation><use><system value="http://terminology.hl7.org/CodeSystem/designation-usage"/><code value="display"/></use><value value="Tuvalu"/></designation></concept><concept><code value="800"/><display value="Uganda"/><designation><use><system value="http://terminology.hl7.org/CodeSystem/designation-usage"/><code value="display"/></use><value value="Uganda"/></designation></concept><concept><code value="804"/><display value="Ukraine"/><designation><use><system value="http://terminology.hl7.org/CodeSystem/designation-usage"/><code value="display"/></use><value value="Ukraine"/></designation></concept><concept><code value="807"/><display value="Macedonia, the former Yugoslav Republic of"/><designation><use><system value="http://terminology.hl7.org/CodeSystem/designation-usage"/><code value="display"/></use><value value="Macedonia, the former Yugoslav Republic of"/></designation></concept><concept><code value="818"/><display value="Egypt"/><designation><use><system value="http://terminology.hl7.org/CodeSystem/designation-usage"/><code value="display"/></use><value value="Egypt"/></designation></concept><concept><code value="826"/><display value="United Kingdom"/><designation><use><system value="http://terminology.hl7.org/CodeSystem/designation-usage"/><code value="display"/></use><value value="United Kingdom"/></designation></concept><concept><code value="831"/><display value="Guernsey"/><designation><use><system value="http://terminology.hl7.org/CodeSystem/designation-usage"/><code value="display"/></use><value value="Guernsey"/></designation></concept><concept><code value="832"/><display value="Jersey"/><designation><use><system value="http://terminology.hl7.org/CodeSystem/designation-usage"/><code value="display"/></use><value value="Jersey"/></designation></concept><concept><code value="833"/><display value="Isle of Man"/><designation><use><system value="http://terminology.hl7.org/CodeSystem/designation-usage"/><code value="display"/></use><value value="Isle of Man"/></designation></concept><concept><code value="834"/><display value="Tanzania, United Republic of"/><designation><use><system value="http://terminology.hl7.org/CodeSystem/designation-usage"/><code value="display"/></use><value value="Tanzania, United Republic of"/></designation></concept><concept><code value="840"/><display value="United States of America"/><designation><use><system value="http://terminology.hl7.org/CodeSystem/designation-usage"/><code value="display"/></use><value value="United States of America"/></designation></concept><concept><code value="850"/><display value="Virgin Islands, U.S."/><designation><use><system value="http://terminology.hl7.org/CodeSystem/designation-usage"/><code value="display"/></use><value value="Virgin Islands, U.S."/></designation></concept><concept><code value="854"/><display value="Burkina Faso"/><designation><use><system value="http://terminology.hl7.org/CodeSystem/designation-usage"/><code value="display"/></use><value value="Burkina Faso"/></designation></concept><concept><code value="858"/><display value="Uruguay"/><designation><use><system value="http://terminology.hl7.org/CodeSystem/designation-usage"/><code value="display"/></use><value value="Uruguay"/></designation></concept><concept><code value="860"/><display value="Uzbekistan"/><designation><use><system value="http://terminology.hl7.org/CodeSystem/designation-usage"/><code value="display"/></use><value value="Uzbekistan"/></designation></concept><concept><code value="862"/><display value="Venezuela, Bolivarian Republic of"/><designation><use><system value="http://terminology.hl7.org/CodeSystem/designation-usage"/><code value="display"/></use><value value="Venezuela, Bolivarian Republic of"/></designation></concept><concept><code value="876"/><display value="Wallis and Futuna"/><designation><use><system value="http://terminology.hl7.org/CodeSystem/designation-usage"/><code value="display"/></use><value value="Wallis and Futuna"/></designation></concept><concept><code value="882"/><display value="Samoa"/><designation><use><system value="http://terminology.hl7.org/CodeSystem/designation-usage"/><code value="display"/></use><value value="Samoa"/></designation></concept><concept><code value="887"/><display value="Yemen"/><designation><use><system value="http://terminology.hl7.org/CodeSystem/designation-usage"/><code value="display"/></use><value value="Yemen"/></designation></concept><concept><code value="894"/><display value="Zambia"/><designation><use><system value="http://terminology.hl7.org/CodeSystem/designation-usage"/><code value="display"/></use><value value="Zambia"/></designation></concept></CodeSystem>