<?xml version="1.0" encoding="UTF-8"?><CodeSystem xmlns="http://hl7.org/fhir"><id value="EtniaCS"/><text><status value="generated"/><div xmlns="http://www.w3.org/1999/xhtml"><p class="res-header-id"><b>Generated Narrative: CodeSystem EtniaCS</b></p><a name="EtniaCS"> </a><a name="hcEtniaCS"> </a><a name="EtniaCS-es-CO"> </a><p>This case-sensitive code system <code>https://www.minsalud.gov.co/ihc/fhir/CodeSystem/EtniaCS</code> defines the following codes:</p><table class="codes"><tr><td style="white-space:nowrap"><b>Code</b></td><td><b>Display</b></td></tr><tr><td style="white-space:nowrap">01<a name="EtniaCS-01"> </a></td><td>Indigena</td></tr><tr><td style="white-space:nowrap">02<a name="EtniaCS-02"> </a></td><td>ROM (Gitanos)</td></tr><tr><td style="white-space:nowrap">03<a name="EtniaCS-03"> </a></td><td>Raizal (San Andrés y Providencia)</td></tr><tr><td style="white-space:nowrap">04<a name="EtniaCS-04"> </a></td><td>Palenquero de San Basilio de Palenque</td></tr><tr><td style="white-space:nowrap">05<a name="EtniaCS-05"> </a></td><td>Negro(a)</td></tr><tr><td style="white-space:nowrap">06<a name="EtniaCS-06"> </a></td><td>Afrocolombiano(a)</td></tr><tr><td style="white-space:nowrap">99<a name="EtniaCS-99"> </a></td><td>Ninguna de las anteriores</td></tr></table></div></text><url value="https://www.minsalud.gov.co/ihc/fhir/CodeSystem/EtniaCS"/><version value="0.4.3"/><name value="Etnia"/><title value="Etnia"/><status value="draft"/><experimental value="false"/><date value="2025-03-24T16:25:06-03:00"/><publisher value="MSP Colombia"/><contact><name value="MSP Colombia"/><telecom><system value="url"/><value value="https://www.minsalud.gov.co/"/></telecom></contact><description value="Identificador para determinar la pertenencia étnica de la persona."/><jurisdiction><coding><system value="urn:iso:std:iso:3166"/><code value="CO"/></coding></jurisdiction><caseSensitive value="true"/><content value="complete"/><count value="7"/><concept><code value="01"/><display value="Indigena"/><designation><use><system value="http://terminology.hl7.org/CodeSystem/designation-usage"/><code value="display"/></use><value value="Indigena"/></designation></concept><concept><code value="02"/><display value="ROM (Gitanos)"/><designation><use><system value="http://terminology.hl7.org/CodeSystem/designation-usage"/><code value="display"/></use><value value="ROM (Gitanos)"/></designation></concept><concept><code value="03"/><display value="Raizal (San Andrés y Providencia)"/><designation><use><system value="http://terminology.hl7.org/CodeSystem/designation-usage"/><code value="display"/></use><value value="Raizal (San Andrés y Providencia)"/></designation></concept><concept><code value="04"/><display value="Palenquero de San Basilio de Palenque"/><designation><use><system value="http://terminology.hl7.org/CodeSystem/designation-usage"/><code value="display"/></use><value value="Palenquero de San Basilio de Palenque"/></designation></concept><concept><code value="05"/><display value="Negro(a)"/><designation><use><system value="http://terminology.hl7.org/CodeSystem/designation-usage"/><code value="display"/></use><value value="Negro(a)"/></designation></concept><concept><code value="06"/><display value="Afrocolombiano(a)"/><designation><use><system value="http://terminology.hl7.org/CodeSystem/designation-usage"/><code value="display"/></use><value value="Afrocolombiano(a)"/></designation></concept><concept><code value="99"/><display value="Ninguna de las anteriores"/><designation><use><system value="http://terminology.hl7.org/CodeSystem/designation-usage"/><code value="display"/></use><value value="Ninguna de las anteriores"/></designation></concept></CodeSystem>