<?xml version="1.0" encoding="UTF-8"?><CodeSystem xmlns="http://hl7.org/fhir"><id value="AlergiasCS"/><text><status value="generated"/><div xmlns="http://www.w3.org/1999/xhtml"><p class="res-header-id"><b>Generated Narrative: CodeSystem AlergiasCS</b></p><a name="AlergiasCS"> </a><a name="hcAlergiasCS"> </a><a name="AlergiasCS-es-CO"> </a><p>This case-sensitive code system <code>https://www.minsalud.gov.co/ihc/fhir/CodeSystem/AlergiasCS</code> defines the following codes:</p><table class="codes"><tr><td style="white-space:nowrap"><b>Code</b></td><td><b>Display</b></td></tr><tr><td style="white-space:nowrap">01<a name="AlergiasCS-01"> </a></td><td>Medicamento</td></tr><tr><td style="white-space:nowrap">02<a name="AlergiasCS-02"> </a></td><td>Alimento</td></tr><tr><td style="white-space:nowrap">03<a name="AlergiasCS-03"> </a></td><td>Sustancia del ambiente</td></tr><tr><td style="white-space:nowrap">04<a name="AlergiasCS-04"> </a></td><td>Sustancia que entran en contacto con la piel</td></tr><tr><td style="white-space:nowrap">05<a name="AlergiasCS-05"> </a></td><td>Picadura de insectos</td></tr><tr><td style="white-space:nowrap">06<a name="AlergiasCS-06"> </a></td><td>Otra</td></tr></table></div></text><url value="https://www.minsalud.gov.co/ihc/fhir/CodeSystem/AlergiasCS"/><version value="0.4.3"/><name value="AlergiasCS"/><title value="Tipo Alergia"/><status value="draft"/><experimental value="false"/><date value="2025-03-20T08:51:13-03:00"/><publisher value="MSP Colombia"/><contact><name value="MSP Colombia"/><telecom><system value="url"/><value value="https://www.minsalud.gov.co/"/></telecom></contact><description value="Antecedente de Alergia"/><jurisdiction><coding><system value="urn:iso:std:iso:3166"/><code value="CO"/></coding></jurisdiction><caseSensitive value="true"/><content value="complete"/><count value="6"/><concept><code value="01"/><display value="Medicamento"/><designation><use><system value="http://terminology.hl7.org/CodeSystem/designation-usage"/><code value="display"/></use><value value="Medicamento"/></designation></concept><concept><code value="02"/><display value="Alimento"/><designation><use><system value="http://terminology.hl7.org/CodeSystem/designation-usage"/><code value="display"/></use><value value="Alimento"/></designation></concept><concept><code value="03"/><display value="Sustancia del ambiente"/><designation><use><system value="http://terminology.hl7.org/CodeSystem/designation-usage"/><code value="display"/></use><value value="Sustancia del ambiente"/></designation></concept><concept><code value="04"/><display value="Sustancia que entran en contacto con la piel"/><designation><use><system value="http://terminology.hl7.org/CodeSystem/designation-usage"/><code value="display"/></use><value value="Sustancia que entran en contacto con la piel"/></designation></concept><concept><code value="05"/><display value="Picadura de insectos"/><designation><use><system value="http://terminology.hl7.org/CodeSystem/designation-usage"/><code value="display"/></use><value value="Picadura de insectos"/></designation></concept><concept><code value="06"/><display value="Otra"/><designation><use><system value="http://terminology.hl7.org/CodeSystem/designation-usage"/><code value="display"/></use><value value="Otra"/></designation></concept></CodeSystem>