<?xml version="1.0" encoding="UTF-8"?><CodeSystem xmlns="http://hl7.org/fhir"><id value="IdspersonaColombia"/><text><status value="generated"/><div xmlns="http://www.w3.org/1999/xhtml"><p class="res-header-id"><b>Generated Narrative: CodeSystem IdspersonaColombia</b></p><a name="IdspersonaColombia"> </a><a name="hcIdspersonaColombia"> </a><a name="IdspersonaColombia-es-CO"> </a><p>This case-sensitive code system <code>https://www.minsalud.gov.co/ihc/fhir/CodeSystem/IdspersonaColombia</code> defines the following codes:</p><table class="codes"><tr><td style="white-space:nowrap"><b>Code</b></td><td><b>Display</b></td><td><b>Definition</b></td></tr><tr><td style="white-space:nowrap">CC<a name="IdspersonaColombia-CC"> </a></td><td>Cédula ciudadanía</td><td>Cédula ciudadanía del paciente.</td></tr><tr><td style="white-space:nowrap">CE<a name="IdspersonaColombia-CE"> </a></td><td>Cédula de extranjería</td><td>Cédula de extranjería</td></tr><tr><td style="white-space:nowrap">CD<a name="IdspersonaColombia-CD"> </a></td><td>Carné diplomático</td><td>Carné diplomático</td></tr><tr><td style="white-space:nowrap">PA<a name="IdspersonaColombia-PA"> </a></td><td>Pasaporte</td><td>Pasaporte</td></tr><tr><td style="white-space:nowrap">SC<a name="IdspersonaColombia-SC"> </a></td><td>Salvoconducto de permanencia</td><td>Salvoconducto de permanencia</td></tr><tr><td style="white-space:nowrap">PT<a name="IdspersonaColombia-PT"> </a></td><td>Permiso Temporal de Permanencia</td><td>Permiso Temporal de Permanencia</td></tr><tr><td style="white-space:nowrap">PE<a name="IdspersonaColombia-PE"> </a></td><td>Permiso Especial de Permanencia</td><td>Permiso Especial de Permanencia</td></tr><tr><td style="white-space:nowrap">RC<a name="IdspersonaColombia-RC"> </a></td><td>Registro civil</td><td>Registro civil</td></tr><tr><td style="white-space:nowrap">TI<a name="IdspersonaColombia-TI"> </a></td><td>Tarjeta de identidad</td><td>Tarjeta de identidad</td></tr><tr><td style="white-space:nowrap">CN<a name="IdspersonaColombia-CN"> </a></td><td>Certificado de nacido vivo</td><td>Certificado de nacido vivo</td></tr><tr><td style="white-space:nowrap">DE<a name="IdspersonaColombia-DE"> </a></td><td>Documento Extranjero</td><td>Documento Extranjero</td></tr></table></div></text><url value="https://www.minsalud.gov.co/ihc/fhir/CodeSystem/IdspersonaColombia"/><version value="0.4.3"/><name value="IdspersonaColombia"/><title value="Identificadores de Persona"/><status value="active"/><experimental value="false"/><date value="2010-01-29"/><publisher value="MSP Colombia"/><contact><name value="MSP Colombia"/><telecom><system value="url"/><value value="https://www.minsalud.gov.co/"/></telecom></contact><description value="Elemento de dato que contiene el nombre y número de identificación de una determinada persona para efectos de identidad e individualización"/><jurisdiction><coding><system value="urn:iso:std:iso:3166"/><code value="CO"/></coding></jurisdiction><caseSensitive value="true"/><content value="complete"/><count value="11"/><concept><code value="CC"/><display value="Cédula ciudadanía"/><definition value="Cédula ciudadanía del paciente."/><designation><use><system value="http://terminology.hl7.org/CodeSystem/designation-usage"/><code value="display"/></use><value value="Cédula ciudadanía"/></designation></concept><concept><code value="CE"/><display value="Cédula de extranjería"/><definition value="Cédula de extranjería"/><designation><use><system value="http://terminology.hl7.org/CodeSystem/designation-usage"/><code value="display"/></use><value value="Cédula de extranjería"/></designation></concept><concept><code value="CD"/><display value="Carné diplomático"/><definition value="Carné diplomático"/><designation><use><system value="http://terminology.hl7.org/CodeSystem/designation-usage"/><code value="display"/></use><value value="Carné diplomático"/></designation></concept><concept><code value="PA"/><display value="Pasaporte"/><definition value="Pasaporte"/><designation><use><system value="http://terminology.hl7.org/CodeSystem/designation-usage"/><code value="display"/></use><value value="Pasaporte"/></designation></concept><concept><code value="SC"/><display value="Salvoconducto de permanencia"/><definition value="Salvoconducto de permanencia"/><designation><use><system value="http://terminology.hl7.org/CodeSystem/designation-usage"/><code value="display"/></use><value value="Salvoconducto de permanencia"/></designation></concept><concept><code value="PT"/><display value="Permiso Temporal de Permanencia"/><definition value="Permiso Temporal de Permanencia"/><designation><use><system value="http://terminology.hl7.org/CodeSystem/designation-usage"/><code value="display"/></use><value value="Permiso Temporal de Permanencia"/></designation></concept><concept><code value="PE"/><display value="Permiso Especial de Permanencia"/><definition value="Permiso Especial de Permanencia"/><designation><use><system value="http://terminology.hl7.org/CodeSystem/designation-usage"/><code value="display"/></use><value value="Permiso Especial de Permanencia"/></designation></concept><concept><code value="RC"/><display value="Registro civil"/><definition value="Registro civil"/><designation><use><system value="http://terminology.hl7.org/CodeSystem/designation-usage"/><code value="display"/></use><value value="Registro civil"/></designation></concept><concept><code value="TI"/><display value="Tarjeta de identidad"/><definition value="Tarjeta de identidad"/><designation><use><system value="http://terminology.hl7.org/CodeSystem/designation-usage"/><code value="display"/></use><value value="Tarjeta de identidad"/></designation></concept><concept><code value="CN"/><display value="Certificado de nacido vivo"/><definition value="Certificado de nacido vivo"/><designation><use><system value="http://terminology.hl7.org/CodeSystem/designation-usage"/><code value="display"/></use><value value="Certificado de nacido vivo"/></designation></concept><concept><code value="DE"/><display value="Documento Extranjero"/><definition value="Documento Extranjero"/><designation><use><system value="http://terminology.hl7.org/CodeSystem/designation-usage"/><code value="display"/></use><value value="Documento Extranjero"/></designation></concept></CodeSystem>