<?xml version="1.0" encoding="UTF-8"?><CodeSystem xmlns="http://hl7.org/fhir"><id value="DiscapacidadCS"/><text><status value="generated"/><div xmlns="http://www.w3.org/1999/xhtml"><p class="res-header-id"><b>Generated Narrative: CodeSystem DiscapacidadCS</b></p><a name="DiscapacidadCS"> </a><a name="hcDiscapacidadCS"> </a><a name="DiscapacidadCS-es-CO"> </a><p>This case-sensitive code system <code>https://www.minsalud.gov.co/ihc/fhir/CodeSystem/DiscapacidadCS</code> defines the following codes:</p><table class="codes"><tr><td style="white-space:nowrap"><b>Code</b></td><td><b>Display</b></td></tr><tr><td style="white-space:nowrap">01<a name="DiscapacidadCS-01"> </a></td><td>Discapacidad física</td></tr><tr><td style="white-space:nowrap">02<a name="DiscapacidadCS-02"> </a></td><td>Discapacidad visual</td></tr><tr><td style="white-space:nowrap">03<a name="DiscapacidadCS-03"> </a></td><td>Discapacidad auditiva</td></tr><tr><td style="white-space:nowrap">04<a name="DiscapacidadCS-04"> </a></td><td>Discapacidad intelectual</td></tr><tr><td style="white-space:nowrap">05<a name="DiscapacidadCS-05"> </a></td><td>Discapacidad sicosocial</td></tr><tr><td style="white-space:nowrap">06<a name="DiscapacidadCS-06"> </a></td><td>Sordoceguera</td></tr><tr><td style="white-space:nowrap">07<a name="DiscapacidadCS-07"> </a></td><td>Discapacidad múltiple</td></tr><tr><td style="white-space:nowrap">08<a name="DiscapacidadCS-08"> </a></td><td>Sin discapacidad</td></tr></table></div></text><url value="https://www.minsalud.gov.co/ihc/fhir/CodeSystem/DiscapacidadCS"/><version value="0.4.3"/><name value="DiscapacidadCS"/><title value="Discapacidad"/><status value="draft"/><experimental value="false"/><date value="2025-04-11T11:36:21-03:00"/><publisher value="MSP Colombia"/><contact><name value="MSP Colombia"/><telecom><system value="url"/><value value="https://www.minsalud.gov.co/"/></telecom></contact><description value="Identificador para determinar la categoría de discapacidad de&#xD;&#xA;acuerdo con el dominio o dominios donde se presente la deficiencia o deficiencias corporales del solicitante"/><jurisdiction><coding><system value="urn:iso:std:iso:3166"/><code value="CO"/></coding></jurisdiction><caseSensitive value="true"/><content value="complete"/><count value="8"/><concept><code value="01"/><display value="Discapacidad física"/><designation><use><system value="http://terminology.hl7.org/CodeSystem/designation-usage"/><code value="display"/></use><value value="Discapacidad física"/></designation><designation><use><system value="http://terminology.hl7.org/CodeSystem/designation-usage"/><code value="display"/></use><value value="Discapacidad física"/></designation></concept><concept><code value="02"/><display value="Discapacidad visual"/><designation><use><system value="http://terminology.hl7.org/CodeSystem/designation-usage"/><code value="display"/></use><value value="Discapacidad visual"/></designation><designation><use><system value="http://terminology.hl7.org/CodeSystem/designation-usage"/><code value="display"/></use><value value="Discapacidad visual"/></designation></concept><concept><code value="03"/><display value="Discapacidad auditiva"/><designation><use><system value="http://terminology.hl7.org/CodeSystem/designation-usage"/><code value="display"/></use><value value="Discapacidad auditiva"/></designation><designation><use><system value="http://terminology.hl7.org/CodeSystem/designation-usage"/><code value="display"/></use><value value="Discapacidad auditiva"/></designation></concept><concept><code value="04"/><display value="Discapacidad intelectual"/><designation><use><system value="http://terminology.hl7.org/CodeSystem/designation-usage"/><code value="display"/></use><value value="Discapacidad intelectual"/></designation><designation><use><system value="http://terminology.hl7.org/CodeSystem/designation-usage"/><code value="display"/></use><value value="Discapacidad intelectual"/></designation></concept><concept><code value="05"/><display value="Discapacidad sicosocial"/><designation><use><system value="http://terminology.hl7.org/CodeSystem/designation-usage"/><code value="display"/></use><value value="Discapacidad sicosocial"/></designation><designation><use><system value="http://terminology.hl7.org/CodeSystem/designation-usage"/><code value="display"/></use><value value="Discapacidad sicosocial"/></designation></concept><concept><code value="06"/><display value="Sordoceguera"/><designation><use><system value="http://terminology.hl7.org/CodeSystem/designation-usage"/><code value="display"/></use><value value="Sordoceguera"/></designation><designation><use><system value="http://terminology.hl7.org/CodeSystem/designation-usage"/><code value="display"/></use><value value="Sordoceguera"/></designation></concept><concept><code value="07"/><display value="Discapacidad múltiple"/><designation><use><system value="http://terminology.hl7.org/CodeSystem/designation-usage"/><code value="display"/></use><value value="Discapacidad múltiple"/></designation><designation><use><system value="http://terminology.hl7.org/CodeSystem/designation-usage"/><code value="display"/></use><value value="Discapacidad múltiple"/></designation></concept><concept><code value="08"/><display value="Sin discapacidad"/><designation><use><system value="http://terminology.hl7.org/CodeSystem/designation-usage"/><code value="display"/></use><value value="Sin discapacidad"/></designation><designation><use><system value="http://terminology.hl7.org/CodeSystem/designation-usage"/><code value="display"/></use><value value="Sin discapacidad"/></designation></concept></CodeSystem>