<?xml version="1.0" encoding="UTF-8"?><CodeSystem xmlns="http://hl7.org/fhir"><id value="IdentidadGeneroCS"/><text><status value="generated"/><div xmlns="http://www.w3.org/1999/xhtml"><p class="res-header-id"><b>Generated Narrative: CodeSystem IdentidadGeneroCS</b></p><a name="IdentidadGeneroCS"> </a><a name="hcIdentidadGeneroCS"> </a><a name="IdentidadGeneroCS-es-CO"> </a><p>This case-sensitive code system <code>https://www.minsalud.gov.co/ihc/fhir/CodeSystem/IdentidadGeneroCS</code> defines the following codes:</p><table class="codes"><tr><td style="white-space:nowrap"><b>Code</b></td><td><b>Display</b></td></tr><tr><td style="white-space:nowrap">01<a name="IdentidadGeneroCS-01"> </a></td><td>Masculino</td></tr><tr><td style="white-space:nowrap">02<a name="IdentidadGeneroCS-02"> </a></td><td>Femenino</td></tr><tr><td style="white-space:nowrap">03<a name="IdentidadGeneroCS-03"> </a></td><td>Transgénero</td></tr><tr><td style="white-space:nowrap">04<a name="IdentidadGeneroCS-04"> </a></td><td>Neutro</td></tr><tr><td style="white-space:nowrap">05<a name="IdentidadGeneroCS-05"> </a></td><td>No lo declara</td></tr></table></div></text><url value="https://www.minsalud.gov.co/ihc/fhir/CodeSystem/IdentidadGeneroCS"/><version value="0.4.3"/><name value="IdentidadGenero"/><title value="Identidad de genero"/><status value="draft"/><experimental value="false"/><date value="2025-04-08T16:57:34-03:00"/><publisher value="MSP Colombia"/><contact><name value="MSP Colombia"/><telecom><system value="url"/><value value="https://www.minsalud.gov.co/"/></telecom></contact><description value="Identidad de Género."/><jurisdiction><coding><system value="urn:iso:std:iso:3166"/><code value="CO"/></coding></jurisdiction><caseSensitive value="true"/><content value="complete"/><count value="5"/><concept><code value="01"/><display value="Masculino"/><designation><use><system value="http://terminology.hl7.org/CodeSystem/designation-usage"/><code value="display"/></use><value value="Masculino"/></designation><designation><use><system value="http://terminology.hl7.org/CodeSystem/designation-usage"/><code value="display"/></use><value value="Masculino"/></designation></concept><concept><code value="02"/><display value="Femenino"/><designation><use><system value="http://terminology.hl7.org/CodeSystem/designation-usage"/><code value="display"/></use><value value="Femenino"/></designation><designation><use><system value="http://terminology.hl7.org/CodeSystem/designation-usage"/><code value="display"/></use><value value="Femenino"/></designation></concept><concept><code value="03"/><display value="Transgénero"/><designation><use><system value="http://terminology.hl7.org/CodeSystem/designation-usage"/><code value="display"/></use><value value="Transgénero"/></designation><designation><use><system value="http://terminology.hl7.org/CodeSystem/designation-usage"/><code value="display"/></use><value value="Transgénero"/></designation></concept><concept><code value="04"/><display value="Neutro"/><designation><use><system value="http://terminology.hl7.org/CodeSystem/designation-usage"/><code value="display"/></use><value value="Neutro"/></designation><designation><use><system value="http://terminology.hl7.org/CodeSystem/designation-usage"/><code value="display"/></use><value value="Neutro"/></designation></concept><concept><code value="05"/><display value="No lo declara"/><designation><use><system value="http://terminology.hl7.org/CodeSystem/designation-usage"/><code value="display"/></use><value value="No lo declara"/></designation><designation><use><system value="http://terminology.hl7.org/CodeSystem/designation-usage"/><code value="display"/></use><value value="No lo declara"/></designation></concept></CodeSystem>