<?xml version="1.0" encoding="UTF-8"?><ValueSet xmlns="http://hl7.org/fhir"><id value="IdentidadGeneroVS"/><text><status value="generated"/><div xmlns="http://www.w3.org/1999/xhtml"><p class="res-header-id"><b>Generated Narrative: ValueSet IdentidadGeneroVS</b></p><a name="IdentidadGeneroVS"> </a><a name="hcIdentidadGeneroVS"> </a><a name="IdentidadGeneroVS-es-CO"> </a><ul><li>Include all codes defined in <a href="CodeSystem-IdentidadGeneroCS.html"><code>https://www.minsalud.gov.co/ihc/fhir/CodeSystem/IdentidadGeneroCS</code></a></li></ul></div></text><url value="https://www.minsalud.gov.co/ihc/fhir/ValueSet/IdentidadGeneroVS"/><version value="0.4.3"/><name value="IdentidadGeneroVS"/><title value="Identidad de Genero"/><status value="active"/><experimental value="false"/><date value="2023-01-01T00:00:00-05:00"/><publisher value="MSP Colombia"/><contact><name value="MSP Colombia"/><telecom><system value="url"/><value value="https://www.minsalud.gov.co/"/></telecom></contact><description value="Conjunto de Valores para identidad de Género."/><jurisdiction><coding><system value="urn:iso:std:iso:3166"/><code value="CO"/></coding></jurisdiction><compose><include><system value="https://www.minsalud.gov.co/ihc/fhir/CodeSystem/IdentidadGeneroCS"/></include></compose></ValueSet>