<?xml version="1.0" encoding="UTF-8"?><CodeSystem xmlns="http://hl7.org/fhir"><id value="ZonaResidenciaCS"/><text><status value="generated"/><div xmlns="http://www.w3.org/1999/xhtml"><p class="res-header-id"><b>Generated Narrative: CodeSystem ZonaResidenciaCS</b></p><a name="ZonaResidenciaCS"> </a><a name="hcZonaResidenciaCS"> </a><a name="ZonaResidenciaCS-es-CO"> </a><p>This case-sensitive code system <code>https://www.minsalud.gov.co/ihc/fhir/CodeSystem/ZonaResidenciaCS</code> defines the following codes:</p><table class="codes"><tr><td style="white-space:nowrap"><b>Code</b></td><td><b>Display</b></td></tr><tr><td style="white-space:nowrap">01<a name="ZonaResidenciaCS-01"> </a></td><td>Urbana</td></tr><tr><td style="white-space:nowrap">02<a name="ZonaResidenciaCS-02"> </a></td><td>Rural</td></tr></table></div></text><url value="https://www.minsalud.gov.co/ihc/fhir/CodeSystem/ZonaResidenciaCS"/><version value="0.4.3"/><name value="ZonaResidencia"/><title value="Zona de residencia"/><status value="draft"/><experimental value="false"/><date value="2024-09-09T15:47:02-03:00"/><publisher value="MSP Colombia"/><contact><name value="MSP Colombia"/><telecom><system value="url"/><value value="https://www.minsalud.gov.co/"/></telecom></contact><description value="Identificador para representar la Zona."/><jurisdiction><coding><system value="urn:iso:std:iso:3166"/><code value="CO"/><display value="Colombia"/></coding></jurisdiction><caseSensitive value="true"/><content value="complete"/><count value="2"/><concept><code value="01"/><display value="Urbana"/></concept><concept><code value="02"/><display value="Rural"/></concept></CodeSystem>