{
  "resourceType" : "Practitioner",
  "id" : "ProfesionalColombia2",
  "meta" : {
    "profile" : ["https://www.minsalud.gov.co/ihc/fhir/StructureDefinition/PractitionerCo"]
  },
  "text" : {
    "status" : "generated",
    "div" : "<div xmlns=\"http://www.w3.org/1999/xhtml\"><p class=\"res-header-id\"><b>Generated Narrative: Practitioner ProfesionalColombia2</b></p><a name=\"ProfesionalColombia2\"> </a><a name=\"hcProfesionalColombia2\"> </a><a name=\"ProfesionalColombia2-es-CO\"> </a><p><b>identifier</b>: Cédula ciudadanía/12345</p></div>"
  },
  "identifier" : [{
    "type" : {
      "extension" : [{
        "url" : "https://www.minsalud.gov.co/ihc/fhir/StructureDefinition/co-pais",
        "valueCodeableConcept" : {
          "coding" : [{
            "system" : "https://www.minsalud.gov.co/ihc/fhir/CodeSystem/PaisesCS",
            "code" : "170"
          }]
        }
      }],
      "coding" : [{
        "system" : "https://www.minsalud.gov.co/ihc/fhir/CodeSystem/IdspersonaColombia",
        "code" : "CC",
        "display" : "Cédula ciudadanía"
      }]
    },
    "value" : "12345",
    "assigner" : {
      "display" : "Registraduria Nacional"
    }
  }]
}