{
  "resourceType" : "ValueSet",
  "id" : "ZonaResidenciaVS",
  "text" : {
    "status" : "generated",
    "div" : "<div xmlns=\"http://www.w3.org/1999/xhtml\"><p class=\"res-header-id\"><b>Generated Narrative: ValueSet ZonaResidenciaVS</b></p><a name=\"ZonaResidenciaVS\"> </a><a name=\"hcZonaResidenciaVS\"> </a><a name=\"ZonaResidenciaVS-es-CO\"> </a><ul><li>Include all codes defined in <a href=\"CodeSystem-ZonaResidenciaCS.html\"><code>https://www.minsalud.gov.co/ihc/fhir/CodeSystem/ZonaResidenciaCS</code></a></li></ul></div>"
  },
  "url" : "https://www.minsalud.gov.co/ihc/fhir/ValueSet/ZonaResidenciaVS",
  "version" : "0.4.3",
  "name" : "ZonaResidenciaVS",
  "title" : "Zona de residencia",
  "status" : "active",
  "experimental" : false,
  "date" : "2023-01-01T00:00:00-05:00",
  "publisher" : "MSP Colombia",
  "contact" : [{
    "name" : "MSP Colombia",
    "telecom" : [{
      "system" : "url",
      "value" : "https://www.minsalud.gov.co/"
    }]
  }],
  "description" : "Conjunto de valores para la zona de residencia.",
  "jurisdiction" : [{
    "coding" : [{
      "system" : "urn:iso:std:iso:3166",
      "code" : "CO",
      "display" : "Colombia"
    }]
  }],
  "compose" : {
    "include" : [{
      "system" : "https://www.minsalud.gov.co/ihc/fhir/CodeSystem/ZonaResidenciaCS"
    }]
  }
}