{"resourceType":"ImplementationGuide","id":"hl7.fhir.co.CoreCO","text":{"status":"generated","div":"<div xmlns=\"http://www.w3.org/1999/xhtml\"><p class=\"res-header-id\"><b>Generated Narrative: ImplementationGuide hl7.fhir.co.CoreCO</b></p><a name=\"hl7.fhir.co.CoreCO\"> </a><a name=\"hchl7.fhir.co.CoreCO\"> </a><a name=\"hl7.fhir.co.CoreCO-es-CO\"> </a><h2>CoreCOImplementationGuide</h2><p>The official URL for this implementation guide is: </p><pre>https://www.minsalud.gov.co/ihc/fhir/ImplementationGuide/hl7.fhir.co.CoreCO</pre><div><p>Ministerio de Salud Colombia - Interoperabilidad de Historia Clínica IHC -</p>\n</div></div>"},"url":"https://www.minsalud.gov.co/ihc/fhir/ImplementationGuide/hl7.fhir.co.CoreCO","version":"0.4.3","name":"CoreCOImplementationGuide","title":"GUIA EN DESARROLLO - Colombia (v 0.4.3)","status":"draft","date":"2024-09-09T15:47:02-03:00","publisher":"MSP Colombia","contact":[{"name":"MSP Colombia","telecom":[{"system":"url","value":"https://www.minsalud.gov.co/"}]}],"description":"Ministerio de Salud Colombia - Interoperabilidad de Historia Clínica IHC -","jurisdiction":[{"coding":[{"system":"urn:iso:std:iso:3166","code":"CO","display":"Colombia"}]}],"packageId":"hl7.fhir.co.CoreCO","license":"CC0-1.0","fhirVersion":["4.0.1"],"dependsOn":[{"id":"hl7tx","extension":[{"url":"http://hl7.org/fhir/tools/StructureDefinition/implementationguide-dependency-comment","valueMarkdown":"Automatically added as a dependency - all IGs depend on HL7 Terminology"}],"uri":"http://terminology.hl7.org/ImplementationGuide/hl7.terminology","packageId":"hl7.terminology.r4","version":"6.0.2"},{"id":"hl7ext","extension":[{"url":"http://hl7.org/fhir/tools/StructureDefinition/implementationguide-dependency-comment","valueMarkdown":"Automatically added as a dependency - all IGs depend on the HL7 Extension Pack"}],"uri":"http://hl7.org/fhir/extensions/ImplementationGuide/hl7.fhir.uv.extensions","packageId":"hl7.fhir.uv.extensions.r4","version":"5.1.0"}],"definition":{"extension":[{"extension":[{"url":"code","valueString":"copyrightyear"},{"url":"value","valueString":"2023+"}],"url":"http://hl7.org/fhir/tools/StructureDefinition/ig-parameter"},{"extension":[{"url":"code","valueString":"releaselabel"},{"url":"value","valueString":"ci-build"}],"url":"http://hl7.org/fhir/tools/StructureDefinition/ig-parameter"},{"extension":[{"url":"code","valueString":"apply-publisher"},{"url":"value","valueString":"true"}],"url":"http://hl7.org/fhir/tools/StructureDefinition/ig-parameter"},{"extension":[{"url":"code","valueString":"apply-contact"},{"url":"value","valueString":"true"}],"url":"http://hl7.org/fhir/tools/StructureDefinition/ig-parameter"},{"extension":[{"url":"code","valueString":"show-inherited-invariants"},{"url":"value","valueString":"false"}],"url":"http://hl7.org/fhir/tools/StructureDefinition/ig-parameter"},{"extension":[{"url":"code","valueString":"autoload-resources"},{"url":"value","valueString":"true"}],"url":"http://hl7.org/fhir/tools/StructureDefinition/ig-parameter"},{"extension":[{"url":"code","valueString":"path-liquid"},{"url":"value","valueString":"template/liquid"}],"url":"http://hl7.org/fhir/tools/StructureDefinition/ig-parameter"},{"extension":[{"url":"code","valueString":"path-liquid"},{"url":"value","valueString":"input/liquid"}],"url":"http://hl7.org/fhir/tools/StructureDefinition/ig-parameter"},{"extension":[{"url":"code","valueString":"path-qa"},{"url":"value","valueString":"temp/qa"}],"url":"http://hl7.org/fhir/tools/StructureDefinition/ig-parameter"},{"extension":[{"url":"code","valueString":"path-temp"},{"url":"value","valueString":"temp/pages"}],"url":"http://hl7.org/fhir/tools/StructureDefinition/ig-parameter"},{"extension":[{"url":"code","valueString":"path-output"},{"url":"value","valueString":"output"}],"url":"http://hl7.org/fhir/tools/StructureDefinition/ig-parameter"},{"extension":[{"url":"code","valueString":"path-suppressed-warnings"},{"url":"value","valueString":"input/ignoreWarnings.txt"}],"url":"http://hl7.org/fhir/tools/StructureDefinition/ig-parameter"},{"extension":[{"url":"code","valueString":"path-history"},{"url":"value","valueString":"https://www.minsalud.gov.co/ihc/fhir/history.html"}],"url":"http://hl7.org/fhir/tools/StructureDefinition/ig-parameter"},{"extension":[{"url":"code","valueString":"template-html"},{"url":"value","valueString":"template-page.html"}],"url":"http://hl7.org/fhir/tools/StructureDefinition/ig-parameter"},{"extension":[{"url":"code","valueString":"template-md"},{"url":"value","valueString":"template-page-md.html"}],"url":"http://hl7.org/fhir/tools/StructureDefinition/ig-parameter"},{"extension":[{"url":"code","valueString":"apply-context"},{"url":"value","valueString":"true"}],"url":"http://hl7.org/fhir/tools/StructureDefinition/ig-parameter"},{"extension":[{"url":"code","valueString":"apply-copyright"},{"url":"value","valueString":"true"}],"url":"http://hl7.org/fhir/tools/StructureDefinition/ig-parameter"},{"extension":[{"url":"code","valueString":"apply-jurisdiction"},{"url":"value","valueString":"true"}],"url":"http://hl7.org/fhir/tools/StructureDefinition/ig-parameter"},{"extension":[{"url":"code","valueString":"apply-license"},{"url":"value","valueString":"true"}],"url":"http://hl7.org/fhir/tools/StructureDefinition/ig-parameter"},{"extension":[{"url":"code","valueString":"apply-version"},{"url":"value","valueString":"true"}],"url":"http://hl7.org/fhir/tools/StructureDefinition/ig-parameter"},{"extension":[{"url":"code","valueString":"apply-wg"},{"url":"value","valueString":"true"}],"url":"http://hl7.org/fhir/tools/StructureDefinition/ig-parameter"},{"extension":[{"url":"code","valueString":"active-tables"},{"url":"value","valueString":"true"}],"url":"http://hl7.org/fhir/tools/StructureDefinition/ig-parameter"},{"extension":[{"url":"code","valueString":"fmm-definition"},{"url":"value","valueString":"http://hl7.org/fhir/versions.html#maturity"}],"url":"http://hl7.org/fhir/tools/StructureDefinition/ig-parameter"},{"extension":[{"url":"code","valueString":"propagate-status"},{"url":"value","valueString":"true"}],"url":"http://hl7.org/fhir/tools/StructureDefinition/ig-parameter"},{"extension":[{"url":"code","valueString":"excludelogbinaryformat"},{"url":"value","valueString":"true"}],"url":"http://hl7.org/fhir/tools/StructureDefinition/ig-parameter"},{"extension":[{"url":"code","valueString":"tabbed-snapshots"},{"url":"value","valueString":"true"}],"url":"http://hl7.org/fhir/tools/StructureDefinition/ig-parameter"},{"url":"http://hl7.org/fhir/tools/StructureDefinition/ig-internal-dependency","valueCode":"hl7.fhir.uv.tools#0.1.0"},{"extension":[{"url":"code","valueCode":"copyrightyear"},{"url":"value","valueString":"2023+"}],"url":"http://hl7.org/fhir/tools/StructureDefinition/ig-parameter"},{"extension":[{"url":"code","valueCode":"releaselabel"},{"url":"value","valueString":"ci-build"}],"url":"http://hl7.org/fhir/tools/StructureDefinition/ig-parameter"},{"extension":[{"url":"code","valueCode":"apply-publisher"},{"url":"value","valueString":"true"}],"url":"http://hl7.org/fhir/tools/StructureDefinition/ig-parameter"},{"extension":[{"url":"code","valueCode":"apply-contact"},{"url":"value","valueString":"true"}],"url":"http://hl7.org/fhir/tools/StructureDefinition/ig-parameter"},{"extension":[{"url":"code","valueCode":"show-inherited-invariants"},{"url":"value","valueString":"false"}],"url":"http://hl7.org/fhir/tools/StructureDefinition/ig-parameter"},{"extension":[{"url":"code","valueCode":"autoload-resources"},{"url":"value","valueString":"true"}],"url":"http://hl7.org/fhir/tools/StructureDefinition/ig-parameter"},{"extension":[{"url":"code","valueCode":"path-liquid"},{"url":"value","valueString":"template/liquid"}],"url":"http://hl7.org/fhir/tools/StructureDefinition/ig-parameter"},{"extension":[{"url":"code","valueCode":"path-liquid"},{"url":"value","valueString":"input/liquid"}],"url":"http://hl7.org/fhir/tools/StructureDefinition/ig-parameter"},{"extension":[{"url":"code","valueCode":"path-qa"},{"url":"value","valueString":"temp/qa"}],"url":"http://hl7.org/fhir/tools/StructureDefinition/ig-parameter"},{"extension":[{"url":"code","valueCode":"path-temp"},{"url":"value","valueString":"temp/pages"}],"url":"http://hl7.org/fhir/tools/StructureDefinition/ig-parameter"},{"extension":[{"url":"code","valueCode":"path-output"},{"url":"value","valueString":"output"}],"url":"http://hl7.org/fhir/tools/StructureDefinition/ig-parameter"},{"extension":[{"url":"code","valueCode":"path-suppressed-warnings"},{"url":"value","valueString":"input/ignoreWarnings.txt"}],"url":"http://hl7.org/fhir/tools/StructureDefinition/ig-parameter"},{"extension":[{"url":"code","valueCode":"path-history"},{"url":"value","valueString":"https://www.minsalud.gov.co/ihc/fhir/history.html"}],"url":"http://hl7.org/fhir/tools/StructureDefinition/ig-parameter"},{"extension":[{"url":"code","valueCode":"template-html"},{"url":"value","valueString":"template-page.html"}],"url":"http://hl7.org/fhir/tools/StructureDefinition/ig-parameter"},{"extension":[{"url":"code","valueCode":"template-md"},{"url":"value","valueString":"template-page-md.html"}],"url":"http://hl7.org/fhir/tools/StructureDefinition/ig-parameter"},{"extension":[{"url":"code","valueCode":"apply-context"},{"url":"value","valueString":"true"}],"url":"http://hl7.org/fhir/tools/StructureDefinition/ig-parameter"},{"extension":[{"url":"code","valueCode":"apply-copyright"},{"url":"value","valueString":"true"}],"url":"http://hl7.org/fhir/tools/StructureDefinition/ig-parameter"},{"extension":[{"url":"code","valueCode":"apply-jurisdiction"},{"url":"value","valueString":"true"}],"url":"http://hl7.org/fhir/tools/StructureDefinition/ig-parameter"},{"extension":[{"url":"code","valueCode":"apply-license"},{"url":"value","valueString":"true"}],"url":"http://hl7.org/fhir/tools/StructureDefinition/ig-parameter"},{"extension":[{"url":"code","valueCode":"apply-version"},{"url":"value","valueString":"true"}],"url":"http://hl7.org/fhir/tools/StructureDefinition/ig-parameter"},{"extension":[{"url":"code","valueCode":"apply-wg"},{"url":"value","valueString":"true"}],"url":"http://hl7.org/fhir/tools/StructureDefinition/ig-parameter"},{"extension":[{"url":"code","valueCode":"active-tables"},{"url":"value","valueString":"true"}],"url":"http://hl7.org/fhir/tools/StructureDefinition/ig-parameter"},{"extension":[{"url":"code","valueCode":"fmm-definition"},{"url":"value","valueString":"http://hl7.org/fhir/versions.html#maturity"}],"url":"http://hl7.org/fhir/tools/StructureDefinition/ig-parameter"},{"extension":[{"url":"code","valueCode":"propagate-status"},{"url":"value","valueString":"true"}],"url":"http://hl7.org/fhir/tools/StructureDefinition/ig-parameter"},{"extension":[{"url":"code","valueCode":"excludelogbinaryformat"},{"url":"value","valueString":"true"}],"url":"http://hl7.org/fhir/tools/StructureDefinition/ig-parameter"},{"extension":[{"url":"code","valueCode":"tabbed-snapshots"},{"url":"value","valueString":"true"}],"url":"http://hl7.org/fhir/tools/StructureDefinition/ig-parameter"},{"extension":[{"url":"code","valueCode":"copyrightyear"},{"url":"value","valueString":"2023+"}],"url":"http://hl7.org/fhir/tools/StructureDefinition/ig-parameter"},{"extension":[{"url":"code","valueCode":"releaselabel"},{"url":"value","valueString":"ci-build"}],"url":"http://hl7.org/fhir/tools/StructureDefinition/ig-parameter"},{"extension":[{"url":"code","valueCode":"apply-publisher"},{"url":"value","valueString":"true"}],"url":"http://hl7.org/fhir/tools/StructureDefinition/ig-parameter"},{"extension":[{"url":"code","valueCode":"apply-contact"},{"url":"value","valueString":"true"}],"url":"http://hl7.org/fhir/tools/StructureDefinition/ig-parameter"},{"extension":[{"url":"code","valueCode":"show-inherited-invariants"},{"url":"value","valueString":"false"}],"url":"http://hl7.org/fhir/tools/StructureDefinition/ig-parameter"},{"extension":[{"url":"code","valueCode":"autoload-resources"},{"url":"value","valueString":"true"}],"url":"http://hl7.org/fhir/tools/StructureDefinition/ig-parameter"},{"extension":[{"url":"code","valueCode":"path-liquid"},{"url":"value","valueString":"template/liquid"}],"url":"http://hl7.org/fhir/tools/StructureDefinition/ig-parameter"},{"extension":[{"url":"code","valueCode":"path-liquid"},{"url":"value","valueString":"input/liquid"}],"url":"http://hl7.org/fhir/tools/StructureDefinition/ig-parameter"},{"extension":[{"url":"code","valueCode":"path-qa"},{"url":"value","valueString":"temp/qa"}],"url":"http://hl7.org/fhir/tools/StructureDefinition/ig-parameter"},{"extension":[{"url":"code","valueCode":"path-temp"},{"url":"value","valueString":"temp/pages"}],"url":"http://hl7.org/fhir/tools/StructureDefinition/ig-parameter"},{"extension":[{"url":"code","valueCode":"path-output"},{"url":"value","valueString":"output"}],"url":"http://hl7.org/fhir/tools/StructureDefinition/ig-parameter"},{"extension":[{"url":"code","valueCode":"path-suppressed-warnings"},{"url":"value","valueString":"input/ignoreWarnings.txt"}],"url":"http://hl7.org/fhir/tools/StructureDefinition/ig-parameter"},{"extension":[{"url":"code","valueCode":"path-history"},{"url":"value","valueString":"https://www.minsalud.gov.co/ihc/fhir/history.html"}],"url":"http://hl7.org/fhir/tools/StructureDefinition/ig-parameter"},{"extension":[{"url":"code","valueCode":"template-html"},{"url":"value","valueString":"template-page.html"}],"url":"http://hl7.org/fhir/tools/StructureDefinition/ig-parameter"},{"extension":[{"url":"code","valueCode":"template-md"},{"url":"value","valueString":"template-page-md.html"}],"url":"http://hl7.org/fhir/tools/StructureDefinition/ig-parameter"},{"extension":[{"url":"code","valueCode":"apply-context"},{"url":"value","valueString":"true"}],"url":"http://hl7.org/fhir/tools/StructureDefinition/ig-parameter"},{"extension":[{"url":"code","valueCode":"apply-copyright"},{"url":"value","valueString":"true"}],"url":"http://hl7.org/fhir/tools/StructureDefinition/ig-parameter"},{"extension":[{"url":"code","valueCode":"apply-jurisdiction"},{"url":"value","valueString":"true"}],"url":"http://hl7.org/fhir/tools/StructureDefinition/ig-parameter"},{"extension":[{"url":"code","valueCode":"apply-license"},{"url":"value","valueString":"true"}],"url":"http://hl7.org/fhir/tools/StructureDefinition/ig-parameter"},{"extension":[{"url":"code","valueCode":"apply-version"},{"url":"value","valueString":"true"}],"url":"http://hl7.org/fhir/tools/StructureDefinition/ig-parameter"},{"extension":[{"url":"code","valueCode":"apply-wg"},{"url":"value","valueString":"true"}],"url":"http://hl7.org/fhir/tools/StructureDefinition/ig-parameter"},{"extension":[{"url":"code","valueCode":"active-tables"},{"url":"value","valueString":"true"}],"url":"http://hl7.org/fhir/tools/StructureDefinition/ig-parameter"},{"extension":[{"url":"code","valueCode":"fmm-definition"},{"url":"value","valueString":"http://hl7.org/fhir/versions.html#maturity"}],"url":"http://hl7.org/fhir/tools/StructureDefinition/ig-parameter"},{"extension":[{"url":"code","valueCode":"propagate-status"},{"url":"value","valueString":"true"}],"url":"http://hl7.org/fhir/tools/StructureDefinition/ig-parameter"},{"extension":[{"url":"code","valueCode":"excludelogbinaryformat"},{"url":"value","valueString":"true"}],"url":"http://hl7.org/fhir/tools/StructureDefinition/ig-parameter"},{"extension":[{"url":"code","valueCode":"tabbed-snapshots"},{"url":"value","valueString":"true"}],"url":"http://hl7.org/fhir/tools/StructureDefinition/ig-parameter"}],"grouping":[{"id":"-dyn-searchparameter","name":"Behavior: Search Parameters","description":"These define the properties by which a RESTful server can be searched.  They can also be used for sorting and including related resources."},{"id":"-str-profile","name":"Structures: Resource Profiles","description":"These define constraints on FHIR resources for systems conforming to this implementation guide."},{"id":"-str-extension","name":"Structures: Extension Definitions","description":"These define constraints on FHIR data types for systems conforming to this implementation guide."},{"id":"-term-valueset","name":"Terminology: Value Sets","description":"These define sets of codes used by systems conforming to this implementation guide."},{"id":"-term-codesystem","name":"Terminology: Code Systems","description":"These define new code systems used by systems conforming to this implementation guide."},{"id":"-ex-example","name":"Example: Example Instances","description":"These are example instances that show what data produced and consumed by systems conforming with this implementation guide might look like."}],"resource":[{"extension":[{"url":"http://hl7.org/fhir/tools/StructureDefinition/resource-sort","valueInteger":999999999},{"url":"http://hl7.org/fhir/StructureDefinition/implementationguide-page","valueUri":"SearchParameter-identifier-country.html"}],"reference":{"reference":"SearchParameter/identifier-country"},"name":"identifier-country","description":"Busqueda de un Patient-Practitioner por el valor de la extension de pais","exampleBoolean":false,"groupingId":"-dyn-searchparameter"},{"extension":[{"url":"http://hl7.org/fhir/tools/StructureDefinition/resource-sort","valueInteger":999999999},{"url":"http://hl7.org/fhir/StructureDefinition/implementationguide-page","valueUri":"SearchParameter-identifier-type.html"}],"reference":{"reference":"SearchParameter/identifier-type"},"name":"identifier-type","description":"Busqueda de un Patient-Practitioner por el valor de identifier.type","exampleBoolean":false,"groupingId":"-dyn-searchparameter"},{"extension":[{"url":"http://hl7.org/fhir/tools/StructureDefinition/resource-sort","valueInteger":999999999},{"url":"http://hl7.org/fhir/StructureDefinition/implementationguide-page","valueUri":"StructureDefinition-AlergiaCo.html"}],"reference":{"reference":"StructureDefinition/AlergiaCo"},"name":"Alergias Co","exampleBoolean":false,"groupingId":"-str-profile"},{"extension":[{"url":"http://hl7.org/fhir/tools/StructureDefinition/resource-sort","valueInteger":999999999},{"url":"http://hl7.org/fhir/StructureDefinition/implementationguide-page","valueUri":"StructureDefinition-BundleCo.html"}],"reference":{"reference":"StructureDefinition/BundleCo"},"name":"Bundle Co","description":"Se describe como debe ser el recurso Bundle para transportar Document Reference, Composition -RDA-, Conditions.","exampleBoolean":false,"groupingId":"-str-profile"},{"extension":[{"url":"http://hl7.org/fhir/tools/StructureDefinition/resource-sort","valueInteger":999999999},{"url":"http://hl7.org/fhir/StructureDefinition/implementationguide-page","valueUri":"StructureDefinition-ConditionCo.html"}],"reference":{"reference":"StructureDefinition/ConditionCo"},"name":"Condition Co","exampleBoolean":false,"groupingId":"-str-profile"},{"extension":[{"url":"http://hl7.org/fhir/tools/StructureDefinition/resource-sort","valueInteger":999999999},{"url":"http://hl7.org/fhir/StructureDefinition/implementationguide-page","valueUri":"StructureDefinition-CompositionCo.html"}],"reference":{"reference":"StructureDefinition/CompositionCo"},"name":"Documento Co","description":"Definición de un documento clínico para las necesidades de interoperabilidad en Colombia.","exampleBoolean":false,"groupingId":"-str-profile"},{"extension":[{"url":"http://hl7.org/fhir/tools/StructureDefinition/resource-sort","valueInteger":999999999},{"url":"http://hl7.org/fhir/StructureDefinition/implementationguide-page","valueUri":"StructureDefinition-MedicationStatementCo.html"}],"reference":{"reference":"StructureDefinition/MedicationStatementCo"},"name":"Medication Statement Co","exampleBoolean":false,"groupingId":"-str-profile"},{"extension":[{"url":"http://hl7.org/fhir/tools/StructureDefinition/resource-sort","valueInteger":999999999},{"url":"http://hl7.org/fhir/StructureDefinition/implementationguide-page","valueUri":"StructureDefinition-OrganizacionCo.html"}],"reference":{"reference":"StructureDefinition/OrganizacionCo"},"name":"Organizacion Co","exampleBoolean":false,"groupingId":"-str-profile"},{"extension":[{"url":"http://hl7.org/fhir/tools/StructureDefinition/resource-sort","valueInteger":999999999},{"url":"http://hl7.org/fhir/StructureDefinition/implementationguide-page","valueUri":"StructureDefinition-PacienteCo.html"}],"reference":{"reference":"StructureDefinition/PacienteCo"},"name":"Paciente Co","exampleBoolean":false,"groupingId":"-str-profile"},{"extension":[{"url":"http://hl7.org/fhir/tools/StructureDefinition/resource-sort","valueInteger":999999999},{"url":"http://hl7.org/fhir/StructureDefinition/implementationguide-page","valueUri":"StructureDefinition-PractitionerCo.html"}],"reference":{"reference":"StructureDefinition/PractitionerCo"},"name":"Profesional Co","exampleBoolean":false,"groupingId":"-str-profile"},{"extension":[{"url":"http://hl7.org/fhir/tools/StructureDefinition/resource-sort","valueInteger":999999999},{"url":"http://hl7.org/fhir/StructureDefinition/implementationguide-page","valueUri":"StructureDefinition-DocumentReferenceCo.html"}],"reference":{"reference":"StructureDefinition/DocumentReferenceCo"},"name":"Referencia de Documentos","description":"Docuento utilizado para guardar referencias.","exampleBoolean":false,"groupingId":"-str-profile"},{"extension":[{"url":"http://hl7.org/fhir/tools/StructureDefinition/resource-sort","valueInteger":999999999},{"url":"http://hl7.org/fhir/StructureDefinition/implementationguide-page","valueUri":"StructureDefinition-co-patient-comunidadetnica.html"}],"reference":{"reference":"StructureDefinition/co-patient-comunidadetnica"},"name":"ComunidadEtnica","description":"Extension utilizada dentro del Paciente Co, para representar la comunidad etnica de una persona.","exampleBoolean":false,"groupingId":"-str-extension"},{"extension":[{"url":"http://hl7.org/fhir/tools/StructureDefinition/resource-sort","valueInteger":999999999},{"url":"http://hl7.org/fhir/StructureDefinition/implementationguide-page","valueUri":"StructureDefinition-co-patient-etnia.html"}],"reference":{"reference":"StructureDefinition/co-patient-etnia"},"name":"Etnia","description":"Extension utilizada entro del Patient para representar Etnia de una persona.","exampleBoolean":false,"groupingId":"-str-extension"},{"extension":[{"url":"http://hl7.org/fhir/tools/StructureDefinition/resource-sort","valueInteger":999999999},{"url":"http://hl7.org/fhir/StructureDefinition/implementationguide-page","valueUri":"StructureDefinition-co-patient-nacionalidad.html"}],"reference":{"reference":"StructureDefinition/co-patient-nacionalidad"},"name":"Nacionalidad","description":"Extensión utilizada para representar Nacionalidad.","exampleBoolean":false,"groupingId":"-str-extension"},{"extension":[{"url":"http://hl7.org/fhir/tools/StructureDefinition/resource-sort","valueInteger":999999999},{"url":"http://hl7.org/fhir/StructureDefinition/implementationguide-page","valueUri":"StructureDefinition-co-pais.html"}],"reference":{"reference":"StructureDefinition/co-pais"},"name":"Pais","description":"Extensión utilizada para representar Nacionalidad o Pais de origen del documento.","exampleBoolean":false,"groupingId":"-str-extension"},{"extension":[{"url":"http://hl7.org/fhir/tools/StructureDefinition/resource-sort","valueInteger":999999999},{"url":"http://hl7.org/fhir/StructureDefinition/implementationguide-page","valueUri":"StructureDefinition-co-AllergyIntolerance-tipo.html"}],"reference":{"reference":"StructureDefinition/co-AllergyIntolerance-tipo"},"name":"TipoAlergia","description":"Extensión utilizada para representar el tipo de la alergía.","exampleBoolean":false,"groupingId":"-str-extension"},{"extension":[{"url":"http://hl7.org/fhir/tools/StructureDefinition/resource-sort","valueInteger":999999999},{"url":"http://hl7.org/fhir/StructureDefinition/implementationguide-page","valueUri":"StructureDefinition-co-address-zonaResidencia.html"}],"reference":{"reference":"StructureDefinition/co-address-zonaResidencia"},"name":"ZonaResidencia","description":"Extension utilizada entro Patient -> Address representar, si la residencia es : Urbana o Rural.","exampleBoolean":false,"groupingId":"-str-extension"},{"extension":[{"url":"http://hl7.org/fhir/tools/StructureDefinition/resource-sort","valueInteger":999999999},{"url":"http://hl7.org/fhir/StructureDefinition/implementationguide-page","valueUri":"ValueSet-CIE10VS.html"}],"reference":{"reference":"ValueSet/CIE10VS"},"name":"Codificacion CIE10 ValueSet","description":"Conjunto de Valores de Codificacion CIE10","exampleBoolean":false,"groupingId":"-term-valueset"},{"extension":[{"url":"http://hl7.org/fhir/tools/StructureDefinition/resource-sort","valueInteger":999999999},{"url":"http://hl7.org/fhir/StructureDefinition/implementationguide-page","valueUri":"ValueSet-CUMSVS.html"}],"reference":{"reference":"ValueSet/CUMSVS"},"name":"Codificacion CUMS","description":"Conjunto de Valores de Codificacion CUMS","exampleBoolean":false,"groupingId":"-term-valueset"},{"extension":[{"url":"http://hl7.org/fhir/tools/StructureDefinition/resource-sort","valueInteger":999999999},{"url":"http://hl7.org/fhir/StructureDefinition/implementationguide-page","valueUri":"ValueSet-IUMVS.html"}],"reference":{"reference":"ValueSet/IUMVS"},"name":"Codificacion IUM","description":"Conjunto de Valores de Codificacion IUM","exampleBoolean":false,"groupingId":"-term-valueset"},{"extension":[{"url":"http://hl7.org/fhir/tools/StructureDefinition/resource-sort","valueInteger":999999999},{"url":"http://hl7.org/fhir/StructureDefinition/implementationguide-page","valueUri":"ValueSet-PaisesVS.html"}],"reference":{"reference":"ValueSet/PaisesVS"},"name":"Códigos del País","description":"Codigos definidos para la identificación de países segun norma ISO3166-N","exampleBoolean":false,"groupingId":"-term-valueset"},{"extension":[{"url":"http://hl7.org/fhir/tools/StructureDefinition/resource-sort","valueInteger":999999999},{"url":"http://hl7.org/fhir/StructureDefinition/implementationguide-page","valueUri":"ValueSet-DiscapacidadVS.html"}],"reference":{"reference":"ValueSet/DiscapacidadVS"},"name":"Discapacidad","description":"Códigos de Discapacidad","exampleBoolean":false,"groupingId":"-term-valueset"},{"extension":[{"url":"http://hl7.org/fhir/tools/StructureDefinition/resource-sort","valueInteger":999999999},{"url":"http://hl7.org/fhir/StructureDefinition/implementationguide-page","valueUri":"ValueSet-EtniaVS.html"}],"reference":{"reference":"ValueSet/EtniaVS"},"name":"Etnia","description":"Conjunto de valores para la Etnia.","exampleBoolean":false,"groupingId":"-term-valueset"},{"extension":[{"url":"http://hl7.org/fhir/tools/StructureDefinition/resource-sort","valueInteger":999999999},{"url":"http://hl7.org/fhir/StructureDefinition/implementationguide-page","valueUri":"ValueSet-IdentidadGeneroVS.html"}],"reference":{"reference":"ValueSet/IdentidadGeneroVS"},"name":"Identidad de Genero","description":"Conjunto de Valores para identidad de Género.","exampleBoolean":false,"groupingId":"-term-valueset"},{"extension":[{"url":"http://hl7.org/fhir/tools/StructureDefinition/resource-sort","valueInteger":999999999},{"url":"http://hl7.org/fhir/StructureDefinition/implementationguide-page","valueUri":"ValueSet-IdentificadoresPersonaVS.html"}],"reference":{"reference":"ValueSet/IdentificadoresPersonaVS"},"name":"Identificadores de Persona","description":"Identificadores de Persona Colombia.","exampleBoolean":false,"groupingId":"-term-valueset"},{"extension":[{"url":"http://hl7.org/fhir/tools/StructureDefinition/resource-sort","valueInteger":999999999},{"url":"http://hl7.org/fhir/StructureDefinition/implementationguide-page","valueUri":"ValueSet-IdentificadoresProfesionalVS.html"}],"reference":{"reference":"ValueSet/IdentificadoresProfesionalVS"},"name":"Identificadores de Profesional","description":"Identificadores de Profesional Colombia.","exampleBoolean":false,"groupingId":"-term-valueset"},{"extension":[{"url":"http://hl7.org/fhir/tools/StructureDefinition/resource-sort","valueInteger":999999999},{"url":"http://hl7.org/fhir/StructureDefinition/implementationguide-page","valueUri":"ValueSet-AlergiasVS.html"}],"reference":{"reference":"ValueSet/AlergiasVS"},"name":"Tipo Alergia","description":"Tipo Alergia","exampleBoolean":false,"groupingId":"-term-valueset"},{"extension":[{"url":"http://hl7.org/fhir/tools/StructureDefinition/resource-sort","valueInteger":999999999},{"url":"http://hl7.org/fhir/StructureDefinition/implementationguide-page","valueUri":"ValueSet-ZonaResidenciaVS.html"}],"reference":{"reference":"ValueSet/ZonaResidenciaVS"},"name":"Zona de residencia","description":"Conjunto de valores para la zona de residencia.","exampleBoolean":false,"groupingId":"-term-valueset"},{"extension":[{"url":"http://hl7.org/fhir/tools/StructureDefinition/resource-sort","valueInteger":999999999},{"url":"http://hl7.org/fhir/StructureDefinition/implementationguide-page","valueUri":"CodeSystem-PaisesCS.html"}],"reference":{"reference":"CodeSystem/PaisesCS"},"name":"Códigos del País CS","description":"Codigos definidos para la identificación de países segun norma ISO3166-N","exampleBoolean":false,"groupingId":"-term-codesystem"},{"extension":[{"url":"http://hl7.org/fhir/tools/StructureDefinition/resource-sort","valueInteger":999999999},{"url":"http://hl7.org/fhir/StructureDefinition/implementationguide-page","valueUri":"CodeSystem-DiscapacidadCS.html"}],"reference":{"reference":"CodeSystem/DiscapacidadCS"},"name":"Discapacidad","description":"Identificador para determinar la categoría de discapacidad de\r\nacuerdo con el dominio o dominios donde se presente la deficiencia o deficiencias corporales del solicitante","exampleBoolean":false,"groupingId":"-term-codesystem"},{"extension":[{"url":"http://hl7.org/fhir/tools/StructureDefinition/resource-sort","valueInteger":999999999},{"url":"http://hl7.org/fhir/StructureDefinition/implementationguide-page","valueUri":"CodeSystem-EtniaCS.html"}],"reference":{"reference":"CodeSystem/EtniaCS"},"name":"Etnia","description":"Identificador para determinar la pertenencia étnica de la persona.","exampleBoolean":false,"groupingId":"-term-codesystem"},{"extension":[{"url":"http://hl7.org/fhir/tools/StructureDefinition/resource-sort","valueInteger":999999999},{"url":"http://hl7.org/fhir/StructureDefinition/implementationguide-page","valueUri":"CodeSystem-IdentidadGeneroCS.html"}],"reference":{"reference":"CodeSystem/IdentidadGeneroCS"},"name":"Identidad de genero","description":"Identidad de Género.","exampleBoolean":false,"groupingId":"-term-codesystem"},{"extension":[{"url":"http://hl7.org/fhir/tools/StructureDefinition/resource-sort","valueInteger":999999999},{"url":"http://hl7.org/fhir/StructureDefinition/implementationguide-page","valueUri":"CodeSystem-IdspersonaColombia.html"}],"reference":{"reference":"CodeSystem/IdspersonaColombia"},"name":"Identificadores de Persona","description":"Elemento de dato que contiene el nombre y número de identificación de una determinada persona para efectos de identidad e individualización","exampleBoolean":false,"groupingId":"-term-codesystem"},{"extension":[{"url":"http://hl7.org/fhir/tools/StructureDefinition/resource-sort","valueInteger":999999999},{"url":"http://hl7.org/fhir/StructureDefinition/implementationguide-page","valueUri":"CodeSystem-AlergiasCS.html"}],"reference":{"reference":"CodeSystem/AlergiasCS"},"name":"Tipo Alergia","description":"Antecedente de Alergia","exampleBoolean":false,"groupingId":"-term-codesystem"},{"extension":[{"url":"http://hl7.org/fhir/tools/StructureDefinition/resource-sort","valueInteger":999999999},{"url":"http://hl7.org/fhir/StructureDefinition/implementationguide-page","valueUri":"CodeSystem-ZonaResidenciaCS.html"}],"reference":{"reference":"CodeSystem/ZonaResidenciaCS"},"name":"Zona de residencia","description":"Identificador para representar la Zona.","exampleBoolean":false,"groupingId":"-term-codesystem"},{"extension":[{"url":"http://hl7.org/fhir/tools/StructureDefinition/resource-sort","valueInteger":999999999},{"url":"http://hl7.org/fhir/StructureDefinition/implementationguide-page","valueUri":"AllergyIntolerance-AlergiaColombia.html"}],"reference":{"reference":"AllergyIntolerance/AlergiaColombia"},"name":"AlergiaColombia","exampleCanonical":"https://www.minsalud.gov.co/ihc/fhir/StructureDefinition/AlergiaCo","groupingId":"-ex-example"},{"extension":[{"url":"http://hl7.org/fhir/tools/StructureDefinition/resource-sort","valueInteger":999999999},{"url":"http://hl7.org/fhir/StructureDefinition/implementationguide-page","valueUri":"AllergyIntolerance-AlergiaColombia2.html"}],"reference":{"reference":"AllergyIntolerance/AlergiaColombia2"},"name":"AlergiaColombia2","exampleCanonical":"https://www.minsalud.gov.co/ihc/fhir/StructureDefinition/AlergiaCo","groupingId":"-ex-example"},{"extension":[{"url":"http://hl7.org/fhir/tools/StructureDefinition/resource-sort","valueInteger":999999999},{"url":"http://hl7.org/fhir/StructureDefinition/implementationguide-page","valueUri":"AllergyIntolerance-AlergiaColombia3.html"}],"reference":{"reference":"AllergyIntolerance/AlergiaColombia3"},"name":"AlergiaColombia3","exampleCanonical":"https://www.minsalud.gov.co/ihc/fhir/StructureDefinition/AlergiaCo","groupingId":"-ex-example"},{"extension":[{"url":"http://hl7.org/fhir/tools/StructureDefinition/resource-sort","valueInteger":999999999},{"url":"http://hl7.org/fhir/StructureDefinition/implementationguide-page","valueUri":"Bundle-BundleColombiaCo.html"}],"reference":{"reference":"Bundle/BundleColombiaCo"},"name":"Bundle Colombiano","description":"Ejemplo de Bundle","exampleCanonical":"https://www.minsalud.gov.co/ihc/fhir/StructureDefinition/BundleCo","groupingId":"-ex-example"},{"extension":[{"url":"http://hl7.org/fhir/tools/StructureDefinition/resource-sort","valueInteger":999999999},{"url":"http://hl7.org/fhir/StructureDefinition/implementationguide-page","valueUri":"Bundle-BundleColombiaCo2.html"}],"reference":{"reference":"Bundle/BundleColombiaCo2"},"name":"Bundle Colombiano2","description":"Ejemplo de Bundle","exampleCanonical":"https://www.minsalud.gov.co/ihc/fhir/StructureDefinition/BundleCo","groupingId":"-ex-example"},{"extension":[{"url":"http://hl7.org/fhir/tools/StructureDefinition/resource-sort","valueInteger":999999999},{"url":"http://hl7.org/fhir/StructureDefinition/implementationguide-page","valueUri":"Condition-ConditionColombia.html"}],"reference":{"reference":"Condition/ConditionColombia"},"name":"ConditionColombia","description":"Ejemplo de Condición/Antecedente de Paciente.","exampleCanonical":"https://www.minsalud.gov.co/ihc/fhir/StructureDefinition/ConditionCo","groupingId":"-ex-example"},{"extension":[{"url":"http://hl7.org/fhir/tools/StructureDefinition/resource-sort","valueInteger":999999999},{"url":"http://hl7.org/fhir/StructureDefinition/implementationguide-page","valueUri":"Condition-ConditionColombia2.html"}],"reference":{"reference":"Condition/ConditionColombia2"},"name":"ConditionColombia2","description":"Ejemplo de Condición/Antecedente 2 de Paciente.","exampleCanonical":"https://www.minsalud.gov.co/ihc/fhir/StructureDefinition/ConditionCo","groupingId":"-ex-example"},{"extension":[{"url":"http://hl7.org/fhir/tools/StructureDefinition/resource-sort","valueInteger":999999999},{"url":"http://hl7.org/fhir/StructureDefinition/implementationguide-page","valueUri":"DocumentReference-DocumentReferenceColombia.html"}],"reference":{"reference":"DocumentReference/DocumentReferenceColombia"},"name":"DocumentReferenceColombia","exampleCanonical":"https://www.minsalud.gov.co/ihc/fhir/StructureDefinition/DocumentReferenceCo","groupingId":"-ex-example"},{"extension":[{"url":"http://hl7.org/fhir/tools/StructureDefinition/resource-sort","valueInteger":999999999},{"url":"http://hl7.org/fhir/StructureDefinition/implementationguide-page","valueUri":"DocumentReference-DocumentReferenceColombia2.html"}],"reference":{"reference":"DocumentReference/DocumentReferenceColombia2"},"name":"DocumentReferenceColombia2","exampleCanonical":"https://www.minsalud.gov.co/ihc/fhir/StructureDefinition/DocumentReferenceCo","groupingId":"-ex-example"},{"extension":[{"url":"http://hl7.org/fhir/tools/StructureDefinition/resource-sort","valueInteger":999999999},{"url":"http://hl7.org/fhir/StructureDefinition/implementationguide-page","valueUri":"MedicationStatement-MedicationStatementColombia.html"}],"reference":{"reference":"MedicationStatement/MedicationStatementColombia"},"name":"MedicationStatementColombia","description":"Ejemplo de MedicationStatement/MedicaciónPaciente.","exampleCanonical":"https://www.minsalud.gov.co/ihc/fhir/StructureDefinition/MedicationStatementCo","groupingId":"-ex-example"},{"extension":[{"url":"http://hl7.org/fhir/tools/StructureDefinition/resource-sort","valueInteger":999999999},{"url":"http://hl7.org/fhir/StructureDefinition/implementationguide-page","valueUri":"MedicationStatement-MedicationStatementColombia2.html"}],"reference":{"reference":"MedicationStatement/MedicationStatementColombia2"},"name":"MedicationStatementColombia2","description":"Ejemplo de MedicationStatement/MedicaciónPaciente 2.","exampleCanonical":"https://www.minsalud.gov.co/ihc/fhir/StructureDefinition/MedicationStatementCo","groupingId":"-ex-example"},{"extension":[{"url":"http://hl7.org/fhir/tools/StructureDefinition/resource-sort","valueInteger":999999999},{"url":"http://hl7.org/fhir/StructureDefinition/implementationguide-page","valueUri":"Organization-OrganizacionPrestadorEjemplo2.html"}],"reference":{"reference":"Organization/OrganizacionPrestadorEjemplo2"},"name":"Organización Prestadora de Salud","description":"Organización Prestadora de Salud.","exampleCanonical":"https://www.minsalud.gov.co/ihc/fhir/StructureDefinition/OrganizacionCo","groupingId":"-ex-example"},{"extension":[{"url":"http://hl7.org/fhir/tools/StructureDefinition/resource-sort","valueInteger":999999999},{"url":"http://hl7.org/fhir/StructureDefinition/implementationguide-page","valueUri":"Organization-OrganizacionRegionEjemplo.html"}],"reference":{"reference":"Organization/OrganizacionRegionEjemplo"},"name":"Organización Región","description":"Organización Región de Salud.","exampleCanonical":"https://www.minsalud.gov.co/ihc/fhir/StructureDefinition/OrganizacionCo","groupingId":"-ex-example"},{"extension":[{"url":"http://hl7.org/fhir/tools/StructureDefinition/resource-sort","valueInteger":999999999},{"url":"http://hl7.org/fhir/StructureDefinition/implementationguide-page","valueUri":"Patient-PacienteColombiano.html"}],"reference":{"reference":"Patient/PacienteColombiano"},"name":"PacienteColombiano","description":"Ejemplo Completo de paciente Colombiano.","exampleCanonical":"https://www.minsalud.gov.co/ihc/fhir/StructureDefinition/PacienteCo","groupingId":"-ex-example"},{"extension":[{"url":"http://hl7.org/fhir/tools/StructureDefinition/resource-sort","valueInteger":999999999},{"url":"http://hl7.org/fhir/StructureDefinition/implementationguide-page","valueUri":"Patient-PacienteColombianoCompleto.html"}],"reference":{"reference":"Patient/PacienteColombianoCompleto"},"name":"PacienteColombianoCompleto","description":"Ejemplo Completo de paciente Colombiano.","exampleCanonical":"https://www.minsalud.gov.co/ihc/fhir/StructureDefinition/PacienteCo","groupingId":"-ex-example"},{"extension":[{"url":"http://hl7.org/fhir/tools/StructureDefinition/resource-sort","valueInteger":999999999},{"url":"http://hl7.org/fhir/StructureDefinition/implementationguide-page","valueUri":"Patient-PacienteColombianoMinimo.html"}],"reference":{"reference":"Patient/PacienteColombianoMinimo"},"name":"PacienteColombianoMinimo","description":"Ejemplo de Paciente Mínimo.","exampleCanonical":"https://www.minsalud.gov.co/ihc/fhir/StructureDefinition/PacienteCo","groupingId":"-ex-example"},{"extension":[{"url":"http://hl7.org/fhir/tools/StructureDefinition/resource-sort","valueInteger":999999999},{"url":"http://hl7.org/fhir/StructureDefinition/implementationguide-page","valueUri":"Practitioner-ProfesionalColombia.html"}],"reference":{"reference":"Practitioner/ProfesionalColombia"},"name":"ProfesionalColombia","description":"Ejemplo de Profesional Colombiano.","exampleCanonical":"https://www.minsalud.gov.co/ihc/fhir/StructureDefinition/PractitionerCo","groupingId":"-ex-example"},{"extension":[{"url":"http://hl7.org/fhir/tools/StructureDefinition/resource-sort","valueInteger":999999999},{"url":"http://hl7.org/fhir/StructureDefinition/implementationguide-page","valueUri":"Practitioner-ProfesionalColombia2.html"}],"reference":{"reference":"Practitioner/ProfesionalColombia2"},"name":"ProfesionalColombia2","description":"Ejemplo de Profesional Colombiano.","exampleCanonical":"https://www.minsalud.gov.co/ihc/fhir/StructureDefinition/PractitionerCo","groupingId":"-ex-example"},{"extension":[{"url":"http://hl7.org/fhir/tools/StructureDefinition/resource-sort","valueInteger":999999999},{"url":"http://hl7.org/fhir/StructureDefinition/implementationguide-page","valueUri":"Composition-CompositionColombia.html"}],"reference":{"reference":"Composition/CompositionColombia"},"name":"Resumen de Paciente Colombia","description":"Ejemplo de Documento RDA Colombiano.","exampleCanonical":"https://www.minsalud.gov.co/ihc/fhir/StructureDefinition/CompositionCo","groupingId":"-ex-example"},{"extension":[{"url":"http://hl7.org/fhir/tools/StructureDefinition/resource-sort","valueInteger":999999999},{"url":"http://hl7.org/fhir/StructureDefinition/implementationguide-page","valueUri":"Composition-CompositionColombia2.html"}],"reference":{"reference":"Composition/CompositionColombia2"},"name":"Resumen de Paciente Colombia","description":"Ejemplo de Documento RDA Colombiano.","exampleCanonical":"https://www.minsalud.gov.co/ihc/fhir/StructureDefinition/CompositionCo","groupingId":"-ex-example"}],"page":{"extension":[{"url":"http://hl7.org/fhir/tools/StructureDefinition/ig-page-name","valueUrl":"toc.html"}],"nameUrl":"toc.html","title":"Table of Contents","generation":"html","page":[{"extension":[{"url":"http://hl7.org/fhir/tools/StructureDefinition/ig-page-name","valueUrl":"index.html"}],"nameUrl":"index.html","title":"Home","generation":"markdown"},{"extension":[{"url":"http://hl7.org/fhir/tools/StructureDefinition/ig-page-name","valueUrl":"Aspectos-Generales.html"}],"nameUrl":"Aspectos-Generales.html","title":"Aspectos Generales","generation":"markdown"},{"extension":[{"url":"http://hl7.org/fhir/tools/StructureDefinition/ig-page-name","valueUrl":"rda.html"}],"nameUrl":"rda.html","title":"Rda","generation":"markdown"},{"extension":[{"url":"http://hl7.org/fhir/tools/StructureDefinition/ig-page-name","valueUrl":"terminologia.html"}],"nameUrl":"terminologia.html","title":"Terminologia","generation":"markdown"},{"extension":[{"url":"http://hl7.org/fhir/tools/StructureDefinition/ig-page-name","valueUrl":"transacciones.html"}],"nameUrl":"transacciones.html","title":"Transacciones","generation":"markdown"},{"extension":[{"url":"http://hl7.org/fhir/tools/StructureDefinition/ig-page-name","valueUrl":"versiones.html"}],"nameUrl":"versiones.html","title":"Versiones","generation":"markdown"},{"extension":[{"url":"http://hl7.org/fhir/tools/StructureDefinition/ig-page-name","valueUrl":"artifacts.html"}],"nameUrl":"artifacts.html","title":"Artifacts Summary","generation":"html","page":[{"extension":[{"url":"http://hl7.org/fhir/tools/StructureDefinition/ig-page-name","valueUrl":"SearchParameter-identifier-country.html"}],"nameUrl":"SearchParameter-identifier-country.html","title":"identifier-country","generation":"generated"},{"extension":[{"url":"http://hl7.org/fhir/tools/StructureDefinition/ig-page-name","valueUrl":"SearchParameter-identifier-type.html"}],"nameUrl":"SearchParameter-identifier-type.html","title":"identifier-type","generation":"generated"},{"extension":[{"url":"http://hl7.org/fhir/tools/StructureDefinition/ig-page-name","valueUrl":"StructureDefinition-AlergiaCo.html"}],"nameUrl":"StructureDefinition-AlergiaCo.html","title":"Alergias Co","generation":"generated"},{"extension":[{"url":"http://hl7.org/fhir/tools/StructureDefinition/ig-page-name","valueUrl":"StructureDefinition-BundleCo.html"}],"nameUrl":"StructureDefinition-BundleCo.html","title":"Bundle Co","generation":"generated"},{"extension":[{"url":"http://hl7.org/fhir/tools/StructureDefinition/ig-page-name","valueUrl":"StructureDefinition-ConditionCo.html"}],"nameUrl":"StructureDefinition-ConditionCo.html","title":"Condition Co","generation":"generated"},{"extension":[{"url":"http://hl7.org/fhir/tools/StructureDefinition/ig-page-name","valueUrl":"StructureDefinition-CompositionCo.html"}],"nameUrl":"StructureDefinition-CompositionCo.html","title":"Documento Co","generation":"generated"},{"extension":[{"url":"http://hl7.org/fhir/tools/StructureDefinition/ig-page-name","valueUrl":"StructureDefinition-MedicationStatementCo.html"}],"nameUrl":"StructureDefinition-MedicationStatementCo.html","title":"Medication Statement Co","generation":"generated"},{"extension":[{"url":"http://hl7.org/fhir/tools/StructureDefinition/ig-page-name","valueUrl":"StructureDefinition-OrganizacionCo.html"}],"nameUrl":"StructureDefinition-OrganizacionCo.html","title":"Organizacion Co","generation":"generated"},{"extension":[{"url":"http://hl7.org/fhir/tools/StructureDefinition/ig-page-name","valueUrl":"StructureDefinition-PacienteCo.html"}],"nameUrl":"StructureDefinition-PacienteCo.html","title":"Paciente Co","generation":"generated"},{"extension":[{"url":"http://hl7.org/fhir/tools/StructureDefinition/ig-page-name","valueUrl":"StructureDefinition-PractitionerCo.html"}],"nameUrl":"StructureDefinition-PractitionerCo.html","title":"Profesional Co","generation":"generated"},{"extension":[{"url":"http://hl7.org/fhir/tools/StructureDefinition/ig-page-name","valueUrl":"StructureDefinition-DocumentReferenceCo.html"}],"nameUrl":"StructureDefinition-DocumentReferenceCo.html","title":"Referencia de Documentos","generation":"generated"},{"extension":[{"url":"http://hl7.org/fhir/tools/StructureDefinition/ig-page-name","valueUrl":"StructureDefinition-co-patient-comunidadetnica.html"}],"nameUrl":"StructureDefinition-co-patient-comunidadetnica.html","title":"ComunidadEtnica","generation":"generated"},{"extension":[{"url":"http://hl7.org/fhir/tools/StructureDefinition/ig-page-name","valueUrl":"StructureDefinition-co-patient-etnia.html"}],"nameUrl":"StructureDefinition-co-patient-etnia.html","title":"Etnia","generation":"generated"},{"extension":[{"url":"http://hl7.org/fhir/tools/StructureDefinition/ig-page-name","valueUrl":"StructureDefinition-co-patient-nacionalidad.html"}],"nameUrl":"StructureDefinition-co-patient-nacionalidad.html","title":"Nacionalidad","generation":"generated"},{"extension":[{"url":"http://hl7.org/fhir/tools/StructureDefinition/ig-page-name","valueUrl":"StructureDefinition-co-pais.html"}],"nameUrl":"StructureDefinition-co-pais.html","title":"Pais","generation":"generated"},{"extension":[{"url":"http://hl7.org/fhir/tools/StructureDefinition/ig-page-name","valueUrl":"StructureDefinition-co-AllergyIntolerance-tipo.html"}],"nameUrl":"StructureDefinition-co-AllergyIntolerance-tipo.html","title":"TipoAlergia","generation":"generated"},{"extension":[{"url":"http://hl7.org/fhir/tools/StructureDefinition/ig-page-name","valueUrl":"StructureDefinition-co-address-zonaResidencia.html"}],"nameUrl":"StructureDefinition-co-address-zonaResidencia.html","title":"ZonaResidencia","generation":"generated"},{"extension":[{"url":"http://hl7.org/fhir/tools/StructureDefinition/ig-page-name","valueUrl":"ValueSet-CIE10VS.html"}],"nameUrl":"ValueSet-CIE10VS.html","title":"Codificacion CIE10 ValueSet","generation":"generated"},{"extension":[{"url":"http://hl7.org/fhir/tools/StructureDefinition/ig-page-name","valueUrl":"ValueSet-CUMSVS.html"}],"nameUrl":"ValueSet-CUMSVS.html","title":"Codificacion CUMS","generation":"generated"},{"extension":[{"url":"http://hl7.org/fhir/tools/StructureDefinition/ig-page-name","valueUrl":"ValueSet-IUMVS.html"}],"nameUrl":"ValueSet-IUMVS.html","title":"Codificacion IUM","generation":"generated"},{"extension":[{"url":"http://hl7.org/fhir/tools/StructureDefinition/ig-page-name","valueUrl":"ValueSet-PaisesVS.html"}],"nameUrl":"ValueSet-PaisesVS.html","title":"Códigos del País","generation":"generated"},{"extension":[{"url":"http://hl7.org/fhir/tools/StructureDefinition/ig-page-name","valueUrl":"ValueSet-DiscapacidadVS.html"}],"nameUrl":"ValueSet-DiscapacidadVS.html","title":"Discapacidad","generation":"generated"},{"extension":[{"url":"http://hl7.org/fhir/tools/StructureDefinition/ig-page-name","valueUrl":"ValueSet-EtniaVS.html"}],"nameUrl":"ValueSet-EtniaVS.html","title":"Etnia","generation":"generated"},{"extension":[{"url":"http://hl7.org/fhir/tools/StructureDefinition/ig-page-name","valueUrl":"ValueSet-IdentidadGeneroVS.html"}],"nameUrl":"ValueSet-IdentidadGeneroVS.html","title":"Identidad de Genero","generation":"generated"},{"extension":[{"url":"http://hl7.org/fhir/tools/StructureDefinition/ig-page-name","valueUrl":"ValueSet-IdentificadoresPersonaVS.html"}],"nameUrl":"ValueSet-IdentificadoresPersonaVS.html","title":"Identificadores de Persona","generation":"generated"},{"extension":[{"url":"http://hl7.org/fhir/tools/StructureDefinition/ig-page-name","valueUrl":"ValueSet-IdentificadoresProfesionalVS.html"}],"nameUrl":"ValueSet-IdentificadoresProfesionalVS.html","title":"Identificadores de Profesional","generation":"generated"},{"extension":[{"url":"http://hl7.org/fhir/tools/StructureDefinition/ig-page-name","valueUrl":"ValueSet-AlergiasVS.html"}],"nameUrl":"ValueSet-AlergiasVS.html","title":"Tipo Alergia","generation":"generated"},{"extension":[{"url":"http://hl7.org/fhir/tools/StructureDefinition/ig-page-name","valueUrl":"ValueSet-ZonaResidenciaVS.html"}],"nameUrl":"ValueSet-ZonaResidenciaVS.html","title":"Zona de residencia","generation":"generated"},{"extension":[{"url":"http://hl7.org/fhir/tools/StructureDefinition/ig-page-name","valueUrl":"CodeSystem-PaisesCS.html"}],"nameUrl":"CodeSystem-PaisesCS.html","title":"Códigos del País CS","generation":"generated"},{"extension":[{"url":"http://hl7.org/fhir/tools/StructureDefinition/ig-page-name","valueUrl":"CodeSystem-DiscapacidadCS.html"}],"nameUrl":"CodeSystem-DiscapacidadCS.html","title":"Discapacidad","generation":"generated"},{"extension":[{"url":"http://hl7.org/fhir/tools/StructureDefinition/ig-page-name","valueUrl":"CodeSystem-EtniaCS.html"}],"nameUrl":"CodeSystem-EtniaCS.html","title":"Etnia","generation":"generated"},{"extension":[{"url":"http://hl7.org/fhir/tools/StructureDefinition/ig-page-name","valueUrl":"CodeSystem-IdentidadGeneroCS.html"}],"nameUrl":"CodeSystem-IdentidadGeneroCS.html","title":"Identidad de genero","generation":"generated"},{"extension":[{"url":"http://hl7.org/fhir/tools/StructureDefinition/ig-page-name","valueUrl":"CodeSystem-IdspersonaColombia.html"}],"nameUrl":"CodeSystem-IdspersonaColombia.html","title":"Identificadores de Persona","generation":"generated"},{"extension":[{"url":"http://hl7.org/fhir/tools/StructureDefinition/ig-page-name","valueUrl":"CodeSystem-AlergiasCS.html"}],"nameUrl":"CodeSystem-AlergiasCS.html","title":"Tipo Alergia","generation":"generated"},{"extension":[{"url":"http://hl7.org/fhir/tools/StructureDefinition/ig-page-name","valueUrl":"CodeSystem-ZonaResidenciaCS.html"}],"nameUrl":"CodeSystem-ZonaResidenciaCS.html","title":"Zona de residencia","generation":"generated"},{"extension":[{"url":"http://hl7.org/fhir/tools/StructureDefinition/ig-page-name","valueUrl":"AllergyIntolerance-AlergiaColombia.html"}],"nameUrl":"AllergyIntolerance-AlergiaColombia.html","title":"AlergiaColombia","generation":"generated"},{"extension":[{"url":"http://hl7.org/fhir/tools/StructureDefinition/ig-page-name","valueUrl":"AllergyIntolerance-AlergiaColombia2.html"}],"nameUrl":"AllergyIntolerance-AlergiaColombia2.html","title":"AlergiaColombia2","generation":"generated"},{"extension":[{"url":"http://hl7.org/fhir/tools/StructureDefinition/ig-page-name","valueUrl":"AllergyIntolerance-AlergiaColombia3.html"}],"nameUrl":"AllergyIntolerance-AlergiaColombia3.html","title":"AlergiaColombia3","generation":"generated"},{"extension":[{"url":"http://hl7.org/fhir/tools/StructureDefinition/ig-page-name","valueUrl":"Bundle-BundleColombiaCo.html"}],"nameUrl":"Bundle-BundleColombiaCo.html","title":"Bundle Colombiano","generation":"generated"},{"extension":[{"url":"http://hl7.org/fhir/tools/StructureDefinition/ig-page-name","valueUrl":"Bundle-BundleColombiaCo2.html"}],"nameUrl":"Bundle-BundleColombiaCo2.html","title":"Bundle Colombiano2","generation":"generated"},{"extension":[{"url":"http://hl7.org/fhir/tools/StructureDefinition/ig-page-name","valueUrl":"Condition-ConditionColombia.html"}],"nameUrl":"Condition-ConditionColombia.html","title":"ConditionColombia","generation":"generated"},{"extension":[{"url":"http://hl7.org/fhir/tools/StructureDefinition/ig-page-name","valueUrl":"Condition-ConditionColombia2.html"}],"nameUrl":"Condition-ConditionColombia2.html","title":"ConditionColombia2","generation":"generated"},{"extension":[{"url":"http://hl7.org/fhir/tools/StructureDefinition/ig-page-name","valueUrl":"DocumentReference-DocumentReferenceColombia.html"}],"nameUrl":"DocumentReference-DocumentReferenceColombia.html","title":"DocumentReferenceColombia","generation":"generated"},{"extension":[{"url":"http://hl7.org/fhir/tools/StructureDefinition/ig-page-name","valueUrl":"DocumentReference-DocumentReferenceColombia2.html"}],"nameUrl":"DocumentReference-DocumentReferenceColombia2.html","title":"DocumentReferenceColombia2","generation":"generated"},{"extension":[{"url":"http://hl7.org/fhir/tools/StructureDefinition/ig-page-name","valueUrl":"MedicationStatement-MedicationStatementColombia.html"}],"nameUrl":"MedicationStatement-MedicationStatementColombia.html","title":"MedicationStatementColombia","generation":"generated"},{"extension":[{"url":"http://hl7.org/fhir/tools/StructureDefinition/ig-page-name","valueUrl":"MedicationStatement-MedicationStatementColombia2.html"}],"nameUrl":"MedicationStatement-MedicationStatementColombia2.html","title":"MedicationStatementColombia2","generation":"generated"},{"extension":[{"url":"http://hl7.org/fhir/tools/StructureDefinition/ig-page-name","valueUrl":"Organization-OrganizacionPrestadorEjemplo2.html"}],"nameUrl":"Organization-OrganizacionPrestadorEjemplo2.html","title":"Organización Prestadora de Salud","generation":"generated"},{"extension":[{"url":"http://hl7.org/fhir/tools/StructureDefinition/ig-page-name","valueUrl":"Organization-OrganizacionRegionEjemplo.html"}],"nameUrl":"Organization-OrganizacionRegionEjemplo.html","title":"Organización Región","generation":"generated"},{"extension":[{"url":"http://hl7.org/fhir/tools/StructureDefinition/ig-page-name","valueUrl":"Patient-PacienteColombiano.html"}],"nameUrl":"Patient-PacienteColombiano.html","title":"PacienteColombiano","generation":"generated"},{"extension":[{"url":"http://hl7.org/fhir/tools/StructureDefinition/ig-page-name","valueUrl":"Patient-PacienteColombianoCompleto.html"}],"nameUrl":"Patient-PacienteColombianoCompleto.html","title":"PacienteColombianoCompleto","generation":"generated"},{"extension":[{"url":"http://hl7.org/fhir/tools/StructureDefinition/ig-page-name","valueUrl":"Patient-PacienteColombianoMinimo.html"}],"nameUrl":"Patient-PacienteColombianoMinimo.html","title":"PacienteColombianoMinimo","generation":"generated"},{"extension":[{"url":"http://hl7.org/fhir/tools/StructureDefinition/ig-page-name","valueUrl":"Practitioner-ProfesionalColombia.html"}],"nameUrl":"Practitioner-ProfesionalColombia.html","title":"ProfesionalColombia","generation":"generated"},{"extension":[{"url":"http://hl7.org/fhir/tools/StructureDefinition/ig-page-name","valueUrl":"Practitioner-ProfesionalColombia2.html"}],"nameUrl":"Practitioner-ProfesionalColombia2.html","title":"ProfesionalColombia2","generation":"generated"},{"extension":[{"url":"http://hl7.org/fhir/tools/StructureDefinition/ig-page-name","valueUrl":"Composition-CompositionColombia.html"}],"nameUrl":"Composition-CompositionColombia.html","title":"Resumen de Paciente Colombia","generation":"generated"},{"extension":[{"url":"http://hl7.org/fhir/tools/StructureDefinition/ig-page-name","valueUrl":"Composition-CompositionColombia2.html"}],"nameUrl":"Composition-CompositionColombia2.html","title":"Resumen de Paciente Colombia","generation":"generated"}]}]},"parameter":[{"code":"path-resource","value":"input/capabilities"},{"code":"path-resource","value":"input/examples"},{"code":"path-resource","value":"input/extensions"},{"code":"path-resource","value":"input/models"},{"code":"path-resource","value":"input/operations"},{"code":"path-resource","value":"input/profiles"},{"code":"path-resource","value":"input/resources"},{"code":"path-resource","value":"input/vocabulary"},{"code":"path-resource","value":"input/maps"},{"code":"path-resource","value":"input/testing"},{"code":"path-resource","value":"input/history"},{"code":"path-resource","value":"fsh-generated/resources"},{"code":"path-pages","value":"template/config"},{"code":"path-pages","value":"input/images"},{"code":"path-tx-cache","value":"input-cache/txcache"}]}}