{"resourceType":"ValueSet","id":"EtniaVS","text":{"status":"generated","div":"<div xmlns=\"http://www.w3.org/1999/xhtml\"><p class=\"res-header-id\"><b>Generated Narrative: ValueSet EtniaVS</b></p><a name=\"EtniaVS\"> </a><a name=\"hcEtniaVS\"> </a><a name=\"EtniaVS-es-CO\"> </a><ul><li>Include all codes defined in <a href=\"CodeSystem-EtniaCS.html\"><code>https://www.minsalud.gov.co/ihc/fhir/CodeSystem/EtniaCS</code></a></li></ul></div>"},"url":"https://www.minsalud.gov.co/ihc/fhir/ValueSet/EtniaVS","version":"0.4.3","name":"EtniaVS","title":"Etnia","status":"active","experimental":false,"date":"2023-01-01T00:00:00-05:00","publisher":"MSP Colombia","contact":[{"name":"MSP Colombia","telecom":[{"system":"url","value":"https://www.minsalud.gov.co/"}]}],"description":"Conjunto de valores para la Etnia.","jurisdiction":[{"coding":[{"system":"urn:iso:std:iso:3166","code":"CO","display":"Colombia"}]}],"compose":{"include":[{"system":"https://www.minsalud.gov.co/ihc/fhir/CodeSystem/EtniaCS"}]}}