<?xml version="1.0" encoding="UTF-8"?><ImplementationGuide xmlns="http://hl7.org/fhir"><id value="hl7.fhir.co.CoreCO"/><text><status value="generated"/><div xmlns="http://www.w3.org/1999/xhtml"><p class="res-header-id"><b>Generated Narrative: ImplementationGuide hl7.fhir.co.CoreCO</b></p><a name="hl7.fhir.co.CoreCO"> </a><a name="hchl7.fhir.co.CoreCO"> </a><a name="hl7.fhir.co.CoreCO-es-CO"> </a><h2>CoreCOImplementationGuide</h2><p>The official URL for this implementation guide is: </p><pre>https://www.minsalud.gov.co/ihc/fhir/ImplementationGuide/hl7.fhir.co.CoreCO</pre><div><p>Ministerio de Salud Colombia - Interoperabilidad de Historia Clínica IHC -</p>
</div></div></text><url value="https://www.minsalud.gov.co/ihc/fhir/ImplementationGuide/hl7.fhir.co.CoreCO"/><version value="0.4.3"/><name value="CoreCOImplementationGuide"/><title value="GUIA EN DESARROLLO - Colombia (v 0.4.3)"/><status value="draft"/><date value="2024-09-05T17:47:22-03:00"/><publisher value="MSP Colombia"/><contact><name value="MSP Colombia"/><telecom><system value="url"/><value value="https://www.minsalud.gov.co/"/></telecom></contact><description value="Ministerio de Salud Colombia - Interoperabilidad de Historia Clínica IHC -"/><jurisdiction><coding><system value="urn:iso:std:iso:3166"/><code value="CO"/><display value="Colombia"/></coding></jurisdiction><packageId value="hl7.fhir.co.CoreCO"/><license value="CC0-1.0"/><fhirVersion value="4.0.1"/><dependsOn id="hl7tx"><extension url="http://hl7.org/fhir/tools/StructureDefinition/implementationguide-dependency-comment"><valueMarkdown value="Automatically added as a dependency - all IGs depend on HL7 Terminology"/></extension><uri value="http://terminology.hl7.org/ImplementationGuide/hl7.terminology"/><packageId value="hl7.terminology.r4"/><version value="6.0.2"/></dependsOn><dependsOn id="hl7ext"><extension url="http://hl7.org/fhir/tools/StructureDefinition/implementationguide-dependency-comment"><valueMarkdown value="Automatically added as a dependency - all IGs depend on the HL7 Extension Pack"/></extension><uri value="http://hl7.org/fhir/extensions/ImplementationGuide/hl7.fhir.uv.extensions"/><packageId value="hl7.fhir.uv.extensions.r4"/><version value="5.1.0"/></dependsOn><definition><extension url="http://hl7.org/fhir/tools/StructureDefinition/ig-parameter"><extension url="code"><valueString value="copyrightyear"/></extension><extension url="value"><valueString value="2023+"/></extension></extension><extension url="http://hl7.org/fhir/tools/StructureDefinition/ig-parameter"><extension url="code"><valueString value="releaselabel"/></extension><extension url="value"><valueString value="ci-build"/></extension></extension><extension url="http://hl7.org/fhir/tools/StructureDefinition/ig-parameter"><extension url="code"><valueString value="apply-publisher"/></extension><extension url="value"><valueString value="true"/></extension></extension><extension url="http://hl7.org/fhir/tools/StructureDefinition/ig-parameter"><extension url="code"><valueString value="apply-contact"/></extension><extension url="value"><valueString value="true"/></extension></extension><extension url="http://hl7.org/fhir/tools/StructureDefinition/ig-parameter"><extension url="code"><valueString value="show-inherited-invariants"/></extension><extension url="value"><valueString value="false"/></extension></extension><extension url="http://hl7.org/fhir/tools/StructureDefinition/ig-parameter"><extension url="code"><valueString value="autoload-resources"/></extension><extension url="value"><valueString value="true"/></extension></extension><extension url="http://hl7.org/fhir/tools/StructureDefinition/ig-parameter"><extension url="code"><valueString value="path-liquid"/></extension><extension url="value"><valueString value="template/liquid"/></extension></extension><extension url="http://hl7.org/fhir/tools/StructureDefinition/ig-parameter"><extension url="code"><valueString value="path-liquid"/></extension><extension url="value"><valueString value="input/liquid"/></extension></extension><extension url="http://hl7.org/fhir/tools/StructureDefinition/ig-parameter"><extension url="code"><valueString value="path-qa"/></extension><extension url="value"><valueString value="temp/qa"/></extension></extension><extension url="http://hl7.org/fhir/tools/StructureDefinition/ig-parameter"><extension url="code"><valueString value="path-temp"/></extension><extension url="value"><valueString value="temp/pages"/></extension></extension><extension url="http://hl7.org/fhir/tools/StructureDefinition/ig-parameter"><extension url="code"><valueString value="path-output"/></extension><extension url="value"><valueString value="output"/></extension></extension><extension url="http://hl7.org/fhir/tools/StructureDefinition/ig-parameter"><extension url="code"><valueString value="path-suppressed-warnings"/></extension><extension url="value"><valueString value="input/ignoreWarnings.txt"/></extension></extension><extension url="http://hl7.org/fhir/tools/StructureDefinition/ig-parameter"><extension url="code"><valueString value="path-history"/></extension><extension url="value"><valueString value="https://www.minsalud.gov.co/ihc/fhir/history.html"/></extension></extension><extension url="http://hl7.org/fhir/tools/StructureDefinition/ig-parameter"><extension url="code"><valueString value="template-html"/></extension><extension url="value"><valueString value="template-page.html"/></extension></extension><extension url="http://hl7.org/fhir/tools/StructureDefinition/ig-parameter"><extension url="code"><valueString value="template-md"/></extension><extension url="value"><valueString value="template-page-md.html"/></extension></extension><extension url="http://hl7.org/fhir/tools/StructureDefinition/ig-parameter"><extension url="code"><valueString value="apply-context"/></extension><extension url="value"><valueString value="true"/></extension></extension><extension url="http://hl7.org/fhir/tools/StructureDefinition/ig-parameter"><extension url="code"><valueString value="apply-copyright"/></extension><extension url="value"><valueString value="true"/></extension></extension><extension url="http://hl7.org/fhir/tools/StructureDefinition/ig-parameter"><extension url="code"><valueString value="apply-jurisdiction"/></extension><extension url="value"><valueString value="true"/></extension></extension><extension url="http://hl7.org/fhir/tools/StructureDefinition/ig-parameter"><extension url="code"><valueString value="apply-license"/></extension><extension url="value"><valueString value="true"/></extension></extension><extension url="http://hl7.org/fhir/tools/StructureDefinition/ig-parameter"><extension url="code"><valueString value="apply-version"/></extension><extension url="value"><valueString value="true"/></extension></extension><extension url="http://hl7.org/fhir/tools/StructureDefinition/ig-parameter"><extension url="code"><valueString value="apply-wg"/></extension><extension url="value"><valueString value="true"/></extension></extension><extension url="http://hl7.org/fhir/tools/StructureDefinition/ig-parameter"><extension url="code"><valueString value="active-tables"/></extension><extension url="value"><valueString value="true"/></extension></extension><extension url="http://hl7.org/fhir/tools/StructureDefinition/ig-parameter"><extension url="code"><valueString value="fmm-definition"/></extension><extension url="value"><valueString value="http://hl7.org/fhir/versions.html#maturity"/></extension></extension><extension url="http://hl7.org/fhir/tools/StructureDefinition/ig-parameter"><extension url="code"><valueString value="propagate-status"/></extension><extension url="value"><valueString value="true"/></extension></extension><extension url="http://hl7.org/fhir/tools/StructureDefinition/ig-parameter"><extension url="code"><valueString value="excludelogbinaryformat"/></extension><extension url="value"><valueString value="true"/></extension></extension><extension url="http://hl7.org/fhir/tools/StructureDefinition/ig-parameter"><extension url="code"><valueString value="tabbed-snapshots"/></extension><extension url="value"><valueString value="true"/></extension></extension><extension url="http://hl7.org/fhir/tools/StructureDefinition/ig-internal-dependency"><valueCode value="hl7.fhir.uv.tools#0.1.0"/></extension><extension url="http://hl7.org/fhir/tools/StructureDefinition/ig-parameter"><extension url="code"><valueCode value="copyrightyear"/></extension><extension url="value"><valueString value="2023+"/></extension></extension><extension url="http://hl7.org/fhir/tools/StructureDefinition/ig-parameter"><extension url="code"><valueCode value="releaselabel"/></extension><extension url="value"><valueString value="ci-build"/></extension></extension><extension url="http://hl7.org/fhir/tools/StructureDefinition/ig-parameter"><extension url="code"><valueCode value="apply-publisher"/></extension><extension url="value"><valueString value="true"/></extension></extension><extension url="http://hl7.org/fhir/tools/StructureDefinition/ig-parameter"><extension url="code"><valueCode value="apply-contact"/></extension><extension url="value"><valueString value="true"/></extension></extension><extension url="http://hl7.org/fhir/tools/StructureDefinition/ig-parameter"><extension url="code"><valueCode value="show-inherited-invariants"/></extension><extension url="value"><valueString value="false"/></extension></extension><extension url="http://hl7.org/fhir/tools/StructureDefinition/ig-parameter"><extension url="code"><valueCode value="autoload-resources"/></extension><extension url="value"><valueString value="true"/></extension></extension><extension url="http://hl7.org/fhir/tools/StructureDefinition/ig-parameter"><extension url="code"><valueCode value="path-liquid"/></extension><extension url="value"><valueString value="template/liquid"/></extension></extension><extension url="http://hl7.org/fhir/tools/StructureDefinition/ig-parameter"><extension url="code"><valueCode value="path-liquid"/></extension><extension url="value"><valueString value="input/liquid"/></extension></extension><extension url="http://hl7.org/fhir/tools/StructureDefinition/ig-parameter"><extension url="code"><valueCode value="path-qa"/></extension><extension url="value"><valueString value="temp/qa"/></extension></extension><extension url="http://hl7.org/fhir/tools/StructureDefinition/ig-parameter"><extension url="code"><valueCode value="path-temp"/></extension><extension url="value"><valueString value="temp/pages"/></extension></extension><extension url="http://hl7.org/fhir/tools/StructureDefinition/ig-parameter"><extension url="code"><valueCode value="path-output"/></extension><extension url="value"><valueString value="output"/></extension></extension><extension url="http://hl7.org/fhir/tools/StructureDefinition/ig-parameter"><extension url="code"><valueCode value="path-suppressed-warnings"/></extension><extension url="value"><valueString value="input/ignoreWarnings.txt"/></extension></extension><extension url="http://hl7.org/fhir/tools/StructureDefinition/ig-parameter"><extension url="code"><valueCode value="path-history"/></extension><extension url="value"><valueString value="https://www.minsalud.gov.co/ihc/fhir/history.html"/></extension></extension><extension url="http://hl7.org/fhir/tools/StructureDefinition/ig-parameter"><extension url="code"><valueCode value="template-html"/></extension><extension url="value"><valueString value="template-page.html"/></extension></extension><extension url="http://hl7.org/fhir/tools/StructureDefinition/ig-parameter"><extension url="code"><valueCode value="template-md"/></extension><extension url="value"><valueString value="template-page-md.html"/></extension></extension><extension url="http://hl7.org/fhir/tools/StructureDefinition/ig-parameter"><extension url="code"><valueCode value="apply-context"/></extension><extension url="value"><valueString value="true"/></extension></extension><extension url="http://hl7.org/fhir/tools/StructureDefinition/ig-parameter"><extension url="code"><valueCode value="apply-copyright"/></extension><extension url="value"><valueString value="true"/></extension></extension><extension url="http://hl7.org/fhir/tools/StructureDefinition/ig-parameter"><extension url="code"><valueCode value="apply-jurisdiction"/></extension><extension url="value"><valueString value="true"/></extension></extension><extension url="http://hl7.org/fhir/tools/StructureDefinition/ig-parameter"><extension url="code"><valueCode value="apply-license"/></extension><extension url="value"><valueString value="true"/></extension></extension><extension url="http://hl7.org/fhir/tools/StructureDefinition/ig-parameter"><extension url="code"><valueCode value="apply-version"/></extension><extension url="value"><valueString value="true"/></extension></extension><extension url="http://hl7.org/fhir/tools/StructureDefinition/ig-parameter"><extension url="code"><valueCode value="apply-wg"/></extension><extension url="value"><valueString value="true"/></extension></extension><extension url="http://hl7.org/fhir/tools/StructureDefinition/ig-parameter"><extension url="code"><valueCode value="active-tables"/></extension><extension url="value"><valueString value="true"/></extension></extension><extension url="http://hl7.org/fhir/tools/StructureDefinition/ig-parameter"><extension url="code"><valueCode value="fmm-definition"/></extension><extension url="value"><valueString value="http://hl7.org/fhir/versions.html#maturity"/></extension></extension><extension url="http://hl7.org/fhir/tools/StructureDefinition/ig-parameter"><extension url="code"><valueCode value="propagate-status"/></extension><extension url="value"><valueString value="true"/></extension></extension><extension url="http://hl7.org/fhir/tools/StructureDefinition/ig-parameter"><extension url="code"><valueCode value="excludelogbinaryformat"/></extension><extension url="value"><valueString value="true"/></extension></extension><extension url="http://hl7.org/fhir/tools/StructureDefinition/ig-parameter"><extension url="code"><valueCode value="tabbed-snapshots"/></extension><extension url="value"><valueString value="true"/></extension></extension><extension url="http://hl7.org/fhir/tools/StructureDefinition/ig-parameter"><extension url="code"><valueCode value="copyrightyear"/></extension><extension url="value"><valueString value="2023+"/></extension></extension><extension url="http://hl7.org/fhir/tools/StructureDefinition/ig-parameter"><extension url="code"><valueCode value="releaselabel"/></extension><extension url="value"><valueString value="ci-build"/></extension></extension><extension url="http://hl7.org/fhir/tools/StructureDefinition/ig-parameter"><extension url="code"><valueCode value="apply-publisher"/></extension><extension url="value"><valueString value="true"/></extension></extension><extension url="http://hl7.org/fhir/tools/StructureDefinition/ig-parameter"><extension url="code"><valueCode value="apply-contact"/></extension><extension url="value"><valueString value="true"/></extension></extension><extension url="http://hl7.org/fhir/tools/StructureDefinition/ig-parameter"><extension url="code"><valueCode value="show-inherited-invariants"/></extension><extension url="value"><valueString value="false"/></extension></extension><extension url="http://hl7.org/fhir/tools/StructureDefinition/ig-parameter"><extension url="code"><valueCode value="autoload-resources"/></extension><extension url="value"><valueString value="true"/></extension></extension><extension url="http://hl7.org/fhir/tools/StructureDefinition/ig-parameter"><extension url="code"><valueCode value="path-liquid"/></extension><extension url="value"><valueString value="template/liquid"/></extension></extension><extension url="http://hl7.org/fhir/tools/StructureDefinition/ig-parameter"><extension url="code"><valueCode value="path-liquid"/></extension><extension url="value"><valueString value="input/liquid"/></extension></extension><extension url="http://hl7.org/fhir/tools/StructureDefinition/ig-parameter"><extension url="code"><valueCode value="path-qa"/></extension><extension url="value"><valueString value="temp/qa"/></extension></extension><extension url="http://hl7.org/fhir/tools/StructureDefinition/ig-parameter"><extension url="code"><valueCode value="path-temp"/></extension><extension url="value"><valueString value="temp/pages"/></extension></extension><extension url="http://hl7.org/fhir/tools/StructureDefinition/ig-parameter"><extension url="code"><valueCode value="path-output"/></extension><extension url="value"><valueString value="output"/></extension></extension><extension url="http://hl7.org/fhir/tools/StructureDefinition/ig-parameter"><extension url="code"><valueCode value="path-suppressed-warnings"/></extension><extension url="value"><valueString value="input/ignoreWarnings.txt"/></extension></extension><extension url="http://hl7.org/fhir/tools/StructureDefinition/ig-parameter"><extension url="code"><valueCode value="path-history"/></extension><extension url="value"><valueString value="https://www.minsalud.gov.co/ihc/fhir/history.html"/></extension></extension><extension url="http://hl7.org/fhir/tools/StructureDefinition/ig-parameter"><extension url="code"><valueCode value="template-html"/></extension><extension url="value"><valueString value="template-page.html"/></extension></extension><extension url="http://hl7.org/fhir/tools/StructureDefinition/ig-parameter"><extension url="code"><valueCode value="template-md"/></extension><extension url="value"><valueString value="template-page-md.html"/></extension></extension><extension url="http://hl7.org/fhir/tools/StructureDefinition/ig-parameter"><extension url="code"><valueCode value="apply-context"/></extension><extension url="value"><valueString value="true"/></extension></extension><extension url="http://hl7.org/fhir/tools/StructureDefinition/ig-parameter"><extension url="code"><valueCode value="apply-copyright"/></extension><extension url="value"><valueString value="true"/></extension></extension><extension url="http://hl7.org/fhir/tools/StructureDefinition/ig-parameter"><extension url="code"><valueCode value="apply-jurisdiction"/></extension><extension url="value"><valueString value="true"/></extension></extension><extension url="http://hl7.org/fhir/tools/StructureDefinition/ig-parameter"><extension url="code"><valueCode value="apply-license"/></extension><extension url="value"><valueString value="true"/></extension></extension><extension url="http://hl7.org/fhir/tools/StructureDefinition/ig-parameter"><extension url="code"><valueCode value="apply-version"/></extension><extension url="value"><valueString value="true"/></extension></extension><extension url="http://hl7.org/fhir/tools/StructureDefinition/ig-parameter"><extension url="code"><valueCode value="apply-wg"/></extension><extension url="value"><valueString value="true"/></extension></extension><extension url="http://hl7.org/fhir/tools/StructureDefinition/ig-parameter"><extension url="code"><valueCode value="active-tables"/></extension><extension url="value"><valueString value="true"/></extension></extension><extension url="http://hl7.org/fhir/tools/StructureDefinition/ig-parameter"><extension url="code"><valueCode value="fmm-definition"/></extension><extension url="value"><valueString value="http://hl7.org/fhir/versions.html#maturity"/></extension></extension><extension url="http://hl7.org/fhir/tools/StructureDefinition/ig-parameter"><extension url="code"><valueCode value="propagate-status"/></extension><extension url="value"><valueString value="true"/></extension></extension><extension url="http://hl7.org/fhir/tools/StructureDefinition/ig-parameter"><extension url="code"><valueCode value="excludelogbinaryformat"/></extension><extension url="value"><valueString value="true"/></extension></extension><extension url="http://hl7.org/fhir/tools/StructureDefinition/ig-parameter"><extension url="code"><valueCode value="tabbed-snapshots"/></extension><extension url="value"><valueString value="true"/></extension></extension><grouping id="-dyn-searchparameter"><name value="Behavior: Search Parameters"/><description value="These define the properties by which a RESTful server can be searched.  They can also be used for sorting and including related resources."/></grouping><grouping id="-str-profile"><name value="Structures: Resource Profiles"/><description value="These define constraints on FHIR resources for systems conforming to this implementation guide."/></grouping><grouping id="-str-extension"><name value="Structures: Extension Definitions"/><description value="These define constraints on FHIR data types for systems conforming to this implementation guide."/></grouping><grouping id="-term-valueset"><name value="Terminology: Value Sets"/><description value="These define sets of codes used by systems conforming to this implementation guide."/></grouping><grouping id="-term-codesystem"><name value="Terminology: Code Systems"/><description value="These define new code systems used by systems conforming to this implementation guide."/></grouping><grouping id="-ex-example"><name value="Example: Example Instances"/><description value="These are example instances that show what data produced and consumed by systems conforming with this implementation guide might look like."/></grouping><resource><extension url="http://hl7.org/fhir/tools/StructureDefinition/resource-sort"><valueInteger value="999999999"/></extension><extension url="http://hl7.org/fhir/StructureDefinition/implementationguide-page"><valueUri value="SearchParameter-identifier-country.html"/></extension><reference><reference value="SearchParameter/identifier-country"/></reference><name value="identifier-country"/><description value="Busqueda de un Patient-Practitioner por el valor de la extension de pais"/><exampleBoolean value="false"/><groupingId value="-dyn-searchparameter"/></resource><resource><extension url="http://hl7.org/fhir/tools/StructureDefinition/resource-sort"><valueInteger value="999999999"/></extension><extension url="http://hl7.org/fhir/StructureDefinition/implementationguide-page"><valueUri value="SearchParameter-identifier-type.html"/></extension><reference><reference value="SearchParameter/identifier-type"/></reference><name value="identifier-type"/><description value="Busqueda de un Patient-Practitioner por el valor de identifier.type"/><exampleBoolean value="false"/><groupingId value="-dyn-searchparameter"/></resource><resource><extension url="http://hl7.org/fhir/tools/StructureDefinition/resource-sort"><valueInteger value="999999999"/></extension><extension url="http://hl7.org/fhir/StructureDefinition/implementationguide-page"><valueUri value="StructureDefinition-AlergiaCo.html"/></extension><reference><reference value="StructureDefinition/AlergiaCo"/></reference><name value="Alergias Co"/><exampleBoolean value="false"/><groupingId value="-str-profile"/></resource><resource><extension url="http://hl7.org/fhir/tools/StructureDefinition/resource-sort"><valueInteger value="999999999"/></extension><extension url="http://hl7.org/fhir/StructureDefinition/implementationguide-page"><valueUri value="StructureDefinition-BundleCo.html"/></extension><reference><reference value="StructureDefinition/BundleCo"/></reference><name value="Bundle Co"/><description value="Se describe como debe ser el recurso Bundle para transportar Document Reference, Composition -RDA-, Conditions."/><exampleBoolean value="false"/><groupingId value="-str-profile"/></resource><resource><extension url="http://hl7.org/fhir/tools/StructureDefinition/resource-sort"><valueInteger value="999999999"/></extension><extension url="http://hl7.org/fhir/StructureDefinition/implementationguide-page"><valueUri value="StructureDefinition-ConditionCo.html"/></extension><reference><reference value="StructureDefinition/ConditionCo"/></reference><name value="Condition Co"/><exampleBoolean value="false"/><groupingId value="-str-profile"/></resource><resource><extension url="http://hl7.org/fhir/tools/StructureDefinition/resource-sort"><valueInteger value="999999999"/></extension><extension url="http://hl7.org/fhir/StructureDefinition/implementationguide-page"><valueUri value="StructureDefinition-CompositionCo.html"/></extension><reference><reference value="StructureDefinition/CompositionCo"/></reference><name value="Documento Co"/><description value="Definición de un documento clínico para las necesidades de interoperabilidad en Colombia."/><exampleBoolean value="false"/><groupingId value="-str-profile"/></resource><resource><extension url="http://hl7.org/fhir/tools/StructureDefinition/resource-sort"><valueInteger value="999999999"/></extension><extension url="http://hl7.org/fhir/StructureDefinition/implementationguide-page"><valueUri value="StructureDefinition-MedicationStatementCo.html"/></extension><reference><reference value="StructureDefinition/MedicationStatementCo"/></reference><name value="Medication Statement Co"/><exampleBoolean value="false"/><groupingId value="-str-profile"/></resource><resource><extension url="http://hl7.org/fhir/tools/StructureDefinition/resource-sort"><valueInteger value="999999999"/></extension><extension url="http://hl7.org/fhir/StructureDefinition/implementationguide-page"><valueUri value="StructureDefinition-OrganizacionCo.html"/></extension><reference><reference value="StructureDefinition/OrganizacionCo"/></reference><name value="Organizacion Co"/><exampleBoolean value="false"/><groupingId value="-str-profile"/></resource><resource><extension url="http://hl7.org/fhir/tools/StructureDefinition/resource-sort"><valueInteger value="999999999"/></extension><extension url="http://hl7.org/fhir/StructureDefinition/implementationguide-page"><valueUri value="StructureDefinition-PacienteCo.html"/></extension><reference><reference value="StructureDefinition/PacienteCo"/></reference><name value="Paciente Co"/><exampleBoolean value="false"/><groupingId value="-str-profile"/></resource><resource><extension url="http://hl7.org/fhir/tools/StructureDefinition/resource-sort"><valueInteger value="999999999"/></extension><extension url="http://hl7.org/fhir/StructureDefinition/implementationguide-page"><valueUri value="StructureDefinition-PractitionerCo.html"/></extension><reference><reference value="StructureDefinition/PractitionerCo"/></reference><name value="Profesional Co"/><exampleBoolean value="false"/><groupingId value="-str-profile"/></resource><resource><extension url="http://hl7.org/fhir/tools/StructureDefinition/resource-sort"><valueInteger value="999999999"/></extension><extension url="http://hl7.org/fhir/StructureDefinition/implementationguide-page"><valueUri value="StructureDefinition-DocumentReferenceCo.html"/></extension><reference><reference value="StructureDefinition/DocumentReferenceCo"/></reference><name value="Referencia de Documentos"/><description value="Docuento utilizado para guardar referencias."/><exampleBoolean value="false"/><groupingId value="-str-profile"/></resource><resource><extension url="http://hl7.org/fhir/tools/StructureDefinition/resource-sort"><valueInteger value="999999999"/></extension><extension url="http://hl7.org/fhir/StructureDefinition/implementationguide-page"><valueUri value="StructureDefinition-co-patient-comunidadetnica.html"/></extension><reference><reference value="StructureDefinition/co-patient-comunidadetnica"/></reference><name value="ComunidadEtnica"/><description value="Extension utilizada dentro del Paciente Co, para representar la comunidad etnica de una persona."/><exampleBoolean value="false"/><groupingId value="-str-extension"/></resource><resource><extension url="http://hl7.org/fhir/tools/StructureDefinition/resource-sort"><valueInteger value="999999999"/></extension><extension url="http://hl7.org/fhir/StructureDefinition/implementationguide-page"><valueUri value="StructureDefinition-co-patient-etnia.html"/></extension><reference><reference value="StructureDefinition/co-patient-etnia"/></reference><name value="Etnia"/><description value="Extension utilizada entro del Patient para representar Etnia de una persona."/><exampleBoolean value="false"/><groupingId value="-str-extension"/></resource><resource><extension url="http://hl7.org/fhir/tools/StructureDefinition/resource-sort"><valueInteger value="999999999"/></extension><extension url="http://hl7.org/fhir/StructureDefinition/implementationguide-page"><valueUri value="StructureDefinition-co-patient-nacionalidad.html"/></extension><reference><reference value="StructureDefinition/co-patient-nacionalidad"/></reference><name value="Nacionalidad"/><description value="Extensión utilizada para representar Nacionalidad."/><exampleBoolean value="false"/><groupingId value="-str-extension"/></resource><resource><extension url="http://hl7.org/fhir/tools/StructureDefinition/resource-sort"><valueInteger value="999999999"/></extension><extension url="http://hl7.org/fhir/StructureDefinition/implementationguide-page"><valueUri value="StructureDefinition-co-pais.html"/></extension><reference><reference value="StructureDefinition/co-pais"/></reference><name value="Pais"/><description value="Extensión utilizada para representar Nacionalidad o Pais de origen del documento."/><exampleBoolean value="false"/><groupingId value="-str-extension"/></resource><resource><extension url="http://hl7.org/fhir/tools/StructureDefinition/resource-sort"><valueInteger value="999999999"/></extension><extension url="http://hl7.org/fhir/StructureDefinition/implementationguide-page"><valueUri value="StructureDefinition-co-AllergyIntolerance-tipo.html"/></extension><reference><reference value="StructureDefinition/co-AllergyIntolerance-tipo"/></reference><name value="TipoAlergia"/><description value="Extensión utilizada para representar el tipo de la alergía."/><exampleBoolean value="false"/><groupingId value="-str-extension"/></resource><resource><extension url="http://hl7.org/fhir/tools/StructureDefinition/resource-sort"><valueInteger value="999999999"/></extension><extension url="http://hl7.org/fhir/StructureDefinition/implementationguide-page"><valueUri value="StructureDefinition-co-address-zonaResidencia.html"/></extension><reference><reference value="StructureDefinition/co-address-zonaResidencia"/></reference><name value="ZonaResidencia"/><description value="Extension utilizada entro Patient -&gt; Address representar, si la residencia es : Urbana o Rural."/><exampleBoolean value="false"/><groupingId value="-str-extension"/></resource><resource><extension url="http://hl7.org/fhir/tools/StructureDefinition/resource-sort"><valueInteger value="999999999"/></extension><extension url="http://hl7.org/fhir/StructureDefinition/implementationguide-page"><valueUri value="ValueSet-CIE10VS.html"/></extension><reference><reference value="ValueSet/CIE10VS"/></reference><name value="Codificacion CIE10 ValueSet"/><description value="Conjunto de Valores de Codificacion CIE10"/><exampleBoolean value="false"/><groupingId value="-term-valueset"/></resource><resource><extension url="http://hl7.org/fhir/tools/StructureDefinition/resource-sort"><valueInteger value="999999999"/></extension><extension url="http://hl7.org/fhir/StructureDefinition/implementationguide-page"><valueUri value="ValueSet-CUMSVS.html"/></extension><reference><reference value="ValueSet/CUMSVS"/></reference><name value="Codificacion CUMS"/><description value="Conjunto de Valores de Codificacion CUMS"/><exampleBoolean value="false"/><groupingId value="-term-valueset"/></resource><resource><extension url="http://hl7.org/fhir/tools/StructureDefinition/resource-sort"><valueInteger value="999999999"/></extension><extension url="http://hl7.org/fhir/StructureDefinition/implementationguide-page"><valueUri value="ValueSet-IUMVS.html"/></extension><reference><reference value="ValueSet/IUMVS"/></reference><name value="Codificacion IUM"/><description value="Conjunto de Valores de Codificacion IUM"/><exampleBoolean value="false"/><groupingId value="-term-valueset"/></resource><resource><extension url="http://hl7.org/fhir/tools/StructureDefinition/resource-sort"><valueInteger value="999999999"/></extension><extension url="http://hl7.org/fhir/StructureDefinition/implementationguide-page"><valueUri value="ValueSet-PaisesVS.html"/></extension><reference><reference value="ValueSet/PaisesVS"/></reference><name value="Códigos del País"/><description value="Codigos definidos para la identificación de países segun norma ISO3166-N"/><exampleBoolean value="false"/><groupingId value="-term-valueset"/></resource><resource><extension url="http://hl7.org/fhir/tools/StructureDefinition/resource-sort"><valueInteger value="999999999"/></extension><extension url="http://hl7.org/fhir/StructureDefinition/implementationguide-page"><valueUri value="ValueSet-DiscapacidadVS.html"/></extension><reference><reference value="ValueSet/DiscapacidadVS"/></reference><name value="Discapacidad"/><description value="Códigos de Discapacidad"/><exampleBoolean value="false"/><groupingId value="-term-valueset"/></resource><resource><extension url="http://hl7.org/fhir/tools/StructureDefinition/resource-sort"><valueInteger value="999999999"/></extension><extension url="http://hl7.org/fhir/StructureDefinition/implementationguide-page"><valueUri value="ValueSet-EtniaVS.html"/></extension><reference><reference value="ValueSet/EtniaVS"/></reference><name value="Etnia"/><description value="Conjunto de valores para la Etnia."/><exampleBoolean value="false"/><groupingId value="-term-valueset"/></resource><resource><extension url="http://hl7.org/fhir/tools/StructureDefinition/resource-sort"><valueInteger value="999999999"/></extension><extension url="http://hl7.org/fhir/StructureDefinition/implementationguide-page"><valueUri value="ValueSet-IdentidadGeneroVS.html"/></extension><reference><reference value="ValueSet/IdentidadGeneroVS"/></reference><name value="Identidad de Genero"/><description value="Conjunto de Valores para identidad de Género."/><exampleBoolean value="false"/><groupingId value="-term-valueset"/></resource><resource><extension url="http://hl7.org/fhir/tools/StructureDefinition/resource-sort"><valueInteger value="999999999"/></extension><extension url="http://hl7.org/fhir/StructureDefinition/implementationguide-page"><valueUri value="ValueSet-IdentificadoresPersonaVS.html"/></extension><reference><reference value="ValueSet/IdentificadoresPersonaVS"/></reference><name value="Identificadores de Persona"/><description value="Identificadores de Persona Colombia."/><exampleBoolean value="false"/><groupingId value="-term-valueset"/></resource><resource><extension url="http://hl7.org/fhir/tools/StructureDefinition/resource-sort"><valueInteger value="999999999"/></extension><extension url="http://hl7.org/fhir/StructureDefinition/implementationguide-page"><valueUri value="ValueSet-IdentificadoresProfesionalVS.html"/></extension><reference><reference value="ValueSet/IdentificadoresProfesionalVS"/></reference><name value="Identificadores de Profesional"/><description value="Identificadores de Profesional Colombia."/><exampleBoolean value="false"/><groupingId value="-term-valueset"/></resource><resource><extension url="http://hl7.org/fhir/tools/StructureDefinition/resource-sort"><valueInteger value="999999999"/></extension><extension url="http://hl7.org/fhir/StructureDefinition/implementationguide-page"><valueUri value="ValueSet-AlergiasVS.html"/></extension><reference><reference value="ValueSet/AlergiasVS"/></reference><name value="Tipo Alergia"/><description value="Tipo Alergia"/><exampleBoolean value="false"/><groupingId value="-term-valueset"/></resource><resource><extension url="http://hl7.org/fhir/tools/StructureDefinition/resource-sort"><valueInteger value="999999999"/></extension><extension url="http://hl7.org/fhir/StructureDefinition/implementationguide-page"><valueUri value="ValueSet-ZonaResidenciaVS.html"/></extension><reference><reference value="ValueSet/ZonaResidenciaVS"/></reference><name value="Zona de residencia"/><description value="Conjunto de valores para la zona de residencia."/><exampleBoolean value="false"/><groupingId value="-term-valueset"/></resource><resource><extension url="http://hl7.org/fhir/tools/StructureDefinition/resource-sort"><valueInteger value="999999999"/></extension><extension url="http://hl7.org/fhir/StructureDefinition/implementationguide-page"><valueUri value="CodeSystem-PaisesCS.html"/></extension><reference><reference value="CodeSystem/PaisesCS"/></reference><name value="Códigos del País CS"/><description value="Codigos definidos para la identificación de países segun norma ISO3166-N"/><exampleBoolean value="false"/><groupingId value="-term-codesystem"/></resource><resource><extension url="http://hl7.org/fhir/tools/StructureDefinition/resource-sort"><valueInteger value="999999999"/></extension><extension url="http://hl7.org/fhir/StructureDefinition/implementationguide-page"><valueUri value="CodeSystem-DiscapacidadCS.html"/></extension><reference><reference value="CodeSystem/DiscapacidadCS"/></reference><name value="Discapacidad"/><description value="Identificador para determinar la categoría de discapacidad de&#xD;&#xA;acuerdo con el dominio o dominios donde se presente la deficiencia o deficiencias corporales del solicitante"/><exampleBoolean value="false"/><groupingId value="-term-codesystem"/></resource><resource><extension url="http://hl7.org/fhir/tools/StructureDefinition/resource-sort"><valueInteger value="999999999"/></extension><extension url="http://hl7.org/fhir/StructureDefinition/implementationguide-page"><valueUri value="CodeSystem-EtniaCS.html"/></extension><reference><reference value="CodeSystem/EtniaCS"/></reference><name value="Etnia"/><description value="Identificador para determinar la pertenencia étnica de la persona."/><exampleBoolean value="false"/><groupingId value="-term-codesystem"/></resource><resource><extension url="http://hl7.org/fhir/tools/StructureDefinition/resource-sort"><valueInteger value="999999999"/></extension><extension url="http://hl7.org/fhir/StructureDefinition/implementationguide-page"><valueUri value="CodeSystem-IdentidadGeneroCS.html"/></extension><reference><reference value="CodeSystem/IdentidadGeneroCS"/></reference><name value="Identidad de genero"/><description value="Identidad de Género."/><exampleBoolean value="false"/><groupingId value="-term-codesystem"/></resource><resource><extension url="http://hl7.org/fhir/tools/StructureDefinition/resource-sort"><valueInteger value="999999999"/></extension><extension url="http://hl7.org/fhir/StructureDefinition/implementationguide-page"><valueUri value="CodeSystem-IdspersonaColombia.html"/></extension><reference><reference value="CodeSystem/IdspersonaColombia"/></reference><name value="Identificadores de Persona"/><description value="Elemento de dato que contiene el nombre y número de identificación de una determinada persona para efectos de identidad e individualización"/><exampleBoolean value="false"/><groupingId value="-term-codesystem"/></resource><resource><extension url="http://hl7.org/fhir/tools/StructureDefinition/resource-sort"><valueInteger value="999999999"/></extension><extension url="http://hl7.org/fhir/StructureDefinition/implementationguide-page"><valueUri value="CodeSystem-AlergiasCS.html"/></extension><reference><reference value="CodeSystem/AlergiasCS"/></reference><name value="Tipo Alergia"/><description value="Antecedente de Alergia"/><exampleBoolean value="false"/><groupingId value="-term-codesystem"/></resource><resource><extension url="http://hl7.org/fhir/tools/StructureDefinition/resource-sort"><valueInteger value="999999999"/></extension><extension url="http://hl7.org/fhir/StructureDefinition/implementationguide-page"><valueUri value="CodeSystem-ZonaResidenciaCS.html"/></extension><reference><reference value="CodeSystem/ZonaResidenciaCS"/></reference><name value="Zona de residencia"/><description value="Identificador para representar la Zona."/><exampleBoolean value="false"/><groupingId value="-term-codesystem"/></resource><resource><extension url="http://hl7.org/fhir/tools/StructureDefinition/resource-sort"><valueInteger value="999999999"/></extension><extension url="http://hl7.org/fhir/StructureDefinition/implementationguide-page"><valueUri value="AllergyIntolerance-AlergiaColombia.html"/></extension><reference><reference value="AllergyIntolerance/AlergiaColombia"/></reference><name value="AlergiaColombia"/><exampleCanonical value="https://www.minsalud.gov.co/ihc/fhir/StructureDefinition/AlergiaCo"/><groupingId value="-ex-example"/></resource><resource><extension url="http://hl7.org/fhir/tools/StructureDefinition/resource-sort"><valueInteger value="999999999"/></extension><extension url="http://hl7.org/fhir/StructureDefinition/implementationguide-page"><valueUri value="AllergyIntolerance-AlergiaColombia2.html"/></extension><reference><reference value="AllergyIntolerance/AlergiaColombia2"/></reference><name value="AlergiaColombia2"/><exampleCanonical value="https://www.minsalud.gov.co/ihc/fhir/StructureDefinition/AlergiaCo"/><groupingId value="-ex-example"/></resource><resource><extension url="http://hl7.org/fhir/tools/StructureDefinition/resource-sort"><valueInteger value="999999999"/></extension><extension url="http://hl7.org/fhir/StructureDefinition/implementationguide-page"><valueUri value="AllergyIntolerance-AlergiaColombia3.html"/></extension><reference><reference value="AllergyIntolerance/AlergiaColombia3"/></reference><name value="AlergiaColombia3"/><exampleCanonical value="https://www.minsalud.gov.co/ihc/fhir/StructureDefinition/AlergiaCo"/><groupingId value="-ex-example"/></resource><resource><extension url="http://hl7.org/fhir/tools/StructureDefinition/resource-sort"><valueInteger value="999999999"/></extension><extension url="http://hl7.org/fhir/StructureDefinition/implementationguide-page"><valueUri value="Bundle-BundleColombiaCo.html"/></extension><reference><reference value="Bundle/BundleColombiaCo"/></reference><name value="Bundle Colombiano"/><description value="Ejemplo de Bundle"/><exampleCanonical value="https://www.minsalud.gov.co/ihc/fhir/StructureDefinition/BundleCo"/><groupingId value="-ex-example"/></resource><resource><extension url="http://hl7.org/fhir/tools/StructureDefinition/resource-sort"><valueInteger value="999999999"/></extension><extension url="http://hl7.org/fhir/StructureDefinition/implementationguide-page"><valueUri value="Bundle-BundleColombiaCo2.html"/></extension><reference><reference value="Bundle/BundleColombiaCo2"/></reference><name value="Bundle Colombiano2"/><description value="Ejemplo de Bundle"/><exampleCanonical value="https://www.minsalud.gov.co/ihc/fhir/StructureDefinition/BundleCo"/><groupingId value="-ex-example"/></resource><resource><extension url="http://hl7.org/fhir/tools/StructureDefinition/resource-sort"><valueInteger value="999999999"/></extension><extension url="http://hl7.org/fhir/StructureDefinition/implementationguide-page"><valueUri value="Condition-ConditionColombia.html"/></extension><reference><reference value="Condition/ConditionColombia"/></reference><name value="ConditionColombia"/><description value="Ejemplo de Condición/Antecedente de Paciente."/><exampleCanonical value="https://www.minsalud.gov.co/ihc/fhir/StructureDefinition/ConditionCo"/><groupingId value="-ex-example"/></resource><resource><extension url="http://hl7.org/fhir/tools/StructureDefinition/resource-sort"><valueInteger value="999999999"/></extension><extension url="http://hl7.org/fhir/StructureDefinition/implementationguide-page"><valueUri value="Condition-ConditionColombia2.html"/></extension><reference><reference value="Condition/ConditionColombia2"/></reference><name value="ConditionColombia2"/><description value="Ejemplo de Condición/Antecedente 2 de Paciente."/><exampleCanonical value="https://www.minsalud.gov.co/ihc/fhir/StructureDefinition/ConditionCo"/><groupingId value="-ex-example"/></resource><resource><extension url="http://hl7.org/fhir/tools/StructureDefinition/resource-sort"><valueInteger value="999999999"/></extension><extension url="http://hl7.org/fhir/StructureDefinition/implementationguide-page"><valueUri value="DocumentReference-DocumentReferenceColombia.html"/></extension><reference><reference value="DocumentReference/DocumentReferenceColombia"/></reference><name value="DocumentReferenceColombia"/><exampleCanonical value="https://www.minsalud.gov.co/ihc/fhir/StructureDefinition/DocumentReferenceCo"/><groupingId value="-ex-example"/></resource><resource><extension url="http://hl7.org/fhir/tools/StructureDefinition/resource-sort"><valueInteger value="999999999"/></extension><extension url="http://hl7.org/fhir/StructureDefinition/implementationguide-page"><valueUri value="DocumentReference-DocumentReferenceColombia2.html"/></extension><reference><reference value="DocumentReference/DocumentReferenceColombia2"/></reference><name value="DocumentReferenceColombia2"/><exampleCanonical value="https://www.minsalud.gov.co/ihc/fhir/StructureDefinition/DocumentReferenceCo"/><groupingId value="-ex-example"/></resource><resource><extension url="http://hl7.org/fhir/tools/StructureDefinition/resource-sort"><valueInteger value="999999999"/></extension><extension url="http://hl7.org/fhir/StructureDefinition/implementationguide-page"><valueUri value="MedicationStatement-MedicationStatementColombia.html"/></extension><reference><reference value="MedicationStatement/MedicationStatementColombia"/></reference><name value="MedicationStatementColombia"/><description value="Ejemplo de MedicationStatement/MedicaciónPaciente."/><exampleCanonical value="https://www.minsalud.gov.co/ihc/fhir/StructureDefinition/MedicationStatementCo"/><groupingId value="-ex-example"/></resource><resource><extension url="http://hl7.org/fhir/tools/StructureDefinition/resource-sort"><valueInteger value="999999999"/></extension><extension url="http://hl7.org/fhir/StructureDefinition/implementationguide-page"><valueUri value="MedicationStatement-MedicationStatementColombia2.html"/></extension><reference><reference value="MedicationStatement/MedicationStatementColombia2"/></reference><name value="MedicationStatementColombia2"/><description value="Ejemplo de MedicationStatement/MedicaciónPaciente 2."/><exampleCanonical value="https://www.minsalud.gov.co/ihc/fhir/StructureDefinition/MedicationStatementCo"/><groupingId value="-ex-example"/></resource><resource><extension url="http://hl7.org/fhir/tools/StructureDefinition/resource-sort"><valueInteger value="999999999"/></extension><extension url="http://hl7.org/fhir/StructureDefinition/implementationguide-page"><valueUri value="Organization-OrganizacionPrestadorEjemplo2.html"/></extension><reference><reference value="Organization/OrganizacionPrestadorEjemplo2"/></reference><name value="Organización Prestadora de Salud"/><description value="Organización Prestadora de Salud."/><exampleCanonical value="https://www.minsalud.gov.co/ihc/fhir/StructureDefinition/OrganizacionCo"/><groupingId value="-ex-example"/></resource><resource><extension url="http://hl7.org/fhir/tools/StructureDefinition/resource-sort"><valueInteger value="999999999"/></extension><extension url="http://hl7.org/fhir/StructureDefinition/implementationguide-page"><valueUri value="Organization-OrganizacionRegionEjemplo.html"/></extension><reference><reference value="Organization/OrganizacionRegionEjemplo"/></reference><name value="Organización Región"/><description value="Organización Región de Salud."/><exampleCanonical value="https://www.minsalud.gov.co/ihc/fhir/StructureDefinition/OrganizacionCo"/><groupingId value="-ex-example"/></resource><resource><extension url="http://hl7.org/fhir/tools/StructureDefinition/resource-sort"><valueInteger value="999999999"/></extension><extension url="http://hl7.org/fhir/StructureDefinition/implementationguide-page"><valueUri value="Patient-PacienteColombiano.html"/></extension><reference><reference value="Patient/PacienteColombiano"/></reference><name value="PacienteColombiano"/><description value="Ejemplo Completo de paciente Colombiano."/><exampleCanonical value="https://www.minsalud.gov.co/ihc/fhir/StructureDefinition/PacienteCo"/><groupingId value="-ex-example"/></resource><resource><extension url="http://hl7.org/fhir/tools/StructureDefinition/resource-sort"><valueInteger value="999999999"/></extension><extension url="http://hl7.org/fhir/StructureDefinition/implementationguide-page"><valueUri value="Patient-PacienteColombianoCompleto.html"/></extension><reference><reference value="Patient/PacienteColombianoCompleto"/></reference><name value="PacienteColombianoCompleto"/><description value="Ejemplo Completo de paciente Colombiano."/><exampleCanonical value="https://www.minsalud.gov.co/ihc/fhir/StructureDefinition/PacienteCo"/><groupingId value="-ex-example"/></resource><resource><extension url="http://hl7.org/fhir/tools/StructureDefinition/resource-sort"><valueInteger value="999999999"/></extension><extension url="http://hl7.org/fhir/StructureDefinition/implementationguide-page"><valueUri value="Patient-PacienteColombianoMinimo.html"/></extension><reference><reference value="Patient/PacienteColombianoMinimo"/></reference><name value="PacienteColombianoMinimo"/><description value="Ejemplo de Paciente Mínimo."/><exampleCanonical value="https://www.minsalud.gov.co/ihc/fhir/StructureDefinition/PacienteCo"/><groupingId value="-ex-example"/></resource><resource><extension url="http://hl7.org/fhir/tools/StructureDefinition/resource-sort"><valueInteger value="999999999"/></extension><extension url="http://hl7.org/fhir/StructureDefinition/implementationguide-page"><valueUri value="Practitioner-ProfesionalColombia.html"/></extension><reference><reference value="Practitioner/ProfesionalColombia"/></reference><name value="ProfesionalColombia"/><description value="Ejemplo de Profesional Colombiano."/><exampleCanonical value="https://www.minsalud.gov.co/ihc/fhir/StructureDefinition/PractitionerCo"/><groupingId value="-ex-example"/></resource><resource><extension url="http://hl7.org/fhir/tools/StructureDefinition/resource-sort"><valueInteger value="999999999"/></extension><extension url="http://hl7.org/fhir/StructureDefinition/implementationguide-page"><valueUri value="Practitioner-ProfesionalColombia2.html"/></extension><reference><reference value="Practitioner/ProfesionalColombia2"/></reference><name value="ProfesionalColombia2"/><description value="Ejemplo de Profesional Colombiano."/><exampleCanonical value="https://www.minsalud.gov.co/ihc/fhir/StructureDefinition/PractitionerCo"/><groupingId value="-ex-example"/></resource><resource><extension url="http://hl7.org/fhir/tools/StructureDefinition/resource-sort"><valueInteger value="999999999"/></extension><extension url="http://hl7.org/fhir/StructureDefinition/implementationguide-page"><valueUri value="Composition-CompositionColombia.html"/></extension><reference><reference value="Composition/CompositionColombia"/></reference><name value="Resumen de Paciente Colombia"/><description value="Ejemplo de Documento RDA Colombiano."/><exampleCanonical value="https://www.minsalud.gov.co/ihc/fhir/StructureDefinition/CompositionCo"/><groupingId value="-ex-example"/></resource><resource><extension url="http://hl7.org/fhir/tools/StructureDefinition/resource-sort"><valueInteger value="999999999"/></extension><extension url="http://hl7.org/fhir/StructureDefinition/implementationguide-page"><valueUri value="Composition-CompositionColombia2.html"/></extension><reference><reference value="Composition/CompositionColombia2"/></reference><name value="Resumen de Paciente Colombia"/><description value="Ejemplo de Documento RDA Colombiano."/><exampleCanonical value="https://www.minsalud.gov.co/ihc/fhir/StructureDefinition/CompositionCo"/><groupingId value="-ex-example"/></resource><page><extension url="http://hl7.org/fhir/tools/StructureDefinition/ig-page-name"><valueUrl value="toc.html"/></extension><nameUrl value="toc.html"/><title value="Table of Contents"/><generation value="html"/><page><extension url="http://hl7.org/fhir/tools/StructureDefinition/ig-page-name"><valueUrl value="index.html"/></extension><nameUrl value="index.html"/><title value="Home"/><generation value="markdown"/></page><page><extension url="http://hl7.org/fhir/tools/StructureDefinition/ig-page-name"><valueUrl value="Aspectos-Generales.html"/></extension><nameUrl value="Aspectos-Generales.html"/><title value="Aspectos Generales"/><generation value="markdown"/></page><page><extension url="http://hl7.org/fhir/tools/StructureDefinition/ig-page-name"><valueUrl value="rda.html"/></extension><nameUrl value="rda.html"/><title value="Rda"/><generation value="markdown"/></page><page><extension url="http://hl7.org/fhir/tools/StructureDefinition/ig-page-name"><valueUrl value="terminologia.html"/></extension><nameUrl value="terminologia.html"/><title value="Terminologia"/><generation value="markdown"/></page><page><extension url="http://hl7.org/fhir/tools/StructureDefinition/ig-page-name"><valueUrl value="transacciones.html"/></extension><nameUrl value="transacciones.html"/><title value="Transacciones"/><generation value="markdown"/></page><page><extension url="http://hl7.org/fhir/tools/StructureDefinition/ig-page-name"><valueUrl value="versiones.html"/></extension><nameUrl value="versiones.html"/><title value="Versiones"/><generation value="markdown"/></page><page><extension url="http://hl7.org/fhir/tools/StructureDefinition/ig-page-name"><valueUrl value="artifacts.html"/></extension><nameUrl value="artifacts.html"/><title value="Artifacts Summary"/><generation value="html"/><page><extension url="http://hl7.org/fhir/tools/StructureDefinition/ig-page-name"><valueUrl value="SearchParameter-identifier-country.html"/></extension><nameUrl value="SearchParameter-identifier-country.html"/><title value="identifier-country"/><generation value="generated"/></page><page><extension url="http://hl7.org/fhir/tools/StructureDefinition/ig-page-name"><valueUrl value="SearchParameter-identifier-type.html"/></extension><nameUrl value="SearchParameter-identifier-type.html"/><title value="identifier-type"/><generation value="generated"/></page><page><extension url="http://hl7.org/fhir/tools/StructureDefinition/ig-page-name"><valueUrl value="StructureDefinition-AlergiaCo.html"/></extension><nameUrl value="StructureDefinition-AlergiaCo.html"/><title value="Alergias Co"/><generation value="generated"/></page><page><extension url="http://hl7.org/fhir/tools/StructureDefinition/ig-page-name"><valueUrl value="StructureDefinition-BundleCo.html"/></extension><nameUrl value="StructureDefinition-BundleCo.html"/><title value="Bundle Co"/><generation value="generated"/></page><page><extension url="http://hl7.org/fhir/tools/StructureDefinition/ig-page-name"><valueUrl value="StructureDefinition-ConditionCo.html"/></extension><nameUrl value="StructureDefinition-ConditionCo.html"/><title value="Condition Co"/><generation value="generated"/></page><page><extension url="http://hl7.org/fhir/tools/StructureDefinition/ig-page-name"><valueUrl value="StructureDefinition-CompositionCo.html"/></extension><nameUrl value="StructureDefinition-CompositionCo.html"/><title value="Documento Co"/><generation value="generated"/></page><page><extension url="http://hl7.org/fhir/tools/StructureDefinition/ig-page-name"><valueUrl value="StructureDefinition-MedicationStatementCo.html"/></extension><nameUrl value="StructureDefinition-MedicationStatementCo.html"/><title value="Medication Statement Co"/><generation value="generated"/></page><page><extension url="http://hl7.org/fhir/tools/StructureDefinition/ig-page-name"><valueUrl value="StructureDefinition-OrganizacionCo.html"/></extension><nameUrl value="StructureDefinition-OrganizacionCo.html"/><title value="Organizacion Co"/><generation value="generated"/></page><page><extension url="http://hl7.org/fhir/tools/StructureDefinition/ig-page-name"><valueUrl value="StructureDefinition-PacienteCo.html"/></extension><nameUrl value="StructureDefinition-PacienteCo.html"/><title value="Paciente Co"/><generation value="generated"/></page><page><extension url="http://hl7.org/fhir/tools/StructureDefinition/ig-page-name"><valueUrl value="StructureDefinition-PractitionerCo.html"/></extension><nameUrl value="StructureDefinition-PractitionerCo.html"/><title value="Profesional Co"/><generation value="generated"/></page><page><extension url="http://hl7.org/fhir/tools/StructureDefinition/ig-page-name"><valueUrl value="StructureDefinition-DocumentReferenceCo.html"/></extension><nameUrl value="StructureDefinition-DocumentReferenceCo.html"/><title value="Referencia de Documentos"/><generation value="generated"/></page><page><extension url="http://hl7.org/fhir/tools/StructureDefinition/ig-page-name"><valueUrl value="StructureDefinition-co-patient-comunidadetnica.html"/></extension><nameUrl value="StructureDefinition-co-patient-comunidadetnica.html"/><title value="ComunidadEtnica"/><generation value="generated"/></page><page><extension url="http://hl7.org/fhir/tools/StructureDefinition/ig-page-name"><valueUrl value="StructureDefinition-co-patient-etnia.html"/></extension><nameUrl value="StructureDefinition-co-patient-etnia.html"/><title value="Etnia"/><generation value="generated"/></page><page><extension url="http://hl7.org/fhir/tools/StructureDefinition/ig-page-name"><valueUrl value="StructureDefinition-co-patient-nacionalidad.html"/></extension><nameUrl value="StructureDefinition-co-patient-nacionalidad.html"/><title value="Nacionalidad"/><generation value="generated"/></page><page><extension url="http://hl7.org/fhir/tools/StructureDefinition/ig-page-name"><valueUrl value="StructureDefinition-co-pais.html"/></extension><nameUrl value="StructureDefinition-co-pais.html"/><title value="Pais"/><generation value="generated"/></page><page><extension url="http://hl7.org/fhir/tools/StructureDefinition/ig-page-name"><valueUrl value="StructureDefinition-co-AllergyIntolerance-tipo.html"/></extension><nameUrl value="StructureDefinition-co-AllergyIntolerance-tipo.html"/><title value="TipoAlergia"/><generation value="generated"/></page><page><extension url="http://hl7.org/fhir/tools/StructureDefinition/ig-page-name"><valueUrl value="StructureDefinition-co-address-zonaResidencia.html"/></extension><nameUrl value="StructureDefinition-co-address-zonaResidencia.html"/><title value="ZonaResidencia"/><generation value="generated"/></page><page><extension url="http://hl7.org/fhir/tools/StructureDefinition/ig-page-name"><valueUrl value="ValueSet-CIE10VS.html"/></extension><nameUrl value="ValueSet-CIE10VS.html"/><title value="Codificacion CIE10 ValueSet"/><generation value="generated"/></page><page><extension url="http://hl7.org/fhir/tools/StructureDefinition/ig-page-name"><valueUrl value="ValueSet-CUMSVS.html"/></extension><nameUrl value="ValueSet-CUMSVS.html"/><title value="Codificacion CUMS"/><generation value="generated"/></page><page><extension url="http://hl7.org/fhir/tools/StructureDefinition/ig-page-name"><valueUrl value="ValueSet-IUMVS.html"/></extension><nameUrl value="ValueSet-IUMVS.html"/><title value="Codificacion IUM"/><generation value="generated"/></page><page><extension url="http://hl7.org/fhir/tools/StructureDefinition/ig-page-name"><valueUrl value="ValueSet-PaisesVS.html"/></extension><nameUrl value="ValueSet-PaisesVS.html"/><title value="Códigos del País"/><generation value="generated"/></page><page><extension url="http://hl7.org/fhir/tools/StructureDefinition/ig-page-name"><valueUrl value="ValueSet-DiscapacidadVS.html"/></extension><nameUrl value="ValueSet-DiscapacidadVS.html"/><title value="Discapacidad"/><generation value="generated"/></page><page><extension url="http://hl7.org/fhir/tools/StructureDefinition/ig-page-name"><valueUrl value="ValueSet-EtniaVS.html"/></extension><nameUrl value="ValueSet-EtniaVS.html"/><title value="Etnia"/><generation value="generated"/></page><page><extension url="http://hl7.org/fhir/tools/StructureDefinition/ig-page-name"><valueUrl value="ValueSet-IdentidadGeneroVS.html"/></extension><nameUrl value="ValueSet-IdentidadGeneroVS.html"/><title value="Identidad de Genero"/><generation value="generated"/></page><page><extension url="http://hl7.org/fhir/tools/StructureDefinition/ig-page-name"><valueUrl value="ValueSet-IdentificadoresPersonaVS.html"/></extension><nameUrl value="ValueSet-IdentificadoresPersonaVS.html"/><title value="Identificadores de Persona"/><generation value="generated"/></page><page><extension url="http://hl7.org/fhir/tools/StructureDefinition/ig-page-name"><valueUrl value="ValueSet-IdentificadoresProfesionalVS.html"/></extension><nameUrl value="ValueSet-IdentificadoresProfesionalVS.html"/><title value="Identificadores de Profesional"/><generation value="generated"/></page><page><extension url="http://hl7.org/fhir/tools/StructureDefinition/ig-page-name"><valueUrl value="ValueSet-AlergiasVS.html"/></extension><nameUrl value="ValueSet-AlergiasVS.html"/><title value="Tipo Alergia"/><generation value="generated"/></page><page><extension url="http://hl7.org/fhir/tools/StructureDefinition/ig-page-name"><valueUrl value="ValueSet-ZonaResidenciaVS.html"/></extension><nameUrl value="ValueSet-ZonaResidenciaVS.html"/><title value="Zona de residencia"/><generation value="generated"/></page><page><extension url="http://hl7.org/fhir/tools/StructureDefinition/ig-page-name"><valueUrl value="CodeSystem-PaisesCS.html"/></extension><nameUrl value="CodeSystem-PaisesCS.html"/><title value="Códigos del País CS"/><generation value="generated"/></page><page><extension url="http://hl7.org/fhir/tools/StructureDefinition/ig-page-name"><valueUrl value="CodeSystem-DiscapacidadCS.html"/></extension><nameUrl value="CodeSystem-DiscapacidadCS.html"/><title value="Discapacidad"/><generation value="generated"/></page><page><extension url="http://hl7.org/fhir/tools/StructureDefinition/ig-page-name"><valueUrl value="CodeSystem-EtniaCS.html"/></extension><nameUrl value="CodeSystem-EtniaCS.html"/><title value="Etnia"/><generation value="generated"/></page><page><extension url="http://hl7.org/fhir/tools/StructureDefinition/ig-page-name"><valueUrl value="CodeSystem-IdentidadGeneroCS.html"/></extension><nameUrl value="CodeSystem-IdentidadGeneroCS.html"/><title value="Identidad de genero"/><generation value="generated"/></page><page><extension url="http://hl7.org/fhir/tools/StructureDefinition/ig-page-name"><valueUrl value="CodeSystem-IdspersonaColombia.html"/></extension><nameUrl value="CodeSystem-IdspersonaColombia.html"/><title value="Identificadores de Persona"/><generation value="generated"/></page><page><extension url="http://hl7.org/fhir/tools/StructureDefinition/ig-page-name"><valueUrl value="CodeSystem-AlergiasCS.html"/></extension><nameUrl value="CodeSystem-AlergiasCS.html"/><title value="Tipo Alergia"/><generation value="generated"/></page><page><extension url="http://hl7.org/fhir/tools/StructureDefinition/ig-page-name"><valueUrl value="CodeSystem-ZonaResidenciaCS.html"/></extension><nameUrl value="CodeSystem-ZonaResidenciaCS.html"/><title value="Zona de residencia"/><generation value="generated"/></page><page><extension url="http://hl7.org/fhir/tools/StructureDefinition/ig-page-name"><valueUrl value="AllergyIntolerance-AlergiaColombia.html"/></extension><nameUrl value="AllergyIntolerance-AlergiaColombia.html"/><title value="AlergiaColombia"/><generation value="generated"/></page><page><extension url="http://hl7.org/fhir/tools/StructureDefinition/ig-page-name"><valueUrl value="AllergyIntolerance-AlergiaColombia2.html"/></extension><nameUrl value="AllergyIntolerance-AlergiaColombia2.html"/><title value="AlergiaColombia2"/><generation value="generated"/></page><page><extension url="http://hl7.org/fhir/tools/StructureDefinition/ig-page-name"><valueUrl value="AllergyIntolerance-AlergiaColombia3.html"/></extension><nameUrl value="AllergyIntolerance-AlergiaColombia3.html"/><title value="AlergiaColombia3"/><generation value="generated"/></page><page><extension url="http://hl7.org/fhir/tools/StructureDefinition/ig-page-name"><valueUrl value="Bundle-BundleColombiaCo.html"/></extension><nameUrl value="Bundle-BundleColombiaCo.html"/><title value="Bundle Colombiano"/><generation value="generated"/></page><page><extension url="http://hl7.org/fhir/tools/StructureDefinition/ig-page-name"><valueUrl value="Bundle-BundleColombiaCo2.html"/></extension><nameUrl value="Bundle-BundleColombiaCo2.html"/><title value="Bundle Colombiano2"/><generation value="generated"/></page><page><extension url="http://hl7.org/fhir/tools/StructureDefinition/ig-page-name"><valueUrl value="Condition-ConditionColombia.html"/></extension><nameUrl value="Condition-ConditionColombia.html"/><title value="ConditionColombia"/><generation value="generated"/></page><page><extension url="http://hl7.org/fhir/tools/StructureDefinition/ig-page-name"><valueUrl value="Condition-ConditionColombia2.html"/></extension><nameUrl value="Condition-ConditionColombia2.html"/><title value="ConditionColombia2"/><generation value="generated"/></page><page><extension url="http://hl7.org/fhir/tools/StructureDefinition/ig-page-name"><valueUrl value="DocumentReference-DocumentReferenceColombia.html"/></extension><nameUrl value="DocumentReference-DocumentReferenceColombia.html"/><title value="DocumentReferenceColombia"/><generation value="generated"/></page><page><extension url="http://hl7.org/fhir/tools/StructureDefinition/ig-page-name"><valueUrl value="DocumentReference-DocumentReferenceColombia2.html"/></extension><nameUrl value="DocumentReference-DocumentReferenceColombia2.html"/><title value="DocumentReferenceColombia2"/><generation value="generated"/></page><page><extension url="http://hl7.org/fhir/tools/StructureDefinition/ig-page-name"><valueUrl value="MedicationStatement-MedicationStatementColombia.html"/></extension><nameUrl value="MedicationStatement-MedicationStatementColombia.html"/><title value="MedicationStatementColombia"/><generation value="generated"/></page><page><extension url="http://hl7.org/fhir/tools/StructureDefinition/ig-page-name"><valueUrl value="MedicationStatement-MedicationStatementColombia2.html"/></extension><nameUrl value="MedicationStatement-MedicationStatementColombia2.html"/><title value="MedicationStatementColombia2"/><generation value="generated"/></page><page><extension url="http://hl7.org/fhir/tools/StructureDefinition/ig-page-name"><valueUrl value="Organization-OrganizacionPrestadorEjemplo2.html"/></extension><nameUrl value="Organization-OrganizacionPrestadorEjemplo2.html"/><title value="Organización Prestadora de Salud"/><generation value="generated"/></page><page><extension url="http://hl7.org/fhir/tools/StructureDefinition/ig-page-name"><valueUrl value="Organization-OrganizacionRegionEjemplo.html"/></extension><nameUrl value="Organization-OrganizacionRegionEjemplo.html"/><title value="Organización Región"/><generation value="generated"/></page><page><extension url="http://hl7.org/fhir/tools/StructureDefinition/ig-page-name"><valueUrl value="Patient-PacienteColombiano.html"/></extension><nameUrl value="Patient-PacienteColombiano.html"/><title value="PacienteColombiano"/><generation value="generated"/></page><page><extension url="http://hl7.org/fhir/tools/StructureDefinition/ig-page-name"><valueUrl value="Patient-PacienteColombianoCompleto.html"/></extension><nameUrl value="Patient-PacienteColombianoCompleto.html"/><title value="PacienteColombianoCompleto"/><generation value="generated"/></page><page><extension url="http://hl7.org/fhir/tools/StructureDefinition/ig-page-name"><valueUrl value="Patient-PacienteColombianoMinimo.html"/></extension><nameUrl value="Patient-PacienteColombianoMinimo.html"/><title value="PacienteColombianoMinimo"/><generation value="generated"/></page><page><extension url="http://hl7.org/fhir/tools/StructureDefinition/ig-page-name"><valueUrl value="Practitioner-ProfesionalColombia.html"/></extension><nameUrl value="Practitioner-ProfesionalColombia.html"/><title value="ProfesionalColombia"/><generation value="generated"/></page><page><extension url="http://hl7.org/fhir/tools/StructureDefinition/ig-page-name"><valueUrl value="Practitioner-ProfesionalColombia2.html"/></extension><nameUrl value="Practitioner-ProfesionalColombia2.html"/><title value="ProfesionalColombia2"/><generation value="generated"/></page><page><extension url="http://hl7.org/fhir/tools/StructureDefinition/ig-page-name"><valueUrl value="Composition-CompositionColombia.html"/></extension><nameUrl value="Composition-CompositionColombia.html"/><title value="Resumen de Paciente Colombia"/><generation value="generated"/></page><page><extension url="http://hl7.org/fhir/tools/StructureDefinition/ig-page-name"><valueUrl value="Composition-CompositionColombia2.html"/></extension><nameUrl value="Composition-CompositionColombia2.html"/><title value="Resumen de Paciente Colombia"/><generation value="generated"/></page></page></page><parameter><code value="path-resource"/><value value="input/capabilities"/></parameter><parameter><code value="path-resource"/><value value="input/examples"/></parameter><parameter><code value="path-resource"/><value value="input/extensions"/></parameter><parameter><code value="path-resource"/><value value="input/models"/></parameter><parameter><code value="path-resource"/><value value="input/operations"/></parameter><parameter><code value="path-resource"/><value value="input/profiles"/></parameter><parameter><code value="path-resource"/><value value="input/resources"/></parameter><parameter><code value="path-resource"/><value value="input/vocabulary"/></parameter><parameter><code value="path-resource"/><value value="input/maps"/></parameter><parameter><code value="path-resource"/><value value="input/testing"/></parameter><parameter><code value="path-resource"/><value value="input/history"/></parameter><parameter><code value="path-resource"/><value value="fsh-generated/resources"/></parameter><parameter><code value="path-pages"/><value value="template/config"/></parameter><parameter><code value="path-pages"/><value value="input/images"/></parameter><parameter><code value="path-tx-cache"/><value value="input-cache/txcache"/></parameter></definition></ImplementationGuide>