<?xml version="1.0" encoding="UTF-8"?><ValueSet xmlns="http://hl7.org/fhir"><id value="IUMVS"/><text><status value="generated"/><div xmlns="http://www.w3.org/1999/xhtml"><p class="res-header-id"><b>Generated Narrative: ValueSet IUMVS</b></p><a name="IUMVS"> </a><a name="hcIUMVS"> </a><a name="IUMVS-es-CO"> </a><ul><li>Include all codes defined in <code>https://www.minsalud.gov.co/CodeSystem/IUM</code></li></ul></div></text><url value="https://www.minsalud.gov.co/ihc/fhir/ValueSet/IUMVS"/><version value="0.4.3"/><name value="IUMVS"/><title value="Codificacion IUM"/><status value="active"/><experimental value="false"/><date value="2023-01-01T00:00:00-05:00"/><publisher value="MSP Colombia"/><contact><name value="MSP Colombia"/><telecom><system value="url"/><value value="https://www.minsalud.gov.co/"/></telecom></contact><description value="Conjunto de Valores de Codificacion IUM"/><jurisdiction><coding><system value="urn:iso:std:iso:3166"/><code value="CO"/><display value="Colombia"/></coding></jurisdiction><compose><include><system value="https://www.minsalud.gov.co/CodeSystem/IUM"/></include></compose></ValueSet>