<?xml version="1.0" encoding="UTF-8"?><ValueSet xmlns="http://hl7.org/fhir"><id value="IdentificadoresProfesionalVS"/><text><status value="extensions"/><div xmlns="http://www.w3.org/1999/xhtml"><p class="res-header-id"><b>Generated Narrative: ValueSet IdentificadoresProfesionalVS</b></p><a name="IdentificadoresProfesionalVS"> </a><a name="hcIdentificadoresProfesionalVS"> </a><a name="IdentificadoresProfesionalVS-es-CO"> </a><ul><li>Include these codes as defined in <a href="CodeSystem-IdspersonaColombia.html"><code>https://www.minsalud.gov.co/ihc/fhir/CodeSystem/IdspersonaColombia</code></a><table class="none"><tr><td style="white-space:nowrap"><b>Code</b></td><td><b>Display</b></td><td><b>Definition</b></td></tr><tr><td><a href="CodeSystem-IdspersonaColombia.html#IdspersonaColombia-CC">CC</a></td><td>Cédula ciudadanía</td><td>Cédula ciudadanía del paciente.</td></tr><tr><td><a href="CodeSystem-IdspersonaColombia.html#IdspersonaColombia-CE">CE</a></td><td>Cédula de extranjería</td><td>Cédula de extranjería</td></tr><tr><td><a href="CodeSystem-IdspersonaColombia.html#IdspersonaColombia-PA">PA</a></td><td>Pasaporte</td><td>Pasaporte</td></tr><tr><td><a href="CodeSystem-IdspersonaColombia.html#IdspersonaColombia-PE">PE</a></td><td>Permiso Especial de Permanencia</td><td>Permiso Especial de Permanencia</td></tr><tr><td><a href="CodeSystem-IdspersonaColombia.html#IdspersonaColombia-TI">TI</a></td><td>Tarjeta de identidad</td><td>Tarjeta de identidad</td></tr></table></li></ul></div></text><url value="https://www.minsalud.gov.co/ihc/fhir/ValueSet/IdentificadoresProfesionalVS"/><version value="0.4.3"/><name value="IdentificadoresProfesionalVS"/><title value="Identificadores de Profesional"/><status value="active"/><experimental value="false"/><date value="2023-01-01T00:00:00-05:00"/><publisher value="MSP Colombia"/><contact><name value="MSP Colombia"/><telecom><system value="url"/><value value="https://www.minsalud.gov.co/"/></telecom></contact><description value="Identificadores de Profesional Colombia."/><jurisdiction><coding><system value="urn:iso:std:iso:3166"/><code value="CO"/><display value="Colombia"/></coding></jurisdiction><compose><include><system value="https://www.minsalud.gov.co/ihc/fhir/CodeSystem/IdspersonaColombia"/><concept><code value="CC"/><display value="Cédula ciudadanía"/></concept><concept><code value="CE"/><display value="Cédula de extranjería"/></concept><concept><code value="PA"/><display value="Pasaporte"/></concept><concept><code value="PE"/><display value="Permiso Especial de Permanencia"/></concept><concept><code value="TI"/><display value="Tarjeta de identidad"/></concept></include></compose></ValueSet>